Model Name;Page;Key;Parts No.;Parts Name;Destinations;Class;Quantity;Ship Unit;PMN No.
AccurioPress C4080;1;1;A50U162701;Reinforce  Plate;;D;1;1;KOM250668E0
AccurioPress C4080;1;1;AC57162700;Reinforce  Plate;;D;1;1;KOM250668E0
AccurioPress C4080;1;2;A50U162900;Reinforce  Plate  /2;;D;1;1;KOM250668E0
AccurioPress C4080;1;3;AC57162001;Cover /Right;;D;1;1;
AccurioPress C4080;1;4;AC57162101;Protection Cover /1;;D;1;1;KOM242416E0
AccurioPress C4080;1;5;AC57162201;Cover /Right;;D;1;1;
AccurioPress C4080;1;6;A9VE162500;Protection  Cover  /Lower;;D;1;1;
AccurioPress C4080;1;7;A9VE162800;Bypass  Cover;;D;1;1;
AccurioPress C4080;1;8;A9VE163200;Protection  Cover;;D;1;1;
AccurioPress C4080;1;9;AC57162600;Cover;;D;1;1;
AccurioPress C4080;1;10;1154467001;PROTECTION;;C;1;10;KOM241571E0
AccurioPress C4080;1;a;V114040604;Screw;;V;;100;
AccurioPress C4080;1;b;V114041004;screw;;V;;100;
AccurioPress C4080;1;c;V121031004;screw;;V;;100;
AccurioPress C4080;1;d;V127030604;Screw;;V;;100;
AccurioPress C4080;1;e;V211040080;washer;;V;;100;
AccurioPress C4080;2;1;40AA30270;DEVELOPING SPACER;;C;1;1;
AccurioPress C4080;2;2;55VA90840;MAIN EARTH WIRE;;D;1;1;
AccurioPress C4080;2;3;56AA12241;EXTERNAL LOCK PLATE;;D;1;1;
AccurioPress C4080;2;4;A50U160500;Fixing  Plate;;D;1;1;
AccurioPress C4080;2;5;A50U161502;Reinforce  Door  /Right;;D;1;1;
AccurioPress C4080;2;6;AC57161600;Cover Duct /Front;;D;1;1;
AccurioPress C4080;2;7;A50U161700;Sealing  Cushion  /1;;D;1;5;
AccurioPress C4080;2;8;AC57161800;Seal;;D;2;5;
AccurioPress C4080;2;9;A50U164100;Detecting  Actuator;;D;1;1;
AccurioPress C4080;2;10;A50U164200;Detecting  Part;;D;1;1;
AccurioPress C4080;2;11;A50U164901;Suction Dust-proof Filter;;A;1;1;
AccurioPress C4080;2;12;A50U165500;Reinforce  Hinge;;D;1;1;
AccurioPress C4080;2;13;A50U165600;Sealing  Cushion  /2;;D;1;5;
AccurioPress C4080;2;14;A50U166100;Hinge  /Lower;;D;1;1;
AccurioPress C4080;2;15;A50U166200;Support  Shaft  /Lower;;D;1;1;
AccurioPress C4080;2;16;A50U167201;Lock  Cover;;D;1;1;
AccurioPress C4080;2;17;A50U167500;Lock  Plate;;D;1;5;
AccurioPress C4080;2;18;A50U167601;Detecting  Part;;D;1;1;
AccurioPress C4080;2;19;A50U169900;Reinforce  Wire;;D;1;1;
AccurioPress C4080;2;20;A50U863100;Sheet;;D;1;1;KOM210682E0
AccurioPress C4080;2;21;A50U945601;Operation  Label;;D;1;1;
AccurioPress C4080;2;22;A50U946503;Operation  Label  /A;;D;1;1;
AccurioPress C4080;2;23;A50UF16000;Left Door Support Plate / Upper Caulking;;D;1;1;
AccurioPress C4080;2;24;A50UF16101;Right Door Support Plate / Lower Caulkin;;D;1;1;
AccurioPress C4080;2;25;A50UF16201;Right Door Support Plate / Upper Caulkin;;D;1;1;
AccurioPress C4080;2;26;A50UF16301;Collection Box Door Support Plate / L;;D;1;1;
AccurioPress C4080;2;27;A50UF16400;Collection Box Door Support Plate / Uppe;;D;1;1;
AccurioPress C4080;2;28;AC57160100;Door /Front;;D;1;1;
AccurioPress C4080;2;29;A9VE160300;Toner supply  Door;;D;1;1;
AccurioPress C4080;2;30;A9VE160600;Collection  Door;;D;1;1;
AccurioPress C4080;2;31;A9VE164800;Toner supply  Duct;;D;1;1;
AccurioPress C4080;2;32;A9VE944901;Toner supply  Label;;D;1;1;
AccurioPress C4080;2;33;A5AW162000;Indicating Plate;;C;1;1;
AccurioPress C4080;2;34;A9JT944200;Label /KONICA MINOLTA;;D;1;1;
AccurioPress C4080;2;35;AC57174100;Seal;;D;1;5;
AccurioPress C4080;2;36;AC57174200;Seal;;D;1;5;
AccurioPress C4080;2;37;AC57174400;Mounting Part;;D;1;1;
AccurioPress C4080;2;a;V127030604;Screw;;V;;100;
AccurioPress C4080;2;b;V127040603;Screw;;V;;100;
AccurioPress C4080;2;c;V158030803;Screw;;V;;100;
AccurioPress C4080;2;d;V158030804;screw;;V;;100;
AccurioPress C4080;2;e;V158031003;screw;;V;;100;
AccurioPress C4080;2;f;V234201450;Pin;;V;;100;
AccurioPress C4080;2;g;V126030603;Screw;;V;;100;
AccurioPress C4080;3;1;A1DU163402;Protection  Cover;;D;1;1;
AccurioPress C4080;3;2;AC57161002;Cover Part;;D;1;1;KOM251115E0
AccurioPress C4080;3;3;A9VE162400;Cover  Part  /Inside;;D;1;1;
AccurioPress C4080;3;4;A9VE163900;Replacement  Cover;;D;1;1;
AccurioPress C4080;3;5;A50U175001;Reinforce  Plate;;D;1;1;
AccurioPress C4080;3;6;A9VE168800;Click Cover;;D;6;5;
AccurioPress C4080;3;7;A161940602;Label;;D;1;5;KOM221500E1
AccurioPress C4080;3;8;A9VE161400;Read  Cover  /Right;;D;1;1;
AccurioPress C4080;3;9;A55D941100;Caution  Label;;D;1;1;KOM221500E1
AccurioPress C4080;3;10;A795167800;Read  Cover  /Upper;;C;1;1;
AccurioPress C4080;3;11;A9JT170601;Read  Cover;;D;1;1;
AccurioPress C4080;3;12;A9VE161100;Cover  Plate  /Left;;D;1;1;
AccurioPress C4080;3;13;A9VE161200;Read  Cover  /Rear;;D;1;1;
AccurioPress C4080;3;14;A9VE161301;Read  Cover  /Right rear;;D;1;1;
AccurioPress C4080;3;15;AC57942101;Label  /A;;D;1;1;KOM231314E0
AccurioPress C4080;3;a;V114040604;Screw;;V;;100;
AccurioPress C4080;3;b;V114041004;screw;;V;;100;
AccurioPress C4080;3;c;V121040604;screw;;V;;100;
AccurioPress C4080;3;d;V127040603;Screw;;V;;100;
AccurioPress C4080;3;e;V158030803;Screw;;V;;100;
AccurioPress C4080;3;f;V114040804;screw;;V;;1;
AccurioPress C4080;3;g;V116030804;Screw;;V;;100;
AccurioPress C4080;4;1;A00J945401;Label Dehumidifier SW.;;C;1;5;
AccurioPress C4080;4;2;A50U163700;Mounting  Plate  /Upper;;D;1;1;
AccurioPress C4080;4;3;A50U167801;Holding  Part;;D;3;5;
AccurioPress C4080;4;4;A9JT942401;Caution  Label;C,I;D;1;1;
AccurioPress C4080;4;5;A9VE162300;Paper exit Cover /2;;D;1;1;
AccurioPress C4080;4;6;AC57163002;Paper exit Cover /Left;;D;1;1;KOM251063E0
AccurioPress C4080;4;7;AC57163501;Protection Cover /1;;D;1;1;KOM251063E0
AccurioPress C4080;4;8;A9VE163601;Cover /Rear;;D;1;1;KOM251063E0
AccurioPress C4080;4;9;A9VE163801;Entrance Plate;;D;1;1;KOM251063E0
AccurioPress C4080;4;10;A9VE169500;Cover /A;;D;1;1;KOM220064E0
AccurioPress C4080;4;11;A9VE942600;Caution  Label;;D;1;1;
AccurioPress C4080;4;12;A9VE942301;Caution  Label;;D;1;1;
AccurioPress C4080;4;13;AC57163101;Cover;;D;1;1;KOM251063E0
AccurioPress C4080;4;a;V114040604;Screw;;V;;100;
AccurioPress C4080;4;b;V127030604;Screw;;V;;100;
AccurioPress C4080;4;c;V158030804;screw;;V;;100;
AccurioPress C4080;5;1;A93EM10600;Fan motor;;C;4;1;
AccurioPress C4080;5;2;65AA11300;Support Part;;D;1;1;
AccurioPress C4080;5;3;65AA11430;FAN SEALING PART 3;;C;1;1;
AccurioPress C4080;5;4;A034M50000;Humidity sensor;;C;1;1;KOM210385E7
AccurioPress C4080;5;4;A0P0M50400;Humidity sensor;;C;1;1;KOM210385E7
AccurioPress C4080;5;5;AC57M15800;Cooling Fan;;C;1;1;
AccurioPress C4080;5;6;A0G6411200;Magnet /X;;D;2;1;
AccurioPress C4080;5;7;A4EUM60000;Power source  Switch;;C;1;1;
AccurioPress C4080;5;8;A50U102900;Mounting  Plate;;D;1;1;
AccurioPress C4080;5;9;A50U120600;Fixing  Plate;;D;1;5;
AccurioPress C4080;5;10;AC57121000;Duct;;D;1;1;
AccurioPress C4080;5;11;A50U121300;Cooling  Seal  /Front;;D;3;5;
AccurioPress C4080;5;12;AC57121600;Duct;(S/No.AC57xxx010001-);D;1;1;KOM210156E0
AccurioPress C4080;5;12;AC57121400;Duct  /2;(S/No.AC57xxx020001-);D;1;1;KOM210156E0
AccurioPress C4080;5;13;A50U122103;Cooling  Duct;;D;1;1;
AccurioPress C4080;5;14;A50U949600;Replacement  Label;;D;2;5;
AccurioPress C4080;5;15;A50U123800;Cover;(S/No.AC57xxx010001-);D;1;1;KOM210156E0
AccurioPress C4080;5;15;AC57123800;Cover;(S/No.AC57xxx020001-);D;1;1;KOM210156E0
AccurioPress C4080;5;16;A50U124100;Duct;;D;1;1;
AccurioPress C4080;5;17;A50U124900;Cover  Sheet;;D;1;5;
AccurioPress C4080;5;18;A50UF12000;Fusing Front Cooling Duct Support Shaft;;D;1;1;
AccurioPress C4080;5;19;A50U125901;Fixing  Screw;;D;1;1;
AccurioPress C4080;5;20;A50U126501;Mounting Plate;;D;1;1;KOM250023E0
AccurioPress C4080;5;21;A50U126600;Mounting  Plate;;D;1;1;
AccurioPress C4080;5;22;A50U127401;Mounting  Plate;;D;1;1;
AccurioPress C4080;5;23;A50U127901;Cover;;D;1;1;
AccurioPress C4080;5;24;A50U164000;Cooling  Seal  /1;;D;3;5;
AccurioPress C4080;5;25;A50U167901;Cooling  Cover;;D;1;1;
AccurioPress C4080;5;26;A50U172100;PH Dust-proof Filter;;B;1;1;
AccurioPress C4080;5;27;A50U172200;Deve. Dust-proof Filter/1;;B;1;1;
AccurioPress C4080;5;28;A50UM60300;Power source   Switch;;C;1;1;
AccurioPress C4080;5;29;A50U172300;Deve. Dust-proof Filter/2;;B;1;1;
AccurioPress C4080;5;30;A50U179501;Protection Sheet;;D;1;5;KOM251115E0
AccurioPress C4080;5;31;A50UN12602;Cooling  Relay harness  /1;;D;1;1;
AccurioPress C4080;5;32;AC57121100;Filter;;A;1;1;
AccurioPress C4080;5;33;A50U944302;Processing Label /2;;D;1;1;
AccurioPress C4080;5;34;AC57R75200;Fusing Front Cooling Duct Assy;(S/No.AC57xxx020001-);C;1;1;KOM210156E0
AccurioPress C4080;5;a;V116030803;Screw;;V;;100;
AccurioPress C4080;5;b;V118033503;Screw;;V;;100;
AccurioPress C4080;5;c;V126030603;Screw;;V;;100;
AccurioPress C4080;5;d;V127030604;Screw;;V;;100;
AccurioPress C4080;5;e;V151030803;Screw;;V;;100;
AccurioPress C4080;5;f;V158030803;Screw;;V;;100;
AccurioPress C4080;5;g;V217060003;E-ring;;V;;100;
AccurioPress C4080;5;h;V500020098;Mini Locking wire saddle;;D;;5;
AccurioPress C4080;5;k;V570010056;Locking Edge Saddle;;D;;5;
AccurioPress C4080;5;m;V500010076;Locking Wire Saddle;;V;;1;
AccurioPress C4080;5;n;V500010081;Locking Wire Saddle;;D;;5;
AccurioPress C4080;5;p;V570010039;bushing;;D;;1;
AccurioPress C4080;5;q;V570010040;bushing;;D;;1;
AccurioPress C4080;5;r;V570010057;Wing Edge Saddle;;D;;5;
AccurioPress C4080;5;s;V500010082;Locking Wire Saddle;;D;;5;
AccurioPress C4080;5;t;V570010037;bushing;;D;;1;
AccurioPress C4080;6;1;A50U109101;Writing  Cover;;D;3;5;
AccurioPress C4080;6;2;A50U123200;Ozone  Cover;;D;3;5;
AccurioPress C4080;6;3;A50U123300;Suction  Seal;;D;1;5;
AccurioPress C4080;6;4;A50U123400;Duct  /Cyan;;D;3;1;
AccurioPress C4080;6;5;A50U123500;Duct;;D;1;1;
AccurioPress C4080;6;6;A50U123600;Suction  Cover;;D;1;5;
AccurioPress C4080;6;7;A50U123900;Suction  Seal;;D;3;5;
AccurioPress C4080;6;8;A50U124000;Suction  Seal;;D;1;5;
AccurioPress C4080;6;9;A50U126200;Duct;;D;1;1;
AccurioPress C4080;6;10;A50U126800;Sheet  /1;;D;1;5;
AccurioPress C4080;6;11;A50U127201;Suction  Seal  /Rear;;D;4;5;
AccurioPress C4080;6;12;A50U127300;Suction  Duct;;D;1;1;
AccurioPress C4080;6;13;A50U127500;Seal;;D;4;5;
AccurioPress C4080;6;14;A50U127800;Seal;;D;1;5;
AccurioPress C4080;6;15;A50U128000;Sheet  /2;;D;4;5;
AccurioPress C4080;6;16;A50U128700;Duct  /1;;D;4;1;
AccurioPress C4080;6;17;A50U341800;Pressing  Spring  /D;;D;8;5;
AccurioPress C4080;6;18;A50U342200;Pressing  Pedestal;;D;8;5;
AccurioPress C4080;6;19;A50U342400;Charge Pressing Block;;D;8;5;
AccurioPress C4080;6;a;V127030604;Screw;;V;;100;
AccurioPress C4080;7;1;4038351102;SHOULDER SCREW;;C;2;5;
AccurioPress C4080;7;2;26NA82513;Paper Feed Solenoid;;B;1;1;
AccurioPress C4080;7;3;40AA32320;Toner Supply Spacer;;C;1;10;
AccurioPress C4080;7;4;A1DU111101;Connecting  Plate  /F;;D;2;1;
AccurioPress C4080;7;5;A1DU764000;Spring;;D;2;5;
AccurioPress C4080;7;6;A50U102801;Mounting  Stay  /Middle;;D;1;1;
AccurioPress C4080;7;7;A50U103602;Mounting  Plate  /Rear;;D;1;1;
AccurioPress C4080;7;8;A50U104901;Inner partition;;D;1;1;
AccurioPress C4080;7;9;A50U106800;Mounting  Shaft  /Inside;;D;2;1;
AccurioPress C4080;7;10;A50U108900;Receiving  Part  /1;;D;4;5;
AccurioPress C4080;7;11;AC57133200;Mounting Plate /Upper;;D;1;1;
AccurioPress C4080;7;12;A50U508301;Solenoid Release Spring;;D;1;5;
AccurioPress C4080;7;13;A50U509300;Separating  Cam;;D;1;1;
AccurioPress C4080;7;14;A50U510400;Cover;;D;1;1;
AccurioPress C4080;7;15;A50U731700;Insulating  Seal  /1;;D;1;5;
AccurioPress C4080;7;16;A50U731900;Lifting  Spacer  /1;;D;2;5;
AccurioPress C4080;7;17;A50U737800;Protection  Sheet  /1;;D;1;5;
AccurioPress C4080;7;18;A50U738001;Shutter;;D;1;1;
AccurioPress C4080;7;19;A50U738100;Cushion;;D;3;5;
AccurioPress C4080;7;20;A50U739000;Mounting  Plate;;D;1;1;
AccurioPress C4080;7;21;A50UF50700;Mounting Stay Caulking;;D;1;1;
AccurioPress C4080;7;22;AC57M15300;Cooling Fan;;C;1;1;
AccurioPress C4080;7;23;A5AWM15101;Cooling Fan;;B;3;1;
AccurioPress C4080;7;24;A85CN12800;Fixing   Relay harness   /2;;D;1;1;
AccurioPress C4080;7;25;A9VP735100;Auxiliary  Seal  /A;;D;6;5;KOM231854E1
AccurioPress C4080;7;26;A9VP735200;Auxiliary  Seal  /B;;D;6;5;KOM231854E1
AccurioPress C4080;7;a;V116030803;Screw;;V;;100;
AccurioPress C4080;7;b;V116031003;Screw;;V;;100;
AccurioPress C4080;7;c;V118030303;screw;;V;;100;
AccurioPress C4080;7;d;V118033003;Screw;;V;;100;
AccurioPress C4080;7;e;V127030604;Screw;;V;;100;
AccurioPress C4080;7;f;V127040603;Screw;;V;;100;
AccurioPress C4080;7;g;V146040804;Screw;;V;;100;
AccurioPress C4080;7;h;V217040003;E-ring;;V;;100;
AccurioPress C4080;7;k;V500010074;FClamp;;V;;5;
AccurioPress C4080;7;m;V500010082;Locking Wire Saddle;;D;;5;
AccurioPress C4080;7;n;V500010084;Locking Wire Saddle;;D;;5;
AccurioPress C4080;7;p;V570010060;Wing Edge Saddle;;D;;5;
AccurioPress C4080;7;q;V500020098;Mini Locking wire saddle;;D;;5;
AccurioPress C4080;7;r;V500020099;Mini Locking wire saddle;;D;;5;
AccurioPress C4080;7;s;V570010037;bushing;;D;;1;
AccurioPress C4080;7;t;V570010056;Locking Edge Saddle;;D;;5;
AccurioPress C4080;7;u;V570010057;Wing Edge Saddle;;D;;5;
AccurioPress C4080;7;v;V570010059;Wing Edge Saddle;;D;;5;
AccurioPress C4080;8;1;56AA10301F;Slide Rail /A;;C;2;1;KOM251689E0
AccurioPress C4080;8;2;65AA509900;Mounting  Plate  /Left;;D;1;1;
AccurioPress C4080;8;3;A1RF815702;Slide  Rail  /Left;;D;1;1;
AccurioPress C4080;8;4;A50U103200;Reinforce  Rail;;D;1;1;
AccurioPress C4080;8;5;A50U103403;Fixing  Plate  /Left rear;;D;1;1;
AccurioPress C4080;8;6;A50U103500;Separating  Duct;;D;1;1;
AccurioPress C4080;8;7;A50U104700;Mounting  Plate;;D;1;1;
AccurioPress C4080;8;8;A50U105100;Support Plate /A;;D;1;1;
AccurioPress C4080;8;9;A50U105201;Support  Rail  /Front;;D;1;1;
AccurioPress C4080;8;10;A50U105600;Rail  /Rear;;D;1;1;
AccurioPress C4080;8;11;A50U107501;Sealing  Part  /Front;;D;1;5;
AccurioPress C4080;8;12;A50U107600;Sealing  Part  /Rear;;D;1;5;
AccurioPress C4080;8;13;A50U107801;Fan duct;;D;2;1;
AccurioPress C4080;8;14;A50U109400;Guide  Pin  /Left;;D;1;1;
AccurioPress C4080;8;15;A50U109900;Electric Comp. Cooling Filter;;B;1;1;
AccurioPress C4080;8;16;A50U120300;Fixing  Plate;;D;1;1;
AccurioPress C4080;8;17;A50U129200;Fixing  Plate;;D;1;1;
AccurioPress C4080;8;18;A50U342900;Protection  Cover;;D;2;1;
AccurioPress C4080;8;19;A50U832100;Reinforce  Rail  /A;;D;1;1;
AccurioPress C4080;8;20;A50U833000;Mounting  Collar  /1;;C;4;1;
AccurioPress C4080;8;21;A50U881500;Slide  Rail;;D;1;1;
AccurioPress C4080;8;22;A50UN15400;Drive harness  /F;;D;1;1;
AccurioPress C4080;8;23;A93EM10000;Fan motor;;C;2;1;
AccurioPress C4080;8;24;AC57120500;Seal /4;;D;2;5;
AccurioPress C4080;8;25;AC57175900;Seal;;D;1;5;
AccurioPress C4080;8;26;AC57340700;Mounting Rail;;D;1;1;
AccurioPress C4080;8;27;AC57M15800;Cooling Fan;;C;2;1;
AccurioPress C4080;8;28;AC57105900;Screw;;D;4;1;KOM251651E0
AccurioPress C4080;8;a;V118033003;Screw;;V;;100;
AccurioPress C4080;8;b;V118040604;screw;;V;;100;
AccurioPress C4080;8;c;V118040804;screw;;D;;100;
AccurioPress C4080;8;d;V118043003;Screw;;V;;100;
AccurioPress C4080;8;e;V118045503;Screw;;V;;100;
AccurioPress C4080;8;f;V121030403;Screw;;V;;100;
AccurioPress C4080;8;g;V121040803;Screw;;V;;100;
AccurioPress C4080;8;h;V126040603;Screw;;V;;100;
AccurioPress C4080;8;k;V127040603;Screw;;V;;100;
AccurioPress C4080;8;m;V127040803;Screw;;V;;100;
AccurioPress C4080;8;n;V146040804;Screw;;V;;100;
AccurioPress C4080;8;p;V226040050;CS-ring;;V;;5;
AccurioPress C4080;8;q;V500010082;Locking Wire Saddle;;D;;5;
AccurioPress C4080;8;r;V500010083;Locking Wire Saddle;;D;;5;
AccurioPress C4080;8;s;V500020122;Cord Keep;;D;;1;KOM251166E0
AccurioPress C4080;8;t;V500020098;Mini Locking wire saddle;;D;;5;
AccurioPress C4080;8;u;V570010059;Wing Edge Saddle;;D;;5;
AccurioPress C4080;8;v;V570010060;Wing Edge Saddle;;D;;5;
AccurioPress C4080;8;w;V127030604;Screw;;V;;100;
AccurioPress C4080;9;1;13NG45200;Conveyance Driven Roller;;C;2;1;
AccurioPress C4080;9;2;56AA10301F;Slide Rail /A;;C;2;1;KOM251689E0
AccurioPress C4080;9;3;A50U855200;Lifting  Base frame;;D;1;1;
AccurioPress C4080;9;4;65AA10470;Mounting Plate /4;;D;2;1;
AccurioPress C4080;9;5;65AA50400;Guide Shaft;;D;2;5;
AccurioPress C4080;9;6;A50U101602;Auxiliary  Plate  /Left;;D;1;1;KOM210373E0
AccurioPress C4080;9;7;A50U102704;Protection  Plate;;D;1;1;KOM210248E0
AccurioPress C4080;9;8;A50U104600;Mounting  Plate  /Front;;D;1;1;
AccurioPress C4080;9;9;A50U105800;Writing  Guide  /Front;;D;2;5;
AccurioPress C4080;9;10;A50U107000;Slide  Rail  /A;;D;2;1;
AccurioPress C4080;9;11;A50U107101;Hold  Plate  /Front;;D;1;1;
AccurioPress C4080;9;12;A50U136501;Cover;;D;5;5;
AccurioPress C4080;9;13;A50U314800;Receiving  Sheet;;D;2;5;
AccurioPress C4080;9;14;A50U363900;Collection  Guide;;D;1;1;
AccurioPress C4080;9;15;A50U366601;Regulating  Plate;;D;1;1;
AccurioPress C4080;9;16;A50U368000;Collection  Seal  /2;;D;1;1;
AccurioPress C4080;9;17;A50U624000;Lock  Claw;;D;1;5;
AccurioPress C4080;9;18;A50U624503;Support  Stay  /2;;D;2;1;
AccurioPress C4080;9;19;A50U624904;Support  Stay  /2;;D;2;1;
AccurioPress C4080;9;20;A9VE114600;Seal;;D;1;5;
AccurioPress C4080;9;a;V116030803;Screw;;V;;100;
AccurioPress C4080;9;b;V118040603;Screw;;V;;100;
AccurioPress C4080;9;c;V118040604;screw;;V;;100;
AccurioPress C4080;9;d;V126040603;Screw;;V;;100;
AccurioPress C4080;9;e;V127030604;Screw;;V;;100;
AccurioPress C4080;9;f;V127040603;Screw;;V;;100;
AccurioPress C4080;9;g;V146040804;Screw;;V;;100;
AccurioPress C4080;9;h;V217030003;E-ring;;V;;100;
AccurioPress C4080;9;k;V500020069;Clamp;;D;;5;
AccurioPress C4080;9;m;V500020085;Harness Lifter;;V;;1;
AccurioPress C4080;9;n;V500020092;Clamp;;V;;5;
AccurioPress C4080;9;p;V500020098;Mini Locking wire saddle;;D;;5;
AccurioPress C4080;9;q;V500020099;Mini Locking wire saddle;;D;;5;
AccurioPress C4080;9;r;V500010083;Locking Wire Saddle;;D;;5;
AccurioPress C4080;9;s;V570010040;bushing;;D;;1;
AccurioPress C4080;9;t;V570010056;Locking Edge Saddle;;D;;5;
AccurioPress C4080;9;u;V570010057;Wing Edge Saddle;;D;;5;
AccurioPress C4080;9;v;V570010059;Wing Edge Saddle;;D;;5;
AccurioPress C4080;9;w;V570010060;Wing Edge Saddle;;D;;5;
AccurioPress C4080;10;1;25AA10091F;Mainbody Fixing Stopper;;C;4;1;
AccurioPress C4080;10;2;A9VE110100;Castor  /A;;D;1;1;
AccurioPress C4080;10;3;A9VE110200;Castor  /B;;D;1;1;
AccurioPress C4080;10;4;56AA17630;ADJUSTING PART;;C;1;1;
AccurioPress C4080;10;5;56AA17640;ADJUSTING PART 2;;C;1;1;
AccurioPress C4080;10;6;AC57M15000;Cooling  Fan;;C;1;1;
AccurioPress C4080;10;7;A93EM10000;Fan motor;;C;1;1;
AccurioPress C4080;10;8;A50U103301;Support  Part  /Middle;;D;1;1;
AccurioPress C4080;10;9;A50U103801;Guide Part /Front;;D;3;1;KOM251131E0
AccurioPress C4080;10;10;A50U104401;Positioning  Shaft  /Front;;D;2;1;
AccurioPress C4080;10;11;A50U106300;Lock  Screw;;D;6;1;
AccurioPress C4080;10;12;A50U110000;Positioning  Shaft  /Upper;;D;1;1;
AccurioPress C4080;10;13;A4F3744400;Torque limiter;;C;1;1;
AccurioPress C4080;10;14;A9VE641700;Gear 15T;;C;1;1;
AccurioPress C4080;10;15;A50U624113;Lock  Part;;D;1;1;
AccurioPress C4080;10;16;A50U624300;Reinforce  Plate;;D;1;5;
AccurioPress C4080;10;17;A50U628001;Lock  Claw;;D;1;1;
AccurioPress C4080;10;18;A50U634200;Lock  Part;;D;1;5;
AccurioPress C4080;10;19;A50U640200;Mounting  Plate;;D;1;1;
AccurioPress C4080;10;20;A50U640400;Reinforce  Part;;D;1;1;
AccurioPress C4080;10;21;A9VE641600;Mounting Plate;;D;1;1;
AccurioPress C4080;10;22;A50U832201;Guide  Pin  /Right front;;D;1;1;
AccurioPress C4080;10;23;AC57N13601;Cooling Relay Harness /3;;D;1;1;
AccurioPress C4080;10;24;A85C102000;Adjusting  Part;;C;1;1;
AccurioPress C4080;10;a;V116030803;Screw;;V;;100;
AccurioPress C4080;10;b;V116040803;Screw;;V;;100;
AccurioPress C4080;10;c;V118033003;Screw;;V;;100;
AccurioPress C4080;10;d;V126030603;Screw;;V;;100;
AccurioPress C4080;10;e;V127030604;Screw;;V;;100;
AccurioPress C4080;10;f;V127040603;Screw;;V;;100;
AccurioPress C4080;10;g;V146040804;Screw;;V;;100;
AccurioPress C4080;10;h;V217080003;Ring;;V;;100;
AccurioPress C4080;10;k;V500010081;Locking Wire Saddle;;D;;5;
AccurioPress C4080;10;m;V500010083;Locking Wire Saddle;;D;;5;
AccurioPress C4080;10;n;V500020098;Mini Locking wire saddle;;D;;5;
AccurioPress C4080;10;p;V500020107;Locking wire saddle;;V;;1;
AccurioPress C4080;10;q;V500020101;Reuse spacing clamp;;V;;5;
AccurioPress C4080;10;r;V500020102;Reuse FPC clamp;;V;;5;
AccurioPress C4080;10;s;V570010037;bushing;;D;;1;
AccurioPress C4080;10;t;V570010038;bushing;;D;;1;
AccurioPress C4080;10;u;V570010040;bushing;;D;;1;
AccurioPress C4080;10;v;V570010056;Locking Edge Saddle;;D;;5;
AccurioPress C4080;10;w;V570010057;Wing Edge Saddle;;D;;5;
AccurioPress C4080;10;x;V221050050;G-ring;;V;;100;
AccurioPress C4080;10;y;V234200850;Pin;;V;;100;
AccurioPress C4080;10;z;V500010071;Locking Wire Saddle;;V;;5;
AccurioPress C4080;11;1;65AA10190;FAN SEALING PART 1;;C;1;1;
AccurioPress C4080;11;2;A03U118301;PFU Power supply Panel;;D;1;1;
AccurioPress C4080;11;3;A0Y5M15101;Suction  Fan motor;;C;1;1;
AccurioPress C4080;11;4;A50U106502;Fusing  Plate;;D;1;1;
AccurioPress C4080;11;5;A50U106600;Fusing  Plate  /B;;D;1;1;
AccurioPress C4080;11;6;A50U106700;Swing  Shaft;;D;3;1;
AccurioPress C4080;11;7;A50U108001;Protection  Plate  /P;;D;1;1;
AccurioPress C4080;11;8;A50U108200;Guide  Part  /Rear;;D;1;1;
AccurioPress C4080;11;9;A50U120900;Mounting  Frame  /2;;D;1;1;
AccurioPress C4080;11;10;A50U121800;Mounting  Frame  /Right Rear;;D;1;1;
AccurioPress C4080;11;11;A50U121900;Fixing  Plate  /1;;D;1;1;KOM250106E0
AccurioPress C4080;11;11;A50U121901;Fixing Plate /1;;D;1;1;KOM250106E0
AccurioPress C4080;11;12;A50U122900;Fusing  Duct  /4;;D;1;1;
AccurioPress C4080;11;13;A50U125000;Fusing  Duct  /2;;D;1;1;
AccurioPress C4080;11;14;A50U125101;Fusing  Duct  /1;;D;1;1;
AccurioPress C4080;11;15;A50U125500;Heat blocking  Plate;;D;1;1;
AccurioPress C4080;11;16;A50U125600;Suction  Duct  /Lower;;D;1;1;
AccurioPress C4080;11;17;A50U125800;Connecting  Duct;;D;1;1;KOM250106E0
AccurioPress C4080;11;17;A50U125801;Connecting Duct;;D;1;1;KOM250106E0
AccurioPress C4080;11;18;A50U126300;Cooling  Seal;;D;1;5;
AccurioPress C4080;11;19;A50U126400;Suction  Seal;;D;1;5;
AccurioPress C4080;11;20;A50U128801;Fusing  Duct  /3;;D;1;1;
AccurioPress C4080;11;21;A50U128900;Fusing  Duct  /5;;D;1;1;
AccurioPress C4080;11;22;A50U129100;Suction  Cover  /Lower;;D;1;1;
AccurioPress C4080;11;23;A50U129300;Fusing  Duct  /6;;D;1;1;
AccurioPress C4080;11;24;A50U129401;Fusing  Duct;;D;1;1;
AccurioPress C4080;11;25;A50U129801;Fusing  Duct  /7;;D;1;1;
AccurioPress C4080;11;26;AC57M15400;Cooling Fan;;C;1;1;
AccurioPress C4080;11;27;A50UR70A12;Filter Box;;B;1;1;
AccurioPress C4080;11;a;V116040803;Screw;;V;;100;
AccurioPress C4080;11;b;V118033503;Screw;;V;;100;
AccurioPress C4080;11;c;V127030604;Screw;;V;;100;
AccurioPress C4080;11;d;V127031203;Screw;;V;;100;
AccurioPress C4080;11;e;V127040603;Screw;;V;;100;
AccurioPress C4080;11;f;V151030803;Screw;;V;;100;
AccurioPress C4080;11;g;V500010071;Locking Wire Saddle;;V;;5;
AccurioPress C4080;11;h;V500010083;Locking Wire Saddle;;D;;5;
AccurioPress C4080;11;k;V500010085;Locking Wire Saddle;;D;;5;
AccurioPress C4080;11;m;V500020098;Mini Locking wire saddle;;D;;5;
AccurioPress C4080;11;n;V500020099;Mini Locking wire saddle;;D;;5;
AccurioPress C4080;11;p;V501010018;BAND;;D;;5;
AccurioPress C4080;11;q;V570010056;Locking Edge Saddle;;D;;5;
AccurioPress C4080;11;r;V500010084;Locking Wire Saddle;;D;;5;
AccurioPress C4080;11;s;V500020092;Clamp;;V;;5;
AccurioPress C4080;11;t;V127040803;Screw;;V;;100;
AccurioPress C4080;11;u;V121030403;Screw;;V;;100;
AccurioPress C4080;12;1;A50U104000;Support  Plate  /P;;D;1;1;
AccurioPress C4080;12;2;A50U122701;Suction  Cover  /Upper;;D;1;1;
AccurioPress C4080;12;3;A50U127000;Suction  Duct  /Upper;;D;1;1;
AccurioPress C4080;12;4;A50U314300;Seal  /4;;D;4;1;
AccurioPress C4080;12;5;A50U318500;Positioning  Pin  /Front;;D;4;1;
AccurioPress C4080;12;6;A50U318601;Positioning  Pin  /Rear;;D;4;1;
AccurioPress C4080;12;7;A50U318800;Stopper  Plate  /Black;;D;8;5;
AccurioPress C4080;12;8;AC57N27000;Polygon Relay Harness /1;;D;1;1;
AccurioPress C4080;12;9;A50UR70H00;PH Protection Glass Assy;;D;4;1;
AccurioPress C4080;12;a;V116040803;Screw;;V;;100;
AccurioPress C4080;12;b;V127030604;Screw;;V;;100;
AccurioPress C4080;12;c;V116030803;Screw;;V;;100;
AccurioPress C4080;12;d;V500010082;Locking Wire Saddle;;D;;5;
AccurioPress C4080;12;e;V570010060;Wing Edge Saddle;;D;;5;
AccurioPress C4080;13;1;A9VE110100;Castor  /A;;D;2;1;
AccurioPress C4080;13;2;A50U104300;Drive  Shaft;;D;5;1;
AccurioPress C4080;13;3;A50U104500;Positioning  Shaft  /Rear;;D;2;1;
AccurioPress C4080;13;4;A50U105000;Lock  Plate;;D;1;1;
AccurioPress C4080;13;5;A50U106300;Lock  Screw;;D;6;1;
AccurioPress C4080;13;6;A50U407300;Positioning  Shaft  /Rear;;D;2;1;
AccurioPress C4080;13;7;A50U811300;Guide Holder /Rear;;D;2;1;
AccurioPress C4080;13;8;A50U811500;Guide Holder /1;;D;2;5;
AccurioPress C4080;13;9;A50U813700;Ground  Plate;;D;2;5;
AccurioPress C4080;13;10;A50U817700;Guide  Pin  /Right rear;;D;2;1;
AccurioPress C4080;13;11;A50UR71U12;Terminal 1 Assy / HV;;C;4;1;KOM221018E1
AccurioPress C4080;13;12;A50UR71V01;Terminal 2 Assy / HV;;C;4;1;
AccurioPress C4080;13;13;A50UR71W01;Terminal 3 Assy / HV;;C;1;1;
AccurioPress C4080;13;a;V116030803;Screw;;V;;100;
AccurioPress C4080;13;b;V116040803;Screw;;V;;100;
AccurioPress C4080;13;c;V127030604;Screw;;V;;100;
AccurioPress C4080;13;d;V146040804;Screw;;V;;100;
AccurioPress C4080;14;1;A0P0M73100;Speaker;;D;1;1;
AccurioPress C4080;14;2;56UA70330;Ope. Unit Button /S;;C;1;1;
AccurioPress C4080;14;3;AC57193600;Indicating  Part  /1;;D;1;1;
AccurioPress C4080;14;4;A0G6192400;Holding Cushion /Upper;;C;2;5;
AccurioPress C4080;14;5;A0G6192500;Holding Cushion /Right;;C;2;5;
AccurioPress C4080;14;6;A0G6192700;Ground Plate /1;;D;2;1;
AccurioPress C4080;14;7;A0G6192900;Ground Plate /2;;D;2;1;
AccurioPress C4080;14;8;AC57193100;Operation  Button  /1;;D;1;1;
AccurioPress C4080;14;9;AC57193200;Operation  Button  /2;;D;1;1;
AccurioPress C4080;14;10;AC57193400;Operation  Button  /4;;D;1;1;
AccurioPress C4080;14;11;AC57193500;Operation  Button  /5;;D;1;5;
AccurioPress C4080;14;12;A0G6193700;Operation Button /7;;C;1;1;
AccurioPress C4080;14;13;AC57193800;Operation  Button  /10;;D;2;1;
AccurioPress C4080;14;14;AC57193900;Operation  Button  /8;;D;1;5;
AccurioPress C4080;14;15;A0G6194000;Operation Button /9;;C;1;1;
AccurioPress C4080;14;16;A0G6H06000;Operation Board /3 Assy;;C;1;1;
AccurioPress C4080;14;17;A9VEM75500;Ope. Unit  Touch Panel;;C;1;1;
AccurioPress C4080;14;18;A0G6N18400;Ope.Unit Control Harness /3;;D;1;1;
AccurioPress C4080;14;19;A1RFN28300;Ope.unit  Wiring  /1;;D;1;1;
AccurioPress C4080;14;20;A4EU190414;Operation Plate;;D;1;1;KOM221743E3
AccurioPress C4080;14;21;AC57194101;Operation  Knob  /1;;D;1;1;
AccurioPress C4080;14;22;A4EU194200;Fixing  Holder;;D;1;5;
AccurioPress C4080;14;23;A4EUM75800;Ope.unit   LCD;;C;1;1;KOM221743E3
AccurioPress C4080;14;23;A9VPM75800;Ope. Unit  LCD;;C;1;1;KOM221743E3
AccurioPress C4080;14;24;A4EUN28500;Ope.unit   Wiring   /4;;D;1;1;KOM221743E3
AccurioPress C4080;14;24;A9VPN28600;Ope. Unit  Harness  /4;;D;1;1;KOM221743E3
AccurioPress C4080;14;25;AC57190102;Operation  Cover  /Front;;D;1;1;
AccurioPress C4080;14;26;AC57190201;Operation  Cover  /Rear;;D;1;1;
AccurioPress C4080;14;27;AC57190301;Operation  Casing  /1;;D;1;1;
AccurioPress C4080;14;28;A799H04001;Operation Board /1 ASSY;;I;1;1;
AccurioPress C4080;14;29;A9VPR77700;Operation Unit;;I;1;1;KOM221743E3
AccurioPress C4080;14;30;AC57205001;Operation  Sheet;B,D1,D3,E,F2,G1,G2,I(Except South Africa);D;1;1;KOM210154E0
AccurioPress C4080;14;30;AC57205101;Operation Sheet;J;D;1;1;KOM210386E0
AccurioPress C4080;14;30;AC57205300;Operation  Sheet;K;D;1;1;
AccurioPress C4080;14;30;AC57205201;Operation  Sheet;H;D;1;1;
AccurioPress C4080;14;a;V114040604;Screw;;V;;100;
AccurioPress C4080;14;b;V116040603;Screw;;V;;100;
AccurioPress C4080;14;c;V118030404;screw;;V;;100;
AccurioPress C4080;14;d;V118030603;Screw;;V;;100;
AccurioPress C4080;14;e;V151030603;screw;;V;;100;
AccurioPress C4080;14;f;V151030803;Screw;;V;;100;
AccurioPress C4080;14;g;V151031003;Screw;;V;;100;
AccurioPress C4080;14;h;V500010082;Locking Wire Saddle;;D;;5;
AccurioPress C4080;14;k;V500020099;Mini Locking wire saddle;;D;;5;
AccurioPress C4080;14;m;V570010063;Locking Edge Saddle;;D;;5;
AccurioPress C4080;14;n;V500020069;Clamp;;D;;5;
AccurioPress C4080;15;1;A03U190900;Ope. unit Mounting Stay /1;;D;1;1;
AccurioPress C4080;15;2;A03U191400;Support Plate /Upper;;D;1;1;
AccurioPress C4080;15;3;A03U191500;Support Plate /Lower;;D;1;1;
AccurioPress C4080;15;4;A03U191600;Mounting Plate /T;;D;4;1;
AccurioPress C4080;15;5;A03U191700;Rotation Spring /T;;D;4;1;
AccurioPress C4080;15;6;A03U191800;Rotation Spacer /1;;D;8;5;
AccurioPress C4080;15;7;A03U191900;Rotation Spacer /2;;D;4;5;
AccurioPress C4080;15;8;A03U192000;Fixing Part /T;;D;2;5;
AccurioPress C4080;15;9;A03U192100;Fixing Shaft /U;;D;2;1;
AccurioPress C4080;15;10;A03U192200;Rotation Shaft /T;;D;2;1;
AccurioPress C4080;15;11;A03U193400;Operation Cover /E;;C;1;1;
AccurioPress C4080;15;12;A03U193600;Swing Cover /Lower;;C;1;1;
AccurioPress C4080;15;13;A03U193700;Swing Cover /Upper;;C;1;1;
AccurioPress C4080;15;14;AC57N29001;Ope. Unit Control Harness /1;;D;1;1;KOM221743E3
AccurioPress C4080;15;15;AC57N29100;Ope. Unit Control Harness /2;;D;1;1;
AccurioPress C4080;15;16;A9VE193300;Operation Cover /C;;D;1;1;
AccurioPress C4080;15;17;A9VE193500;Operation Cover /D;;D;1;1;
AccurioPress C4080;15;18;A9VE193800;Operation Cover /I;;D;1;1;
AccurioPress C4080;15;19;A9VE194000;Operation Cover /F;;D;1;1;
AccurioPress C4080;15;20;A9VE194100;Operation Cover /G;;D;1;1;
AccurioPress C4080;15;a;V114040604;Screw;;V;;100;
AccurioPress C4080;15;b;V121030603;Screw;;V;;100;
AccurioPress C4080;15;c;V121040603;Screw;;V;;100;
AccurioPress C4080;15;d;V127040803;Screw;;V;;100;
AccurioPress C4080;15;e;V158030803;Screw;;V;;100;
AccurioPress C4080;15;f;V188051604;screw;;V;;100;
AccurioPress C4080;15;g;V196080003;screw;;V;;100;
AccurioPress C4080;15;h;V207050003;washer;;V;;100;
AccurioPress C4080;16;1;65AA75010E;DRUM SUPPORT BEARING;;D;2;1;
AccurioPress C4080;16;2;A03U190500;Ope. unit Mounting Arm /Lower;;D;1;1;
AccurioPress C4080;16;3;A03U190600;Ope. unit Mounting Arm /Upper;;D;1;1;
AccurioPress C4080;16;4;A03U190700;Support Plate /1;;D;1;1;
AccurioPress C4080;16;5;A03U190802;Support Plate /2;;D;2;1;
AccurioPress C4080;16;6;A03U191100;Support Plate /3;;D;1;1;
AccurioPress C4080;16;7;A03U191201;Support Spring;;C;1;1;
AccurioPress C4080;16;8;A03U191301;Ope. unit Support Pipe;;D;1;1;KOM220051E0
AccurioPress C4080;16;9;A03U192300;Stopper Screw /A;;C;1;1;
AccurioPress C4080;16;10;A03U195302;REGULATING PLATE;;D;2;5;
AccurioPress C4080;16;11;A03U195400;Regulating Part;;D;2;5;
AccurioPress C4080;16;12;A03U195500;Rotation Stopper;;D;1;5;
AccurioPress C4080;16;13;A03UF19100;Main Body Attachment Caulking;;D;1;1;
AccurioPress C4080;16;14;A1DU190101;Installing  Plate;;D;1;1;
AccurioPress C4080;16;15;A1DUH11000;Relay Board/U ASSY;;C;1;1;
AccurioPress C4080;16;16;A9VE193100;Operation Cover /Upper;;D;1;1;
AccurioPress C4080;16;17;A9VE193200;Operation Cover /Lower;;D;1;1;
AccurioPress C4080;16;18;A9VE193900;Operation Cover /J;;D;1;1;
AccurioPress C4080;16;a;V114040604;Screw;;V;;100;
AccurioPress C4080;16;b;V116040803;Screw;;V;;100;
AccurioPress C4080;16;c;V121040603;Screw;;V;;100;
AccurioPress C4080;16;d;V127030603;Screw;;V;;100;
AccurioPress C4080;16;e;V127040603;Screw;;V;;100;
AccurioPress C4080;16;f;V158030803;Screw;;V;;100;
AccurioPress C4080;16;g;V121040603;Screw;;V;;100;KOM220794E0
AccurioPress C4080;16;h;V223300017;C-ring;;V;;10;
AccurioPress C4080;16;k;V500020100;Mini Locking wire saddle;;D;;5;
AccurioPress C4080;16;m;V500010083;Locking Wire Saddle;;D;;5;
AccurioPress C4080;17;1;A00J265300;Regulating Plate;;C;1;5;
AccurioPress C4080;17;2;A161268200;Holding  Plate;;D;1;5;
AccurioPress C4080;17;3;A161268300;Holding  Plate;;D;1;5;
AccurioPress C4080;17;4;A161278600;Cover;;D;1;1;
AccurioPress C4080;17;5;A161278900;Plate spring;;D;2;5;
AccurioPress C4080;17;6;AA2JN14500;CCD   Cable;;D;1;1;
AccurioPress C4080;17;7;AA2JR73200;Slit Glass ASSY;;C;1;1;
AccurioPress C4080;17;8;AA2JR73300;Original Glass ASSY;;C;1;1;
AccurioPress C4080;17;9;AA7NR72500;CCD Assy;;I;1;1;KOM210622E0
AccurioPress C4080;17;9;AA7NR72522;CCD Assy;;I;1;1;KOM241787E0
AccurioPress C4080;17;a;V116030804;Screw;;V;;100;
AccurioPress C4080;17;b;V121030604;Screw;;V;;100;
AccurioPress C4080;17;c;V127030604;Screw;;V;;100;
AccurioPress C4080;18;1;4036307501;Tape;;D;1;1;
AccurioPress C4080;18;2;AA7NH01A01;Scana Drive Board Assy;;C;1;1;KOM221041E0
AccurioPress C4080;18;3;A161261902;Frame;;D;1;1;
AccurioPress C4080;18;4;A161262002;Frame;;D;1;1;
AccurioPress C4080;18;5;A161280211;Lever;;D;1;5;
AccurioPress C4080;18;6;A161280300;Compressing  Coil spring;;C;1;5;
AccurioPress C4080;18;7;A161281600;Guide;;D;1;1;
AccurioPress C4080;18;8;A5C1280101;Mounting  Plate;;D;1;5;
AccurioPress C4080;18;9;A5C1M50100;Photointerrupter;;B;1;1;
AccurioPress C4080;18;10;A85CN27800;Scanner   Wiring   /1;;D;1;1;
AccurioPress C4080;18;a;V125030803;Screw;;V;;100;
AccurioPress C4080;18;b;V127030604;Screw;;V;;100;
AccurioPress C4080;18;c;V144030603;Screw;;V;;100;
AccurioPress C4080;18;d;V144030803;SCREW;;V;;100;
AccurioPress C4080;18;e;V500010081;Locking Wire Saddle;;D;;5;
AccurioPress C4080;18;f;V500010082;Locking Wire Saddle;;D;;5;
AccurioPress C4080;18;g;V500010083;Locking Wire Saddle;;D;;5;
AccurioPress C4080;18;h;V500020069;Clamp;;D;;5;
AccurioPress C4080;18;k;V500020099;Mini Locking wire saddle;;D;;5;
AccurioPress C4080;18;m;V570010038;bushing;;D;;1;
AccurioPress C4080;18;n;V570010056;Locking Edge Saddle;;D;;5;
AccurioPress C4080;18;p;V570010057;Wing Edge Saddle;;D;;5;
AccurioPress C4080;18;q;V570010060;Wing Edge Saddle;;D;;5;
AccurioPress C4080;18;r;V500020098;Mini Locking wire saddle;;D;;5;
AccurioPress C4080;19;1;4581162501;SEAL;;C;9;1;
AccurioPress C4080;19;2;A0ED273600;Pulley;;C;2;5;
AccurioPress C4080;19;3;A0ED276301;Pulling Spring;;D;1;5;
AccurioPress C4080;19;4;A161262200;Cover;;D;1;5;
AccurioPress C4080;19;5;A161263000;Seal;;D;1;5;
AccurioPress C4080;19;6;A161275300;Pulley;;D;2;5;
AccurioPress C4080;19;7;A161275400;Shaft;;D;1;1;
AccurioPress C4080;19;8;A161275500;Pulley 103T;;D;1;5;
AccurioPress C4080;19;9;A161275600;Timing belt 335L;;D;1;1;
AccurioPress C4080;19;10;A161276000;Mounting  Plate;;D;1;1;
AccurioPress C4080;19;11;A161276500;Bearing;;D;2;5;
AccurioPress C4080;19;12;A161281100;Guide;;D;1;5;
AccurioPress C4080;19;13;A161281300;Seal;;D;1;5;
AccurioPress C4080;19;14;A161M50A00;APS  Photoreflector;;C;1;1;
AccurioPress C4080;19;15;A161N14201;Scanner Wiring  /2;;D;1;1;
AccurioPress C4080;19;16;A1UDM50200;Lead  Switch;;C;1;1;
AccurioPress C4080;19;17;A5C1263300;Seal;;C;1;5;
AccurioPress C4080;19;18;A5C1263400;Seal;;C;1;5;
AccurioPress C4080;19;19;A5C1M50100;Photointerrupter;;B;1;1;
AccurioPress C4080;19;20;A5C1N14300;Scanner Wiring;;D;1;1;
AccurioPress C4080;19;21;A795275700;Pulling  Spring;;D;1;5;
AccurioPress C4080;19;22;AC57M10A00;Stepping Motor;;C;1;1;
AccurioPress C4080;19;a;V115030603;Screw;;V;;100;
AccurioPress C4080;19;b;V116030603;Screw;;V;;100;
AccurioPress C4080;19;c;V125030803;Screw;;V;;100;
AccurioPress C4080;19;d;V218040086;C-Clip;;V;;100;
AccurioPress C4080;19;e;V500020098;Mini Locking wire saddle;;D;;5;
AccurioPress C4080;20;1;A0ED271200;Mirror;;D;1;1;
AccurioPress C4080;20;2;A0ED271300;Plate spring;;D;2;5;
AccurioPress C4080;20;3;A0ED273600;Pulley;;C;4;5;
AccurioPress C4080;20;4;A0ED274200;Vibrationproof  Plate;;D;1;1;
AccurioPress C4080;20;5;A0ED274300;Mirror;;D;2;1;
AccurioPress C4080;20;6;A0ED274400;Plate spring;;D;3;5;
AccurioPress C4080;20;7;A161270102;Frame;;D;1;1;
AccurioPress C4080;20;8;A161270600;Guide;;D;1;5;
AccurioPress C4080;20;9;A161271000;Bushing;;D;6;5;
AccurioPress C4080;20;10;A161271100;Bushing;;D;2;5;
AccurioPress C4080;20;11;A161273113;Frame;;D;1;1;
AccurioPress C4080;20;12;A161273401;Mounting  Plate;;D;2;1;
AccurioPress C4080;20;13;A161273500;Guide  Part;;D;1;5;
AccurioPress C4080;20;14;A161273701;Mounting  Plate;;D;1;1;
AccurioPress C4080;20;15;A161273800;Mounting  Plate;;D;1;1;
AccurioPress C4080;20;16;A161274500;Plate spring  /1;;D;1;5;
AccurioPress C4080;20;17;A161274600;Adjusting  Screw;;C;1;5;
AccurioPress C4080;20;18;A161N14000;Scanner  Wiring  /4;;D;1;1;
AccurioPress C4080;20;19;A795273900;Vibrationproof  Plate;;D;2;1;
AccurioPress C4080;20;20;AA7NM31200;Lamp;;I;1;1;
AccurioPress C4080;20;a;V125030803;Screw;;V;;100;
AccurioPress C4080;20;b;V127030604;Screw;;V;;100;
AccurioPress C4080;20;c;V137030603;screw;;V;;100;
AccurioPress C4080;20;d;V137030803;screw;;V;;100;
AccurioPress C4080;20;e;V218040086;C-Clip;;V;;100;
AccurioPress C4080;21;1;A50U121501;Cooling Guide /Front;;D;3;1;KOM251131E0
AccurioPress C4080;21;2;A50U318101;Pressing  Stay  /Color;;D;3;1;
AccurioPress C4080;21;3;A50U318201;Pressing  Stay  /Black;;D;1;1;
AccurioPress C4080;21;4;A50U318300;Pressing  Spring  /R;;D;8;5;
AccurioPress C4080;21;5;A50U318700;Auxiliary  Pad;;D;6;5;
AccurioPress C4080;21;6;A50U318900;Pressing  Guide;;D;8;5;
AccurioPress C4080;21;7;A50U319301;Connecting  Plate  /1;;D;2;1;
AccurioPress C4080;21;8;AC57N26500;LD Harness /1;;D;1;1;
AccurioPress C4080;21;9;AC57R70400;PH Unit;;I;4;1;KOM240251E0
AccurioPress C4080;21;9;AC57R70400;PH Unit;;I;4;1;KOM251158E0
AccurioPress C4080;21;a;V127030604;Screw;;V;;100;
AccurioPress C4080;22;1;AC57R70122;Charging Pole Unit;B;A;4;1;
AccurioPress C4080;22;1;AC57R70122;Charging Pole Unit;C;A;4;1;KOM241213E0
AccurioPress C4080;22;1;AC57R70122;Charging Pole Unit;D1,D3,E,F2,G1,G2,H,I,J,K;A;4;1;KOM240628E0
AccurioPress C4080;23;1;A50U333500;Cleaning  Gear  /1 28T;;C;1;5;
AccurioPress C4080;23;2;A50U333600;Cleaning  Gear  /2 30T;;C;1;5;
AccurioPress C4080;23;3;ACE6335600;Scatteringprevention Seal;;C;2;5;KOM220929E2
AccurioPress C4080;23;4;ACE6339100;Cover;;D;2;5;KOM220929E2
AccurioPress C4080;23;5;A50U338800;Compressing Coil spring;;C;2;5;KOM220929E2
AccurioPress C4080;23;6;ACE6333500;Collection  Gear 40T;;C;3;1;KOM250541E0
AccurioPress C4080;23;7;ACE6333601;Cleaning  Gear  /2 30T;;C;3;1;KOM250541E0
AccurioPress C4080;23;8;ACE6333700;Cleaning  Idler 16/29T;;C;3;1;KOM250541E0
AccurioPress C4080;23;a;V217030003;E-ring;;V;;100;
AccurioPress C4080;23;b;V218030086;C-Clip;;V;;100;
AccurioPress C4080;24;1;A0TKH00200;PWB Assembly(PWB-TCR ASSY);;I;1;1;
AccurioPress C4080;24;2;A50U372902;Collection Cover;;D;1;5;KOM211569E0
AccurioPress C4080;24;3;A50U373100;Compressing  Coil spring /1;;D;1;5;
AccurioPress C4080;24;4;AAK7374101;Scatteringprevention Sheet /Front;;D;1;1;KOM231396E0
AccurioPress C4080;24;5;A50U374501;Seal  /J;;D;2;5;
AccurioPress C4080;24;6;AAK7376001;Scatteringprevention Sheet /Rear;;D;1;1;KOM231396E0
AccurioPress C4080;24;7;A50U376801;Seal  /T;;D;1;5;KOM211569E0
AccurioPress C4080;24;8;A50U377201;Auxiliary  Seal  /Front;;D;1;5;
AccurioPress C4080;24;9;A50U377301;Auxiliary  Seal  /Rear;;D;1;5;
AccurioPress C4080;24;10;AC57R70233;Developing Unit;B;A;1;1;KOM231756E0
AccurioPress C4080;24;10;AC57R70233;Developing Unit;C;A;1;1;KOM231756E0
AccurioPress C4080;24;10;AC57R70233;Developing Unit;D1,D3,E,F2,G1,G2,H,I,J,K;A;1;1;KOM231836E0
AccurioPress C4080;25;1;A0TKH00200;PWB Assembly(PWB-TCR ASSY);;I;1;1;
AccurioPress C4080;25;2;A50U372902;Collection Cover;;D;1;5;KOM211569E0
AccurioPress C4080;25;3;A50U373100;Compressing  Coil spring /1;;D;1;5;
AccurioPress C4080;25;4;AAK7374101;Scatteringprevention Sheet /Front;;D;1;1;KOM231396E0
AccurioPress C4080;25;5;A50U374501;Seal  /J;;D;2;5;
AccurioPress C4080;25;6;AAK7376001;Scatteringprevention Sheet /Rear;;D;1;1;KOM231396E0
AccurioPress C4080;25;7;A50U376801;Seal  /T;;D;1;5;KOM211569E0
AccurioPress C4080;25;8;A50U377201;Auxiliary  Seal  /Front;;D;1;5;
AccurioPress C4080;25;9;A50U377301;Auxiliary  Seal  /Rear;;D;1;5;
AccurioPress C4080;25;10;AC57R70233;Developing Unit;B;A;1;1;KOM231756E0
AccurioPress C4080;25;10;AC57R70233;Developing Unit;C;A;1;1;KOM231756E0
AccurioPress C4080;25;10;AC57R70233;Developing Unit;D1,D3,E,F2,G1,G2,H,I,J,K;A;1;1;KOM231836E0
AccurioPress C4080;26;1;A0TKH00200;PWB Assembly(PWB-TCR ASSY);;I;1;1;
AccurioPress C4080;26;2;A50U372902;Collection Cover;;D;1;5;KOM211569E0
AccurioPress C4080;26;3;A50U373100;Compressing  Coil spring /1;;D;1;5;
AccurioPress C4080;26;4;AAK7374101;Scatteringprevention Sheet /Front;;D;1;1;KOM231396E0
AccurioPress C4080;26;5;A50U374501;Seal  /J;;D;2;5;
AccurioPress C4080;26;6;AAK7376001;Scatteringprevention Sheet /Rear;;D;1;1;KOM231396E0
AccurioPress C4080;26;7;A50U376801;Seal  /T;;D;1;5;KOM211569E0
AccurioPress C4080;26;8;A50U377201;Auxiliary  Seal  /Front;;D;1;5;
AccurioPress C4080;26;9;A50U377301;Auxiliary  Seal  /Rear;;D;1;5;
AccurioPress C4080;26;10;AC57R70233;Developing Unit;B;A;1;1;KOM231756E0
AccurioPress C4080;26;10;AC57R70233;Developing Unit;C;A;1;1;KOM231756E0
AccurioPress C4080;26;10;AC57R70233;Developing Unit;D1,D3,E,F2,G1,G2,H,I,J,K;A;1;1;KOM231836E0
AccurioPress C4080;27;1;A0TKH00200;PWB Assembly(PWB-TCR ASSY);;I;1;1;
AccurioPress C4080;27;2;A50U372902;Collection Cover;;D;1;5;KOM211569E0
AccurioPress C4080;27;3;A50U373100;Compressing  Coil spring /1;;D;1;5;
AccurioPress C4080;27;4;AAK7374101;Scatteringprevention Sheet /Front;;D;1;1;KOM231396E0
AccurioPress C4080;27;5;A50U374501;Seal  /J;;D;2;5;
AccurioPress C4080;27;6;AAK7376001;Scatteringprevention Sheet /Rear;;D;1;1;KOM231396E0
AccurioPress C4080;27;7;A50U376801;Seal  /T;;D;1;5;KOM211569E0
AccurioPress C4080;27;8;A50U377201;Auxiliary  Seal  /Front;;D;1;5;
AccurioPress C4080;27;9;A50U377301;Auxiliary  Seal  /Rear;;D;1;5;
AccurioPress C4080;27;10;AC57R70233;Developing Unit;B;A;1;1;KOM231756E0
AccurioPress C4080;27;10;AC57R70233;Developing Unit;C;A;1;1;KOM231756E0
AccurioPress C4080;27;10;AC57R70233;Developing Unit;D1,D3,E,F2,G1,G2,H,I,J,K;A;1;1;KOM231836E0
AccurioPress C4080;28;1;4470402401;Stopper;;D;2;5;
AccurioPress C4080;28;2;12QR86011;Interlock Switch;;B;1;1;
AccurioPress C4080;28;3;40AA85011;Door Switch;;B;1;1;KOM211581E1
AccurioPress C4080;28;3;AC57M60000;Door  Switch;;B;1;1;KOM211581E1
AccurioPress C4080;28;4;56AA12140;Switch Connecting Actuator;;C;1;1;
AccurioPress C4080;28;5;56AA12160;Contact Pressing Spring /1;;C;1;1;
AccurioPress C4080;28;6;65AA91101E;INTER LOCK WIRING;;D;1;1;KOM210877E1
AccurioPress C4080;28;7;A50U166800;Guide  Part;;D;1;1;
AccurioPress C4080;28;8;A50U171500;Pressing  Actuator;;C;1;1;
AccurioPress C4080;28;9;A50U179000;Plate;;D;1;1;
AccurioPress C4080;28;10;A50U318700;Auxiliary  Pad;;D;2;5;
AccurioPress C4080;28;11;A50U400600;Toner supply  Seal  /Upper;;D;1;5;
AccurioPress C4080;28;12;A50U400900;Toner supply  Frame  /Upper;;D;1;1;
AccurioPress C4080;28;13;A50U401401;Seal  /Rear;;D;1;1;
AccurioPress C4080;28;14;A50U408101;Receiving  Lower tray;;D;1;1;
AccurioPress C4080;28;15;A50U442100;Switch Plate;;D;1;1;
AccurioPress C4080;28;16;A50UF41500;Toner Supply Support Shaft Caulking ASSY;;D;1;1;
AccurioPress C4080;28;17;A50UM51000;Photointerrupter;;C;2;1;
AccurioPress C4080;28;18;A50UN12101;Toner  Wiring  /1;;D;1;1;
AccurioPress C4080;28;19;A50UR71600;Toner Bottle Guide Assy;;D;1;1;KOM250801E0
AccurioPress C4080;28;a;V111020803;screw;;V;;100;
AccurioPress C4080;28;b;V127030516;Screw;;V;;100;
AccurioPress C4080;28;c;V127030604;Screw;;V;;100;
AccurioPress C4080;28;d;V127040603;Screw;;V;;100;
AccurioPress C4080;28;e;V217020003;E Ring;;V;;100;
AccurioPress C4080;28;f;V500010081;Locking Wire Saddle;;D;;5;
AccurioPress C4080;28;g;V500020098;Mini Locking wire saddle;;D;;5;
AccurioPress C4080;28;h;V570010056;Locking Edge Saddle;;D;;5;
AccurioPress C4080;29;1;07BA12352;Magnet Catch;;C;1;1;
AccurioPress C4080;29;2;26NA32870;CARTRIDGE PRESSING SPRING 2;;C;4;1;
AccurioPress C4080;29;3;26TA32970;CARTRIDGE REGULATING SPRING;;C;4;1;KOM220253E0
AccurioPress C4080;29;4;26TA32990;COVER PART;;C;4;1;
AccurioPress C4080;29;5;A1RF441500;Pressing  Part  /Front;;D;4;1;
AccurioPress C4080;29;6;A50U408501;Pressing  Handle;;D;4;1;
AccurioPress C4080;29;7;A50U408600;Toner supply Open/close Spring /A;;D;4;5;
AccurioPress C4080;29;8;A50U408700;Support  Shaft;;D;4;5;
AccurioPress C4080;29;9;A50U408900;Support  Part;;D;4;5;
AccurioPress C4080;29;10;A50U410200;Lock  Spring;;D;4;5;
AccurioPress C4080;29;11;A50U440301;Pressing  Pedestal  /Front;;D;4;1;
AccurioPress C4080;29;12;A50U440601;Pressing  Part  /Rear;;D;4;1;
AccurioPress C4080;29;13;A50U944500;Toner supply  Label  /Y;;D;1;1;
AccurioPress C4080;29;14;A50U944600;Toner supply  Label  /M;;D;1;1;
AccurioPress C4080;29;15;A50U944700;Toner supply  Label  /C;;D;1;1;
AccurioPress C4080;29;16;A50U944801;Toner supply Label /K;;D;1;1;KOM251385E1
AccurioPress C4080;29;17;A85C409600;Regulating  Plate;;D;4;1;
AccurioPress C4080;29;18;A50U400201;Guide  Part;B,D1,D3,E,F2,G1,G2,H,I(Except South Africa),K,J;D;1;1;KOM210386E0
AccurioPress C4080;29;18;A9VE400200;Guide  Part;C,I;D;1;1;
AccurioPress C4080;29;a;V149030803;Screw;;V;;100;
AccurioPress C4080;29;b;V153041003;screw;;V;;100;
AccurioPress C4080;29;c;V158030803;Screw;;V;;100;
AccurioPress C4080;29;d;V217030003;E-ring;;V;;100;
AccurioPress C4080;30;1;AC57R72600;Toner Supply Unit ASSY;B,G2;S;1;1;
AccurioPress C4080;30;1;AC57R72700;Toner Supply Unit ASSY;C,I;S;1;1;
AccurioPress C4080;30;1;AC57R73900;Toner Supply Unit ASSY;D1,D3,E,F2,G1,H,I(Except South Africa),K;S;1;1;KOM210154E0
AccurioPress C4080;30;1;AC57R74100;Toner Supply Unit ASSY;J;S;1;1;KOM210386E0
AccurioPress C4080;30;2;A9VER71700;Toner Conveyance Assy;;D;4;1;
AccurioPress C4080;30;3;A00JM12100;Stepping motor;;C;4;1;
AccurioPress C4080;30;4;65AA78040;AGITATING GEAR A 18T;;C;4;1;
AccurioPress C4080;30;5;A4EU538400;Release  Gear  /4 15T;;C;8;5;
AccurioPress C4080;30;6;40AA88031;Level Detection Sensor;;C;4;1;KOM220171E0
AccurioPress C4080;30;a;V158030803;Screw;;V;;100;
AccurioPress C4080;30;b;V118030403;Screw;;V;;100;
AccurioPress C4080;30;c;V217040003;E-ring;;V;;100;
AccurioPress C4080;30;d;V234301250;Pin;;B;;100;
AccurioPress C4080;30;e;V234201250;Pin;;V;;100;
AccurioPress C4080;31;1;466076020;Paper Feed Feeding Bearing;;B;26;10;
AccurioPress C4080;31;2;25BA77171;Toner Supply Gear /2 13/31T;;C;4;1;
AccurioPress C4080;31;3;40AA32320;Toner Supply Spacer;;C;1;10;
AccurioPress C4080;31;4;56AA77330;Screw Gear 15T;;C;8;1;
AccurioPress C4080;31;5;9J07500201;GEAR 17T;;C;4;5;
AccurioPress C4080;31;6;A7PUM11100;brushless Motor /30;;C;1;1;
AccurioPress C4080;31;7;A50U404000;Drive  Shaft  /A;;D;4;1;
AccurioPress C4080;31;8;A50U404200;Drive  Shaft  /C;;D;4;1;
AccurioPress C4080;31;9;A50U404600;Drive  Shaft  /B;;D;4;1;
AccurioPress C4080;31;10;A50U406400;Drive  Shaft  /D;;D;1;1;
AccurioPress C4080;31;11;A50U420300;Toner supply  Gear  /3 25/65T;;C;1;1;
AccurioPress C4080;31;12;A50U420900;Toner supply  Gear  /9 35T;;C;2;1;
AccurioPress C4080;31;13;A50U421000;Toner supply  Gear  /10 45T;;C;4;5;
AccurioPress C4080;31;a;V127030604;Screw;;V;;100;
AccurioPress C4080;31;b;V158030803;Screw;;V;;100;
AccurioPress C4080;31;c;V217040003;E-ring;;V;;100;
AccurioPress C4080;31;d;V234302250;Pin;;V;;100;
AccurioPress C4080;32;1;26NA32660;TONER SUPPLY SHAFT HOLDER;;C;4;1;
AccurioPress C4080;32;2;56AA40490;Shaft Stopper /4;;C;4;1;
AccurioPress C4080;32;3;65AA77390;Toner Supply Gear /B 56T;;C;4;1;
AccurioPress C4080;32;4;A00FM20000;Clutch;;C;4;1;
AccurioPress C4080;32;5;A50U400503;Toner supply  Coupling;B,C,D1,D3,E,F2,G1,G2,H,I,K;D;4;1;
AccurioPress C4080;32;5;AC57400500;Toner supply  Coupling;J;D;4;1;KOM210386E0
AccurioPress C4080;32;6;A50U401200;Holding  Seal  /A;B,C,D1,D3,E,F2,G1,G2,H,I,K;D;4;5;
AccurioPress C4080;32;6;AC57401200;Seal;J;D;4;5;KOM210386E0
AccurioPress C4080;32;7;A50U401301;Connecting  Shaft;B,C,D1,D3,E,F2,G1,G2,H,I,K;D;4;1;
AccurioPress C4080;32;7;AC57401300;Connecting  Shaft;J;D;4;1;KOM210386E0
AccurioPress C4080;32;8;A50U407600;Toner supply Holding Seal /A;;D;4;1;
AccurioPress C4080;32;9;A50U420400;Toner supply  Gear  /4 25T;;C;4;5;
AccurioPress C4080;32;10;A50U420800;Toner supply  Gear  /8 52T;;C;3;1;
AccurioPress C4080;32;11;A50U421000;Toner supply  Gear  /10 45T;;C;4;5;
AccurioPress C4080;32;12;A50UN12203;Toner  Wiring  /2;;D;1;1;
AccurioPress C4080;32;a;V116030803;Screw;;V;;100;
AccurioPress C4080;32;b;V127030604;Screw;;V;;100;
AccurioPress C4080;32;c;V217040003;E-ring;;V;;100;
AccurioPress C4080;32;d;V217050003;E ring;;V;;100;
AccurioPress C4080;32;e;V234201650;Pin;;V;;100;
AccurioPress C4080;32;f;V234301650;Pin;;V;;100;
AccurioPress C4080;32;g;V234302250;Pin;;V;;100;
AccurioPress C4080;32;h;V500020098;Mini Locking wire saddle;;D;;5;KOM211321E0
AccurioPress C4080;32;k;V500020098;Mini Locking wire saddle;;D;;5;
AccurioPress C4080;33;1;26NA17580;Agitating Coupling /B;;C;1;1;
AccurioPress C4080;33;2;40AA32320;Toner Supply Spacer;;C;1;10;
AccurioPress C4080;33;3;50GA250100;SPACER;;C;1;5;
AccurioPress C4080;33;4;A1RG569900;Suction Gear /2 21T;;C;1;5;KOM211755E1
AccurioPress C4080;33;5;A50U361900;Collection Gear /2 14T;;C;1;1;
AccurioPress C4080;33;6;A50U362300;Insulating  Cover;;D;1;1;
AccurioPress C4080;33;7;A50U363300;Open/close  Spring;;D;2;5;
AccurioPress C4080;33;8;A50U365400;Collection  Gear 19T;;C;1;1;
AccurioPress C4080;33;9;A50UF36500;Toner Collection Gate ASSY;;D;1;1;
AccurioPress C4080;33;10;AC57R74500;Collection Pipe Assy;;S;1;1;
AccurioPress C4080;33;11;A9VER71800;Toner Collection Conveyance Assy;;S;1;1;
AccurioPress C4080;33;12;AC57R74600;Collection Pipe / 1 Assy;;D;1;1;KOM211755E1
AccurioPress C4080;33;13;A9VP368401;Seal;;D;1;1;KOM221175E0
AccurioPress C4080;33;a;V127030604;Screw;;V;;100;
AccurioPress C4080;33;b;V217040003;E-ring;;V;;100;
AccurioPress C4080;33;c;V234201050;Pin;;V;;100;
AccurioPress C4080;33;d;V217030003;E-ring;;V;;100;
AccurioPress C4080;34;1;4004457301;Stopper;;D;1;5;
AccurioPress C4080;34;2;4470402401;Stopper;;D;1;5;
AccurioPress C4080;34;3;9335140051;Solid State Switch;;B;1;1;
AccurioPress C4080;34;4;55VA47840;Belt Hold Part /3;;D;1;1;
AccurioPress C4080;34;5;56AA12270;EXTERNAL LOCKING PART;;C;1;1;
AccurioPress C4080;34;6;A1RF363500;Control  Spring;;C;1;5;
AccurioPress C4080;34;7;A1RF363801;Detecting  Part  /2;;D;1;1;
AccurioPress C4080;34;8;A50U363200;Collection  Shaft;;D;1;5;
AccurioPress C4080;34;9;A50U363400;Protection  Cover  /Lower;;D;1;1;
AccurioPress C4080;34;10;A50U363701;Cover  Outside;;D;1;1;
AccurioPress C4080;34;11;A50U366800;Cover  /2;;D;1;1;
AccurioPress C4080;34;12;A50U367100;Card;;D;1;5;
AccurioPress C4080;34;13;A50U367400;Cover;;D;1;1;
AccurioPress C4080;34;14;A50U368400;Cover;;D;1;1;
AccurioPress C4080;34;15;A50U369900;Cover  /Front;;D;1;1;
AccurioPress C4080;34;16;A50UM51000;Photointerrupter;;C;1;1;
AccurioPress C4080;34;17;A50UN11801;Detection  Relay harness  /3;;D;1;1;
AccurioPress C4080;34;18;A50UN12000;Detection  Relay harness  /1;;D;1;1;
AccurioPress C4080;34;19;A50UR70115;Waste Toner Box;;A;1;1;
AccurioPress C4080;34;a;V127030604;Screw;;V;;100;
AccurioPress C4080;34;b;V570010056;Locking Edge Saddle;;D;;5;
AccurioPress C4080;34;c;V217020003;E Ring;;V;;100;
AccurioPress C4080;35;1;4038254001;GEAR 37T;;C;1;5;
AccurioPress C4080;35;2;466076020;Paper Feed Feeding Bearing;;B;3;10;
AccurioPress C4080;35;3;13QA40610;Gear Spacer;;C;3;1;
AccurioPress C4080;35;4;AC57363000;Collection Gear/4  29T;;C;1;1;
AccurioPress C4080;35;5;55GA77050;Conveyance Drive Gear /2 35T;;B;1;10;
AccurioPress C4080;35;6;56UA77280;ADU Conveyance Gear 17T;;C;1;1;
AccurioPress C4080;35;7;56UA77710;Toner Supply Drive Gear /B 16/40T;;C;1;1;
AccurioPress C4080;35;8;65AA77410;Toner Supply Gear /D 31T;;C;1;1;
AccurioPress C4080;35;9;A1RF368500;Collection Gear 14/43T;;C;1;1;
AccurioPress C4080;35;10;A1RF372300;Agitating  Coupling  /1;;D;1;1;
AccurioPress C4080;35;11;A1RG569900;Suction Gear /2 21T;;C;1;5;
AccurioPress C4080;35;12;A1UD210500;Gear 28T;;C;1;5;
AccurioPress C4080;35;13;A50U360700;Collection  Gear  /1 75/23T;;C;2;1;
AccurioPress C4080;35;14;A50U361200;Collection  Gear  /3 32/22T;;C;1;1;
AccurioPress C4080;35;15;A50U361401;Collection  Gear  /2 29/25T;;C;1;1;
AccurioPress C4080;35;16;A50U362200;Gear  /1 34/14T;;C;2;1;
AccurioPress C4080;35;17;A50U365600;Collection  Spring;;D;1;5;
AccurioPress C4080;35;18;A50U365800;Collection  Gear  /1 62/28T;;C;1;1;
AccurioPress C4080;35;19;A50U367001;Collection  Coupling;;D;1;1;
AccurioPress C4080;35;20;A7PUM11000;brushless   Motor   /20;;C;2;1;
AccurioPress C4080;35;21;AC57R70700;Toner Collection Drive ASSY;;S;1;1;
AccurioPress C4080;35;22;AC57R74700;Collection Drive Assy;;S;1;1;
AccurioPress C4080;35;a;V121030403;Screw;;V;;100;
AccurioPress C4080;35;b;V127030516;Screw;;V;;100;
AccurioPress C4080;35;c;V127030604;Screw;;V;;100;
AccurioPress C4080;35;d;V127040603;Screw;;V;;100;
AccurioPress C4080;35;e;V217040003;E-ring;;V;;100;
AccurioPress C4080;35;f;V217060003;E-ring;;V;;100;
AccurioPress C4080;35;g;V234201050;Pin;;V;;100;
AccurioPress C4080;35;h;V234301250;Pin;;B;;100;
AccurioPress C4080;35;k;V570010057;Wing Edge Saddle;;D;;5;
AccurioPress C4080;35;m;V500020100;Mini Locking wire saddle;;D;;5;
AccurioPress C4080;36;1;A50UR70666;Transfer Belt Cleaning Unit;(S/No.AC57xxx010001-);B;1;1;KOM221466E1
AccurioPress C4080;36;1;AC57R75144;Transfer Belt Cleaning Unit;B;A;1;1;
AccurioPress C4080;36;1;AC57R75144;Transfer Belt Cleaning Unit;(S/No.AC57xxx020001-) D1,D3,E,F2,G1,G2,H,I,J,K;A;1;1;KOM250978E0
AccurioPress C4080;36;1;AC57R75144;Transfer Belt Cleaning Unit;C(S/No.AC57xxx020001-);A;1;1;KOM251358E0
AccurioPress C4080;36;2;A50UR71P22;Separating Claw Unit;;I;1;1;
AccurioPress C4080;36;3;AC57R70311;Middle Transfer Assy;B,C(S/No.AC57xxx010001-);I;1;1;KOM210385E7
AccurioPress C4080;36;3;AC57R74933;Middle Transfer Assy;B;I;1;1;
AccurioPress C4080;36;3;AC57R74933;Middle Transfer Assy;(S/No.AC57xxx020001-)C;I;1;1;KOM250655E0
AccurioPress C4080;36;3;AC57R70311;Middle Transfer Assy;(S/No.AC57xxx010001-)D1,D3,E,F2,G1,G2,H,I,J,K;I;1;1;KOM210385E7
AccurioPress C4080;36;3;AC57R74933;Middle Transfer Assy;D1,D3,E,F2,G1,G2,H,I,J,K(S/No.AC57xxx020001-);I;1;1;KOM240509E0
AccurioPress C4080;36;4;A85CR70R33;Drive Plate Assy;(S/No.AC57xxx010001-);C;1;1;KOM230399E1
AccurioPress C4080;36;4;AC57R75011;Drive Plate Assy;(S/No.AC57xxx020001-);C;1;1;KOM230151E1
AccurioPress C4080;37;1;4470402401;Stopper;;D;2;5;
AccurioPress C4080;37;2;40AA32320;Toner Supply Spacer;;C;4;10;KOM211222E0
AccurioPress C4080;37;3;65AA11300;Support Part;;D;1;1;
AccurioPress C4080;37;4;A034M50000;Humidity sensor;;C;1;1;KOM210385E7
AccurioPress C4080;37;4;A0P0M50400;Humidity sensor;;C;1;1;KOM210385E7
AccurioPress C4080;37;5;A03U515100;Insulating Sheet;;D;1;5;
AccurioPress C4080;37;6;A50U500800;Hold  Part;;D;2;5;
AccurioPress C4080;37;7;A50U503600;Stopper  Plate;;D;2;1;
AccurioPress C4080;37;8;A50U503700;Spring;;D;2;5;
AccurioPress C4080;37;9;A50U505202;Plate;;D;1;5;
AccurioPress C4080;37;10;A50U506200;Stopper  Plate;;D;2;5;
AccurioPress C4080;37;11;A50U506300;Transfer  Bushing /Rear;;D;2;1;
AccurioPress C4080;37;12;A50U508600;Transfer Support Plate;;D;2;5;
AccurioPress C4080;37;13;A50U508800;Transfer  Bushing /Front;;D;2;1;
AccurioPress C4080;37;14;A85CM55600;Photo   Sensor;;I;2;1;
AccurioPress C4080;37;15;A9VP513600;Protection  Sheet  /2;(S/No.AC57xxx020001-);D;2;1;KOM210156E0
AccurioPress C4080;37;16;A9VP517800;Protection  Sheet  /3;(S/No.AC57xxx020001-);D;1;1;KOM210156E0
AccurioPress C4080;37;17;A9VP517900;Guide  Cover;(S/No.AC57xxx020001-);D;1;1;KOM210156E0
AccurioPress C4080;37;a;V116030503;Screw;;V;;100;
AccurioPress C4080;37;b;V121030403;Screw;;V;;100;
AccurioPress C4080;37;c;V127030604;Screw;;V;;100;
AccurioPress C4080;37;d;V158030803;Screw;;V;;100;
AccurioPress C4080;37;e;V500020098;Mini Locking wire saddle;;D;;5;
AccurioPress C4080;37;f;V500020100;Mini Locking wire saddle;;D;;5;
AccurioPress C4080;37;g;V570010037;bushing;;D;;1;
AccurioPress C4080;37;h;V570010057;Wing Edge Saddle;;D;;5;
AccurioPress C4080;38;1;12QV40650;Spacer;;B;2;1;
AccurioPress C4080;38;2;55VA42120;Shaft Stopper;;C;3;1;
AccurioPress C4080;38;3;56AA17321;PIN A D2X12;;B;1;1;
AccurioPress C4080;38;4;65AA26870;REGULATING COLLAR;;C;2;1;
AccurioPress C4080;38;5;12QV40650;Spacer;;B;1;1;KOM211222E0
AccurioPress C4080;38;6;A00J617900;Ball Bearing;;B;2;1;
AccurioPress C4080;38;7;A00V240600;Ball Bearing;;B;2;1;
AccurioPress C4080;38;8;A03U512300;Fixing  Screw;;C;4;1;
AccurioPress C4080;38;9;AC57M10300;DC   Brushless Motor  /25;;C;1;1;
AccurioPress C4080;38;10;A1DUR73500;Power Supply Block  / A Assy;;D;3;1;
AccurioPress C4080;38;11;12QV40650;Spacer;;B;1;1;KOM211222E0
AccurioPress C4080;38;12;A1RF517300;bearing;;C;2;1;
AccurioPress C4080;38;13;A50U500401;2nd Transfer Roller/Up;;A;1;1;
AccurioPress C4080;38;14;A50U502500;Transfer Release Cam /C;;D;1;1;
AccurioPress C4080;38;15;A50U502600;Transfer Release Cam /C;;D;1;1;
AccurioPress C4080;38;16;AC57503900;Drive Plate;;D;1;1;
AccurioPress C4080;38;17;AC57504000;Cover;;D;1;1;
AccurioPress C4080;38;18;A50U504400;Pressure  Gear  /M 18T;;C;1;1;
AccurioPress C4080;38;19;A50U504500;Compressing  Gear  /1 35/18T;;C;1;1;
AccurioPress C4080;38;20;A50U504600;Pressure  Gear  /2 43/18T;;C;1;1;
AccurioPress C4080;38;21;A50U504700;Pressure  Gear  /3 56/18T;;C;1;1;
AccurioPress C4080;38;22;A50U505000;Pressure  Gear  /4 44T;;C;1;1;
AccurioPress C4080;38;23;A50U505100;Pressure  Shaft;;D;1;1;
AccurioPress C4080;38;24;A50U505300;Light blocking  Plate;;D;1;1;
AccurioPress C4080;38;25;A50U505901;Insulating  Holder  /Front;;D;1;1;
AccurioPress C4080;38;26;A50U506101;Positioning  Shaft  /Upper;;D;1;1;
AccurioPress C4080;38;27;A50U506701;Idler  Roller;;C;1;1;
AccurioPress C4080;38;28;A50U507000;Positioning  Shaft  /Lower;;D;1;1;
AccurioPress C4080;38;29;A50U509100;Lifting  Collar  /8;;D;1;5;
AccurioPress C4080;38;30;A50U517301;Control Plate;;D;1;1;KOM240901E1
AccurioPress C4080;38;31;A50UN24501;HV  Relay harness  /1;;D;1;1;
AccurioPress C4080;38;32;A50UN24701;HV  Relay harness  /2;;D;1;1;
AccurioPress C4080;38;33;A50UN24901;HV  Relay harness  /3;;D;1;1;
AccurioPress C4080;38;34;A50UR72100;Insulating Holder / Rear Assy;;D;1;1;
AccurioPress C4080;38;35;A9VE500100;Transfer Belt /H;(S/No.AC57xxx010001-);A;1;1;KOM210156E0
AccurioPress C4080;38;35;A9VE500200;Transfer Belt / C;(S/No.AC57xxx020001-);A;1;1;KOM210156E0
AccurioPress C4080;38;a;V121030403;Screw;;V;;100;
AccurioPress C4080;38;b;V127030604;Screw;;V;;100;
AccurioPress C4080;38;c;V127040803;Screw;;V;;100;
AccurioPress C4080;38;d;V217040003;E-ring;;V;;100;
AccurioPress C4080;38;e;V217060003;E-ring;;V;;100;
AccurioPress C4080;38;f;V217080003;Ring;;V;;100;
AccurioPress C4080;38;g;V234200850;Pin;;V;;100;
AccurioPress C4080;38;h;V234201850;Pin;;V;;100;
AccurioPress C4080;38;k;V500020098;Mini Locking wire saddle;;D;;5;
AccurioPress C4080;38;m;V237201850;Pin;;V;;100;
AccurioPress C4080;39;1;07BA15871;Spacer /A;;C;6;10;KOM211280E0
AccurioPress C4080;39;2;40AA32320;Toner Supply Spacer;;C;4;10;KOM211280E0
AccurioPress C4080;39;3;65AA26380;Transfer Powering Bushing;;B;6;1;
AccurioPress C4080;39;4;65AA26600;Slide Spring;;C;1;1;
AccurioPress C4080;39;5;65AA26690D;Transfer Powering Plate /K;;D;1;5;
AccurioPress C4080;39;6;65AA26900D;High voltage Powering Block /C;;D;3;1;
AccurioPress C4080;39;7;A00J617800;Ball Bearing;;A;4;1;
AccurioPress C4080;39;8;A1DUR71900;Separation Claw Assy;;B;3;1;
AccurioPress C4080;39;9;A50U501201;1st Transfer Roller;;A;4;1;
AccurioPress C4080;39;10;A50U501900;Transfer Pressure Roller /K;;C;1;1;
AccurioPress C4080;39;11;A50U503200;Bushing;;D;2;1;
AccurioPress C4080;39;12;A50U505401;Transfer Pressure Roller /Y;(S/No.AC57xxx010001-);C;1;1;KOM210156E0
AccurioPress C4080;39;12;A9VP505400;Transfer Pressure Roller /Y;(S/No.AC57xxx020001-);C;1;1;KOM210156E0
AccurioPress C4080;39;13;A50U505500;Release Arm;;D;2;5;
AccurioPress C4080;39;14;A50U505601;Power supply  Block  /D;;D;1;1;
AccurioPress C4080;39;15;A50U505700;Transfer Roller Bearing /K;;B;2;1;
AccurioPress C4080;39;16;A50U505800;High voltage Powering Block /B;;D;1;1;
AccurioPress C4080;39;17;A50U506900;Release Plate;;D;1;1;
AccurioPress C4080;39;18;A50U507600;Transfer Powering Plate /L;;D;1;5;
AccurioPress C4080;39;19;A50U507801;Pressure  Spring  /C;;D;6;5;
AccurioPress C4080;39;20;A50U507900;Pressure  Spring  /Black;;D;2;5;
AccurioPress C4080;39;21;A50U508001;Pressing Spring /Front;;D;1;5;
AccurioPress C4080;39;22;A50U508102;Pressing Spring /Rear;;D;1;5;
AccurioPress C4080;39;23;A50U510100;High voltage Powering Block /C;;D;3;1;
AccurioPress C4080;39;24;A50U510200;Transfer Powering Plate /Front;;D;3;5;
AccurioPress C4080;39;25;A50UN13203;Transfer  Drive harness  /1;;D;1;1;
AccurioPress C4080;39;26;A9VEN13300;Transfer   Detection harness   /1;(S/No.AC57xxx010001-);D;1;5;KOM210156E0
AccurioPress C4080;39;26;AC57N13700;Transfer  Detection Harness  /4;(S/No.AC57xxx020001-);D;1;1;KOM210156E0
AccurioPress C4080;39;27;A9VP513400;Stopper;(S/No.AC57xxx020001-);D;2;1;KOM210156E0
AccurioPress C4080;39;28;A50U500601;Slide Plate /Front;;D;1;1;KOM240121E0
AccurioPress C4080;39;29;A50U509701;Slide Plate /Rear;;D;1;1;KOM240121E0
AccurioPress C4080;39;a;V121030403;Screw;;V;;100;
AccurioPress C4080;39;b;V127030803;screw;;V;;100;
AccurioPress C4080;39;c;V158030803;Screw;;V;;100;
AccurioPress C4080;39;d;V217040003;E-ring;;V;;100;
AccurioPress C4080;40;1;A1RF508000;Tension  Pulley;;D;2;1;
AccurioPress C4080;40;2;A1RF508100;Pulling  Wire;;D;2;1;
AccurioPress C4080;40;3;A1RF508200;Tension  Shaft;;D;2;1;
AccurioPress C4080;40;4;55VA15190;Fixing Drive Pin;;B;1;1;KOM211546E0
AccurioPress C4080;40;5;A50U501401;Drive Gear 108T;;C;1;1;
AccurioPress C4080;40;6;A50U501702;Tension  Spring;;D;1;1;
AccurioPress C4080;40;7;A9VP502101;Auxiliary  Roller  /C;;C;4;1;KOM231847E1
AccurioPress C4080;40;8;A50U502700;Handle  /Rear;;D;1;5;
AccurioPress C4080;40;9;A50U502900;Handle;;D;1;1;
AccurioPress C4080;40;10;A50U503001;Mounting  Plate;;D;1;1;
AccurioPress C4080;40;11;A50U503500;Bushing;;D;8;1;KOM210156E0
AccurioPress C4080;40;12;A50UR73J00;Cleaning Sheet Assy;;D;1;1;
AccurioPress C4080;40;13;A50UR73K00;Drive Roller Assy;(S/No.AC57xxx010001-);C;1;1;KOM210156E0
AccurioPress C4080;40;13;AC57R75500;Drive Roller Assy;(S/No.AC57xxx020001-);C;1;1;KOM210156E0
AccurioPress C4080;40;14;A9VP518000;Auxiliary Roller /1;(S/No.AC57xxx020001-);C;1;1;KOM240891E0
AccurioPress C4080;40;15;07BA15871;Spacer /A;(S/No.AC57xxx020001-);C;2;10;KOM210156E0
AccurioPress C4080;40;16;A00J617800;Ball Bearing;(S/No.AC57xxx020001-);A;2;1;KOM210156E0
AccurioPress C4080;40;a;V118030403;Screw;;V;;100;KOM210271E0
AccurioPress C4080;40;b;V127030604;Screw;;V;;100;
AccurioPress C4080;40;c;V127040603;Screw;;V;;100;
AccurioPress C4080;40;d;V207060003;Washer;;V;;100;
AccurioPress C4080;40;e;V217030003;E-ring;;V;;100;
AccurioPress C4080;40;f;V217060003;E-ring;;V;;100;
AccurioPress C4080;40;g;V500020098;Mini Locking wire saddle;;D;;5;KOM210271E0
AccurioPress C4080;40;h;V217040003;E-ring;;V;;100;KOM210156E0
AccurioPress C4080;41;1;08AA45230;COLLECTING SEAL;;C;1;5;
AccurioPress C4080;41;2;40AA32320;Toner Supply Spacer;;C;1;10;
AccurioPress C4080;41;3;56AA20940D;Toner Dust-proof Seal /D;;D;3;5;
AccurioPress C4080;41;4;56AA40490;Shaft Stopper /4;;C;2;1;
AccurioPress C4080;41;5;65AA20060;COLLECTING COVER;;C;1;1;
AccurioPress C4080;41;6;65AA20300;TONER COLLECTING SPRING;;C;1;1;
AccurioPress C4080;41;7;65AA26840;Cleaner Bushing /Front;;C;2;1;
AccurioPress C4080;41;8;65AA27090D;Blade Fulcrum Shaft;;D;1;1;
AccurioPress C4080;41;9;65AA27320;SCATTER PREVENTING PAD 4;;C;2;1;
AccurioPress C4080;41;10;A03U555400;Cleaning Spring;;C;2;5;
AccurioPress C4080;41;11;A1DUR71C11;Sheet /1 Assy;;A;1;1;KOM221466E1
AccurioPress C4080;41;12;A1DUR71D00;Sheet /2 Assy;;C;1;1;
AccurioPress C4080;41;13;A50U531400;Cleaning  Gear  /1 21T;;C;1;5;
AccurioPress C4080;41;14;A50U531500;Cleaning  Gear  /2 26T;;C;1;1;
AccurioPress C4080;41;15;A50U531601;Seal  /F;;A;2;1;
AccurioPress C4080;41;16;AAK7R71711;Belt Cleaning Blade;D1,D3,E,F2,G1,G2,H,I,J,K;A;1;1;KOM221816E0
AccurioPress C4080;41;16;AAK7R71711;Belt Cleaning Blade;B;A;1;1;
AccurioPress C4080;41;16;AAK7R71711;Belt Cleaning Blade;C;A;1;1;KOM230161E0
AccurioPress C4080;41;a;V158030803;Screw;;V;;100;
AccurioPress C4080;41;b;V217040003;E-ring;;V;;100;
AccurioPress C4080;;1;40AA32320;Toner Supply Spacer;;C;11;10;KOM210156E0
AccurioPress C4080;;2;65AA20060;COLLECTING COVER;;C;1;1;KOM210156E0
AccurioPress C4080;;3;65AA20300;TONER COLLECTING SPRING;;C;1;1;KOM210156E0
AccurioPress C4080;;4;A9CE716000;Ball bearing /S;;C;9;1;KOM210156E0
AccurioPress C4080;;5;A9VP534900;Lower Side Seal/Fr;;A;1;1;KOM210156E0
AccurioPress C4080;;6;A9VP535000;Lower Side Seal/Rr;;A;1;1;KOM210156E0
AccurioPress C4080;;7;A9VP535100;Upper Side Seal/Fr;;A;1;1;KOM230586E5
AccurioPress C4080;;7;A9VP535300;Seal;;A;1;1;KOM230586E5
AccurioPress C4080;;8;A9VP535200;Upper Side Seal/Rr;;A;1;1;KOM230586E5
AccurioPress C4080;;8;A9VP535400;Seal;;A;1;1;KOM230586E5
AccurioPress C4080;;9;A9VP545100;Gear  /1  22T;;C;1;1;KOM210156E0
AccurioPress C4080;;10;A9VP545200;Mounting  Plate;;D;1;1;KOM210156E0
AccurioPress C4080;;11;A9VP545302;Collection  Pipe  /Upper;;D;1;1;KOM210156E0
AccurioPress C4080;;12;A9VP545400;Gear  /2  35T;;C;1;1;KOM210156E0
AccurioPress C4080;;13;A9VP545500;Drive  Shaft  /1;;D;1;1;KOM210156E0
AccurioPress C4080;;14;A9VP545600;Drive  Shaft  /6;;D;1;1;KOM210156E0
AccurioPress C4080;;15;A9VP545700;Gear  /3  40T;;C;1;1;KOM210156E0
AccurioPress C4080;;16;A9VP545800;Gear  /4  33T;;C;1;1;KOM210156E0
AccurioPress C4080;;17;A9VP545900;Gear  /5  25T;;C;1;1;KOM210156E0
AccurioPress C4080;;18;A9VP546000;Gear  /7  35T;;C;1;1;KOM210156E0
AccurioPress C4080;;19;A9VP546100;Collection  Pipe  /Lower;;D;1;1;KOM210156E0
AccurioPress C4080;;20;A9VP546200;Gear  /6  31T;;C;1;1;KOM210156E0
AccurioPress C4080;;21;A9VP546300;Collection  Seal  /1;;D;1;1;KOM210156E0
AccurioPress C4080;;22;A9VP546400;Gear  /1  19T;;C;1;1;KOM210156E0
AccurioPress C4080;;23;A9VP546500;Gear  /2  22T;;C;2;1;KOM210156E0
AccurioPress C4080;;24;A9VP546600;Drive  Shaft  /4;;D;1;1;KOM210156E0
AccurioPress C4080;;25;A9VP546700;Cleaning  Seal  /2;;D;1;5;KOM210156E0
AccurioPress C4080;;26;A9VP546800;Positioning  Lever;;D;1;1;KOM210156E0
AccurioPress C4080;;27;A9VP546900;Positioning  Lever  /1;;D;1;5;KOM210156E0
AccurioPress C4080;;28;A9VP547100;Gear  /8  32T;;C;1;1;KOM210156E0
AccurioPress C4080;;29;A9VP547900;Rotation  Roll;;D;1;1;KOM210156E0
AccurioPress C4080;;30;A9VP538400;Spacer;;D;1;5;KOM250673E1
AccurioPress C4080;;a;V158030803;Screw;;V;;100;KOM210156E0
AccurioPress C4080;;b;V217030003;E-ring;;V;;100;KOM210156E0
AccurioPress C4080;;c;V217040003;E-ring;;V;;100;KOM210156E0
AccurioPress C4080;;d;V218030086;C-Clip;;V;;100;KOM210156E0
AccurioPress C4080;;e;V234200850;Pin;;V;;100;KOM210156E0
AccurioPress C4080;;f;V234201250;Pin;;V;;100;KOM210156E0
AccurioPress C4080;;1;56AA20940D;Toner Dust-proof Seal /D;;D;2;5;KOM210156E0
AccurioPress C4080;;2;56AA40490;Shaft Stopper /4;;C;3;1;KOM210156E0
AccurioPress C4080;;3;AC57533400;Blade Fulcrum Shaft;;D;1;1;KOM210156E0
AccurioPress C4080;;4;A1DUR71C11;Sheet /1 Assy;;A;1;1;KOM221466E1
AccurioPress C4080;;5;A1DUR71D00;Sheet /2 Assy;;C;1;1;KOM210156E0
AccurioPress C4080;;6;A9VP536600;Pressing  Plate;;D;1;1;KOM210156E0
AccurioPress C4080;;7;A9VP536700;Holding  Plate;;D;1;1;KOM210156E0
AccurioPress C4080;;8;A9VP540100;Collection Scraper/C;;A;1;1;KOM210156E0
AccurioPress C4080;;9;A9VP543600;Pulling  Coil spring /C;;D;2;5;KOM210156E0
AccurioPress C4080;;10;A9VP543700;Transfer  Spring  /C;;D;2;5;KOM210156E0
AccurioPress C4080;;11;AC57946500;ID Label;;D;1;5;KOM210156E0
AccurioPress C4080;;12;A9VPR71600;Belt Cleaning Blade /C;;A;1;1;KOM210156E0
AccurioPress C4080;;13;A9VPR73800;Positioning Plate Assy /C;;A;1;1;KOM210156E0
AccurioPress C4080;;14;A9VP544001;Holding  Part  /1;;D;2;1;KOM210156E0
AccurioPress C4080;;15;AC57533200;Spacer;;D;1;1;KOM210156E0
AccurioPress C4080;;16;AC57533300;Regulating  Seal;;D;1;5;KOM210156E0
AccurioPress C4080;;a;V158030803;Screw;;V;;100;KOM210156E0
AccurioPress C4080;;b;V118260403;screw;;V;;100;KOM210156E0
AccurioPress C4080;;c;V118020403;screw;;V;;100;KOM210271E0
AccurioPress C4080;42;1;A1DUR71600;Solenoid Assy;;C;1;1;
AccurioPress C4080;42;2;AC57N20000;Sensor Harness /1;;D;1;1;
AccurioPress C4080;42;3;A50U515500;Open/close  Shutter;;D;1;1;
AccurioPress C4080;42;4;A50U516800;Spring;;D;1;5;
AccurioPress C4080;42;5;A50U516900;Scatteringprevention  Pad;;D;2;1;
AccurioPress C4080;42;6;A50U517000;Pressing Spring;;D;2;1;
AccurioPress C4080;42;7;AC57R74800;Color Registration Unit;;S;1;1;
AccurioPress C4080;42;8;AC57M50200;Photo Sensing Element;;I;2;1;
AccurioPress C4080;42;9;AC57515400;Sealing  Sheet;;D;1;5;
AccurioPress C4080;42;a;V116030503;Screw;;V;;100;
AccurioPress C4080;42;b;V121030403;Screw;;V;;100;
AccurioPress C4080;42;c;V127030604;Screw;;V;;100;
AccurioPress C4080;42;d;V217020003;E Ring;;V;;100;
AccurioPress C4080;42;e;V217040003;E-ring;;V;;100;
AccurioPress C4080;42;f;V500020098;Mini Locking wire saddle;;D;;5;
AccurioPress C4080;42;g;V570010057;Wing Edge Saddle;;D;;5;
AccurioPress C4080;;1;40AA32320;Toner Supply Spacer;;C;3;10;KOM210156E0
AccurioPress C4080;;2;A1DUR71600;Solenoid Assy;;C;1;1;KOM210156E0
AccurioPress C4080;;3;A50U516800;Spring;;D;1;5;KOM210156E0
AccurioPress C4080;;4;A50U516900;Scatteringprevention  Pad;;D;2;1;KOM210156E0
AccurioPress C4080;;5;A9VP515200;Mounting  Plate;;D;2;1;KOM210156E0
AccurioPress C4080;;6;A9VP515300;Mounting  Plate;;D;1;1;KOM210156E0
AccurioPress C4080;;7;A9VP515400;Lever;;D;1;1;KOM210156E0
AccurioPress C4080;;8;A9VP515500;Open/close  Shutter  /ASSY;;D;1;1;KOM210156E0
AccurioPress C4080;;9;A9VP515600;Bushing;;D;2;1;KOM210156E0
AccurioPress C4080;;10;A9VP515900;Positioning  Plate;;D;1;1;KOM210156E0
AccurioPress C4080;;11;A9VP517000;Pressing  Spring  /Rear;;D;2;1;
AccurioPress C4080;;12;A9VPR71900;Color Registration Unit;;S;1;1;KOM210156E0
AccurioPress C4080;;13;A9VPN20000;Sensor  Harness  /1;;D;1;1;KOM210156E0
AccurioPress C4080;;14;AC57M50200;Photo Sensing Element;;I;2;1;KOM210156E0
AccurioPress C4080;;15;A9VP516401;Hinge;;D;1;1;KOM210156E0
AccurioPress C4080;;16;A9VP516500;Fixing  Plate;;D;1;1;KOM210156E0
AccurioPress C4080;;17;A9VP516600;Shaft  /1;;D;1;1;KOM210156E0
AccurioPress C4080;;18;A9VP516700;Shaft  /2;;D;1;1;KOM210156E0
AccurioPress C4080;;19;A9VP516800;Pulling  Spring;;D;1;5;KOM210156E0
AccurioPress C4080;;20;A9VP516901;Mounting  Plate;;D;1;1;KOM210156E0
AccurioPress C4080;;a;V116030503;Screw;;V;;100;KOM210156E0
AccurioPress C4080;;b;V121030403;Screw;;V;;100;KOM210156E0
AccurioPress C4080;;c;V127030604;Screw;;V;;100;KOM210156E0
AccurioPress C4080;;d;V217020003;E Ring;;V;;100;KOM210156E0
AccurioPress C4080;;e;V217040003;E-ring;;V;;100;KOM210156E0
AccurioPress C4080;;f;V500020098;Mini Locking wire saddle;;D;;5;KOM210156E0
AccurioPress C4080;;g;V500020099;Mini Locking wire saddle;;D;;5;KOM210156E0
AccurioPress C4080;;h;V570010057;Wing Edge Saddle;;D;;5;KOM210156E0
AccurioPress C4080;43;1;20AL48470G;Jam Release Knob;;C;1;1;
AccurioPress C4080;43;2;56AA42690;By-Pass Spacer;;C;4;1;
AccurioPress C4080;43;3;A00V240600;Ball Bearing;;B;3;1;
AccurioPress C4080;43;4;AC57M10300;DC   Brushless Motor  /25;;C;1;1;
AccurioPress C4080;43;5;AC57736201;Positioning Shaft /11;;D;2;1;
AccurioPress C4080;43;6;A1RF758100;Pin  /B;;D;1;1;
AccurioPress C4080;43;7;A1RF809400;Pressure Gear /1 22T;;C;1;1;
AccurioPress C4080;43;8;A4EU265000;Ball bearing;;B;1;1;
AccurioPress C4080;43;9;A50U742901;Pressure  Gear  /2 90T;;C;1;1;
AccurioPress C4080;43;10;A50U743100;Pressure  Gear  /4 23/110T;;C;1;1;
AccurioPress C4080;43;11;A50U743200;Pressure  Gear  /5 87T;;C;1;1;
AccurioPress C4080;43;12;A50U745600;Fixing  Plate  /1;;D;1;1;
AccurioPress C4080;43;13;A50U745700;Processing  Shaft  /A;;D;1;1;
AccurioPress C4080;43;14;AC57749002;Fusing Cover /A;;D;1;1;KOM231225E0
AccurioPress C4080;43;15;A50U751101;Spacer  /1;;D;1;5;
AccurioPress C4080;43;16;A50U751200;Positioning  Plate  /A;;D;1;5;
AccurioPress C4080;43;17;A50U751301;Spacer  /2;;D;1;1;
AccurioPress C4080;43;18;A50U752600;Processing  Shaft;;D;1;1;
AccurioPress C4080;43;19;A50U755900;Spacer  /3;;D;1;5;
AccurioPress C4080;43;20;A50U756002;Auxiliary  Side plate;;D;1;1;
AccurioPress C4080;43;21;A50U756500;Part  /1;;D;2;1;
AccurioPress C4080;43;22;A50U757000;Connecting  Gear  /A 41/22T;;C;1;1;
AccurioPress C4080;43;23;A50U757100;Idling  Gear  /A 22T;;C;1;1;
AccurioPress C4080;43;24;A50U943503;Release Label /5;;D;1;5;KOM242412E0
AccurioPress C4080;43;25;A50U949600;Replacement  Label;;D;1;5;
AccurioPress C4080;43;26;A50UN10903;Fixing   Wiring   /5;;D;1;1;
AccurioPress C4080;43;27;A9VE742500;Pressure  Shaft  /B;;D;1;1;
AccurioPress C4080;43;28;A9VP742800;Pressure  Gear  /1;;C;1;1;KOM230424E0
AccurioPress C4080;43;29;A9VE743000;Pressure Gear /3 23/85T;;C;1;1;
AccurioPress C4080;43;30;AC57R72322;Fusing Unit (208V);(Service Part Only)B;I;1;1;
AccurioPress C4080;43;30;AC57R72422;Fusing Unit (220V);(Service Part Only)C;I;1;1;KOM250076E0
AccurioPress C4080;43;30;AC57R72422;Fusing Unit (220V);(Service Part Only)D1,D3,E,F2,G1,H,I,K,J;I;1;1;KOM242562E0
AccurioPress C4080;43;30;AC57R72B11;Fusing Unit (208V);B,G2;I;1;1;
AccurioPress C4080;43;30;AC57R72C11;Fusing Unit (220V);C;I;1;1;KOM251512E0
AccurioPress C4080;43;30;AC57R72322;Fusing Unit (208V);(Service Part Only)G2;I;1;1;
AccurioPress C4080;43;30;AC57R72C11;Fusing Unit (220V);D1,D3,E,F2,G1,H,I,K,J;I;1;1;KOM242566E0
AccurioPress C4080;43;31;AC57745300;Fixing Plate /5;;D;1;1;
AccurioPress C4080;43;a;V116030603;Screw;;V;;100;
AccurioPress C4080;43;b;V121030403;Screw;;V;;100;
AccurioPress C4080;43;c;V121041003;Screw;;V;;100;
AccurioPress C4080;43;d;V127030604;Screw;;V;;100;
AccurioPress C4080;43;e;V127030803;screw;;V;;100;
AccurioPress C4080;43;f;V127040603;Screw;;V;;100;
AccurioPress C4080;43;g;V217060003;E-ring;;V;;100;
AccurioPress C4080;43;h;V217040003;E-ring;;V;;100;
AccurioPress C4080;43;k;V217080003;Ring;;V;;100;
AccurioPress C4080;43;m;V234200850;Pin;;V;;100;
AccurioPress C4080;43;n;V234301450;Pin;;V;;100;
AccurioPress C4080;43;p;V500010057;Locking Wire Saddle;;D;;5;
AccurioPress C4080;43;q;V500010074;FClamp;;V;;5;
AccurioPress C4080;43;r;V500020098;Mini Locking wire saddle;;D;;5;
AccurioPress C4080;43;s;V570010057;Wing Edge Saddle;;D;;5;
AccurioPress C4080;44;1;07BA12352;Magnet Catch;;C;4;1;
AccurioPress C4080;44;2;4470402401;Stopper;;D;3;5;
AccurioPress C4080;44;3;56AA42690;By-Pass Spacer;;C;5;1;
AccurioPress C4080;44;4;A00J617800;Ball Bearing;;A;2;1;
AccurioPress C4080;44;5;A00V240600;Ball Bearing;;B;2;1;
AccurioPress C4080;44;6;A03U724200;Positioning Shaft;;D;2;1;
AccurioPress C4080;44;7;A03U734500;Support Screw /A;;C;1;5;
AccurioPress C4080;44;8;A03U808400;FIXING DRIVE GEAR /D 19T;;B;1;1;
AccurioPress C4080;44;9;A1RF820000;Ball Bearing;;C;2;1;
AccurioPress C4080;44;10;A50U732100;Protection  Seal  /1;;D;1;1;
AccurioPress C4080;44;11;A50U743302;Drive  Plate  /4;;D;1;1;
AccurioPress C4080;44;12;A50U743600;Drive  Gear  /2 33/58T;;C;1;1;
AccurioPress C4080;44;13;A50U743700;Drive  Gear  /3 36/74T;;C;1;1;
AccurioPress C4080;44;14;A50U743900;Drive  Gear  /5 26T;;C;1;1;
AccurioPress C4080;44;15;AC57744600;Sensor Plate;;D;1;1;
AccurioPress C4080;44;16;A50U744912;Mounting  Plate  /4;;D;1;1;
AccurioPress C4080;44;17;A50U745501;Paper exit  Plate  /1;;D;1;5;
AccurioPress C4080;44;18;A50U746400;Paper exit  Gear  /A 37T;;C;1;5;
AccurioPress C4080;44;19;A50U748506;Fusing  Cover  /Rear;;D;1;1;
AccurioPress C4080;44;20;A50U749200;Mounting  Plate  /1;;D;1;1;
AccurioPress C4080;44;21;A50U749300;Mounting  Plate  /2;;D;1;1;
AccurioPress C4080;44;22;A50U752000;Drive Gear /C 36T;;D;1;1;
AccurioPress C4080;44;23;A50U752200;Fusing Gear/3 30T;;B;1;1;
AccurioPress C4080;44;24;A50U752300;Paper exit  Shaft  /A;;D;1;1;
AccurioPress C4080;44;25;A50U754700;Fusing  Gear  /6 16T;;C;1;1;
AccurioPress C4080;44;26;A85CM55600;Photo   Sensor;;I;3;1;
AccurioPress C4080;44;27;A9VE742400;Pin  /4;;D;1;1;
AccurioPress C4080;44;28;A9VE743800;Drive Gear /4 74T;;C;1;1;
AccurioPress C4080;44;29;A9VE744300;Drive  Shaft  /2;;D;1;1;
AccurioPress C4080;44;30;AC57747200;Hold Plate /2;;D;1;5;
AccurioPress C4080;44;31;AC57747301;Wiring Part /5;;D;1;1;
AccurioPress C4080;44;32;AC57M10600;DC Brushless Motor /50;;C;1;1;
AccurioPress C4080;44;33;AC57N10700;Fusing Harness /2;;D;1;1;
AccurioPress C4080;44;34;AC57768600;Guide Collar;;D;1;5;
AccurioPress C4080;44;a;V116040603;Screw;;V;;100;
AccurioPress C4080;44;b;V118030603;Screw;;V;;100;
AccurioPress C4080;44;c;V121030403;Screw;;V;;100;
AccurioPress C4080;44;d;V127030516;Screw;;V;;100;
AccurioPress C4080;44;e;V127030604;Screw;;V;;100;
AccurioPress C4080;44;f;V127030803;screw;;V;;100;
AccurioPress C4080;44;g;V127040603;Screw;;V;;100;
AccurioPress C4080;44;h;V217040003;E-ring;;V;;100;
AccurioPress C4080;44;k;V217080003;Ring;;V;;100;
AccurioPress C4080;44;m;V234201850;Pin;;V;;100;
AccurioPress C4080;44;n;V234301450;Pin;;V;;100;
AccurioPress C4080;44;p;V237301150;pin;;V;;100;
AccurioPress C4080;44;q;V500010021;Locking Wire Saddle;;D;;5;
AccurioPress C4080;44;r;V500020099;Mini Locking wire saddle;;D;;5;
AccurioPress C4080;44;s;V500020100;Mini Locking wire saddle;;D;;5;
AccurioPress C4080;44;t;V570010057;Wing Edge Saddle;;D;;5;
AccurioPress C4080;44;u;V217060003;E-ring;;V;;100;
AccurioPress C4080;45;1;A03UN23200;Grounding Wiring /F;;D;1;5;
AccurioPress C4080;45;2;A50U745100;Guide Screw;;D;1;1;
AccurioPress C4080;45;3;A50U746200;Stay  /2;;D;1;1;
AccurioPress C4080;45;4;A50U787500;Hold Arm /Front;;D;1;5;
AccurioPress C4080;45;5;A50U787600;Hold  Arm  /Rear;;D;1;1;
AccurioPress C4080;45;6;A50UR70E22;Fusing Temperature Sensor/4;;B;1;1;
AccurioPress C4080;45;7;A50UR72Y00;Fusing Temperature Sensor/5;;C;1;1;
AccurioPress C4080;45;8;A9VE741600;Pressure  Spring  /11;;D;2;1;
AccurioPress C4080;45;9;A9VE745800;Sensor  Stay  /4;;D;1;1;
AccurioPress C4080;45;10;SP00-0220;Thermostat  /Lower;;I;1;1;
AccurioPress C4080;45;11;AC57767800;Mounting Plate /23;;D;1;5;KOM241072E1
AccurioPress C4080;45;11;AC57767801;Mounting Plate /23;;D;1;5;KOM241072E1
AccurioPress C4080;45;12;AC57768000;Guide Shaft /22;;D;2;1;
AccurioPress C4080;45;13;AC57768100;Guide Roll /11;;D;2;1;
AccurioPress C4080;45;14;AC57768200;Pressure Spring /12;;C;2;5;
AccurioPress C4080;45;15;AC57768300;Mounting Plate /24;;D;1;5;
AccurioPress C4080;45;16;AC57768401;Support Plate /Front;;D;1;1;
AccurioPress C4080;45;17;AC57768500;Mounting Plate /26;;D;1;5;
AccurioPress C4080;45;18;AC57767600;Mounting Plate /21;;D;1;5;
AccurioPress C4080;45;19;AC57767701;Support Plate /Rear;;D;1;1;
AccurioPress C4080;45;20;A9VP788700;Protection  Sheet  /1;;D;1;5;KOM220490E1
AccurioPress C4080;45;21;AC57767500;Protection  Cover;;D;1;1;KOM241072E1
AccurioPress C4080;45;22;A03U734500;Support Screw /A;;C;1;5;KOM241072E1
AccurioPress C4080;45;a;V116030603;Screw;;V;;100;
AccurioPress C4080;45;b;V116040603;Screw;;V;;100;
AccurioPress C4080;45;c;V118030403;Screw;;V;;100;
AccurioPress C4080;45;d;V121030403;Screw;;V;;100;
AccurioPress C4080;45;e;V195060003;Nut;;V;;100;
AccurioPress C4080;45;f;V205060003;washer;;V;;100;
AccurioPress C4080;45;g;V500020097;FClamp;;V;;1;
AccurioPress C4080;45;h;V500020096;FClamp;;V;;1;
AccurioPress C4080;45;k;V217040003;E-ring;;V;;100;
AccurioPress C4080;45;m;V500010074;FClamp;;V;;5;
AccurioPress C4080;46;1;4470402401;Stopper;;D;2;5;
AccurioPress C4080;46;2;26NA53712;BALL BEARING;;A;2;1;
AccurioPress C4080;46;3;A03U734500;Support Screw /A;;C;1;5;
AccurioPress C4080;46;4;A1RFM51000;Photointerrupter  /H;;C;2;1;
AccurioPress C4080;46;5;A50U746800;Wiring  Part  /3;;D;1;1;
AccurioPress C4080;46;6;A50U747803;Actuator  /A;;D;1;1;
AccurioPress C4080;46;7;A50U747900;Shaft  /1;;D;1;1;
AccurioPress C4080;46;8;A50U748200;Wiring  Part  /1;;D;1;1;
AccurioPress C4080;46;9;A50U752700;Fusing Gear/1  38T;;B;1;1;
AccurioPress C4080;46;10;A50U755100;Holding  Part  /F;;D;1;5;
AccurioPress C4080;46;11;A50U755301;Sheet  /L;;D;1;1;
AccurioPress C4080;46;12;A9VE741800;Hold  Plate  /2;;D;1;1;
AccurioPress C4080;46;13;A50U756300;Insulating Sleeve /Lower;;B;2;1;
AccurioPress C4080;46;14;AC57R74300;Guide Plate Assy;;D;1;1;
AccurioPress C4080;46;15;A50U765500;Fusing Roller /Lw;;B;1;1;
AccurioPress C4080;46;16;A50U787700;Sensor  Plate  /Front;;D;1;5;
AccurioPress C4080;46;17;A50U788602;Sensor  Plate  /Rear;;D;1;1;
AccurioPress C4080;46;18;A50U788900;Insulating  Plate  /Front;;D;1;1;
AccurioPress C4080;46;19;A50U789100;Insulating  Plate  /Rear;;D;1;1;
AccurioPress C4080;46;20;A50UM32E00;Fusing Heater Lamp/4 (208V);B,G2;I;1;1;
AccurioPress C4080;46;20;A50UM32F00;Fusing Heater Lamp/4 (220V);C,D1,D3,E,F2,G1,H,I,K,J;I;1;1;KOM210386E0
AccurioPress C4080;46;21;A9VE741700;Hold  Plate  /1;;D;1;1;
AccurioPress C4080;46;a;V121030403;Screw;;V;;100;
AccurioPress C4080;46;b;V127030604;Screw;;V;;100;
AccurioPress C4080;46;c;V217020003;E Ring;;V;;100;
AccurioPress C4080;46;d;V223260017;Ring;;V;;100;
AccurioPress C4080;46;e;V500010074;FClamp;;V;;5;
AccurioPress C4080;46;f;V570010025;saddle;;D;;5;
AccurioPress C4080;47;1;A03U734500;Support Screw /A;;C;12;5;
AccurioPress C4080;47;2;A1RF758100;Pin  /B;;D;2;1;
AccurioPress C4080;47;3;A4EU265000;Ball bearing;;B;4;1;
AccurioPress C4080;47;4;A50U642300;Mounting  Screw;;D;4;5;
AccurioPress C4080;47;5;AC57744700;Pressure Actuator /1;;C;1;5;
AccurioPress C4080;47;6;AC57767400;Pressure Cam /2;;C;2;1;
AccurioPress C4080;47;7;AC57746700;Support Shaft /Rear;;D;1;1;
AccurioPress C4080;47;8;A50U747101;Stopper  Shaft  /1;;D;1;1;
AccurioPress C4080;47;9;AC57754900;Support Shaft /Front;;D;1;1;
AccurioPress C4080;47;10;A50U785000;Rotation  Shaft  /2;;D;2;1;
AccurioPress C4080;47;11;A50U787003;Cover  Plate;;D;1;1;
AccurioPress C4080;47;12;A50U788000;Cooling  Duct;;D;1;1;
AccurioPress C4080;47;13;A50U788102;Wiring  Part  /2;;D;1;1;
AccurioPress C4080;47;14;A50U792901;Wiring  Part  /D;;D;1;1;
AccurioPress C4080;47;15;A50U794800;Wiring  Part;;D;5;1;
AccurioPress C4080;47;16;A50U799200;Mounting  Plate;;D;1;1;
AccurioPress C4080;47;17;A50U799601;Adjusting  Plate;;D;1;1;
AccurioPress C4080;47;18;A50U799700;Regulating  Plate;;D;1;1;
AccurioPress C4080;47;19;A50U799800;Wiring  Part;;D;2;1;
AccurioPress C4080;47;20;AC57741900;Pressure Shaft /A;;D;1;1;
AccurioPress C4080;47;21;AC57742000;Pressure Cam /1;;C;2;1;
AccurioPress C4080;47;22;A9VE758400;Drive  Plate  /2;;D;2;5;
AccurioPress C4080;47;23;A9VE758600;Pressure Gear /5 42T;;C;1;1;
AccurioPress C4080;47;a;V116030603;Screw;;V;;100;
AccurioPress C4080;47;b;V121030403;Screw;;V;;100;
AccurioPress C4080;47;c;V195040003;Nut;;V;;100;
AccurioPress C4080;47;d;V205040003;washer;;V;;100;
AccurioPress C4080;47;e;V217080003;Ring;;V;;100;
AccurioPress C4080;47;f;V234200850;Pin;;V;;100;
AccurioPress C4080;47;g;V500010074;FClamp;;V;;5;
AccurioPress C4080;47;h;V500020096;FClamp;;V;;1;
AccurioPress C4080;47;k;V234301050;Pin;;V;;100;
AccurioPress C4080;48;1;55VA20520;Cleaner Locking Screw;;C;2;1;
AccurioPress C4080;48;2;A03U734500;Support Screw /A;;C;4;5;
AccurioPress C4080;48;3;A03UN23200;Grounding Wiring /F;;D;1;5;
AccurioPress C4080;48;4;A50U722100;Fusing  Cover  /1;;D;1;1;
AccurioPress C4080;48;5;A50U722202;Fusing  Cover  /2;;D;1;1;
AccurioPress C4080;48;6;A50U723911;Stay  /2;;D;2;5;
AccurioPress C4080;48;7;A50U725200;Tension  Spring  /1;;D;2;5;
AccurioPress C4080;48;8;A50U726611;Guide  Part  /2;;D;2;1;
AccurioPress C4080;48;9;A50U728500;Insulating  Sheet  /A;;D;1;1;
AccurioPress C4080;48;10;A50U728800;Insulating  Sheet  /D;;D;1;5;
AccurioPress C4080;48;11;A50U730900;Cover  Part  /1;;D;1;1;
AccurioPress C4080;48;12;A50U731002;Insulating  Sheet  /F;;D;1;1;
AccurioPress C4080;48;13;A50U731102;Insulating  Sheet  /G;;D;1;1;
AccurioPress C4080;48;14;A50U733500;Protection  Part  /1;;D;2;1;
AccurioPress C4080;48;15;A50UR70F00;Fusing Temperature Sensor/3;;B;1;1;
AccurioPress C4080;48;16;SP00-0210;Thermostat  /Upper;;I;2;1;
AccurioPress C4080;48;17;A9VE728400;Mounting  Plate  /B;;D;1;1;
AccurioPress C4080;48;18;A9VE733400;Protection  Cover  /A;;D;1;1;
AccurioPress C4080;48;19;A9VE769001;Fusing  Stay  /2;;D;1;1;
AccurioPress C4080;48;20;A85C789300;Insulating  Sheet  /F;;D;2;5;
AccurioPress C4080;48;21;A85C789200;Hold  Part  /A;;D;2;1;
AccurioPress C4080;48;22;A9VEN10601;Fixing   Wiring   /1;;D;1;1;
AccurioPress C4080;48;23;A9VEN11000;Fixing   Relay harness   /1;;D;1;1;
AccurioPress C4080;48;24;AC57723800;Sensor Stay /1;;D;1;1;
AccurioPress C4080;48;25;AC57768800;Holding Spring /11;;D;2;5;
AccurioPress C4080;48;26;AC57M50001;Temperature Sensor /1;;I;1;1;
AccurioPress C4080;48;27;AC57M50101;Temperature Sensor /2;;I;1;1;
AccurioPress C4080;48;a;V195030003;nut;;V;;100;
AccurioPress C4080;48;b;V116030603;Screw;;V;;100;
AccurioPress C4080;48;c;V116030803;Screw;;V;;100;
AccurioPress C4080;48;d;V116040603;Screw;;V;;100;
AccurioPress C4080;48;e;V118030303;screw;;V;;100;
AccurioPress C4080;48;f;V121030403;Screw;;V;;100;
AccurioPress C4080;48;g;V127030604;Screw;;V;;100;
AccurioPress C4080;48;h;V127040603;Screw;;V;;100;
AccurioPress C4080;48;k;V500010070;Mini Locking Wire Saddle;;D;;5;
AccurioPress C4080;48;m;V500010073;FClamp;;V;;1;
AccurioPress C4080;48;n;V500010074;FClamp;;V;;5;
AccurioPress C4080;48;p;V500020096;FClamp;;V;;1;KOM230142E0
AccurioPress C4080;49;1;26NA53712;BALL BEARING;;A;2;1;
AccurioPress C4080;49;2;55VA48500;PARALLEL PIN D3X18;;D;1;1;
AccurioPress C4080;49;3;A00V240600;Ball Bearing;;B;2;1;
AccurioPress C4080;49;4;A9VEM31E00;Fusing Heater Lamp Assy 1 /Up (208V);B,G2;B;1;1;
AccurioPress C4080;49;4;A9VEM31F00;Fusing Heater Lamp Assy 1 /Up (220V);C,D1,D3,E,F2,G1,H,I,K,J;B;1;1;KOM210386E0
AccurioPress C4080;49;5;A03U809500;FIXING DRIVE GEAR /O 26T;;A;1;1;
AccurioPress C4080;49;6;A9VPR78400;Fixing belt/DAssy;C;I;1;1;KOM250075E0
AccurioPress C4080;49;6;A9VPR78400;Fixing belt/DAssy;D1,D3,E,F2,G1,G2,H,I,J,K;I;1;1;KOM241155E0
AccurioPress C4080;49;6;A9VER70A00;Fusing Belt Assy;B;B;1;1;KOM240876E0
AccurioPress C4080;49;7;A50U725001;Drive  Gear  /Upper 38T;;C;1;1;
AccurioPress C4080;49;8;A50U739811;Drive  Gear  /Front 38T;;C;1;1;
AccurioPress C4080;49;9;A50U739900;Connecting  Gear  /A 42/25T;;C;1;1;
AccurioPress C4080;49;10;A50U744000;Drive  Gear  /6 36T;;C;1;1;
AccurioPress C4080;49;11;A50U744100;Drive  Gear  /7 27T;;C;1;1;
AccurioPress C4080;49;12;A50U744400;Drive  Shaft  /3;;D;1;1;
AccurioPress C4080;49;13;A50U756300;Insulating Sleeve /Lower;;B;2;1;
AccurioPress C4080;49;14;A50U765000;Fusing Belt;(Service Part Only);B;1;1;KOM230466E3
AccurioPress C4080;49;15;AC58783400;Hold Plate /4;;D;1;1;
AccurioPress C4080;49;16;A9VP744900;Insulating  Sleeve  /Upper;;B;2;1;KOM231767E0
AccurioPress C4080;49;17;AC57745000;Fusing Ball bearing /Upper;;A;2;1;
AccurioPress C4080;49;18;A9VE720300;Fusing  Roller  /1;;B;1;1;
AccurioPress C4080;49;19;A9VE720500;Fusing Roller /2;;B;1;1;
AccurioPress C4080;49;20;A9VE723500;Support  Plate  /1;;D;1;1;
AccurioPress C4080;49;21;A9VE723600;Support  Plate  /2;;D;1;1;
AccurioPress C4080;49;22;A9VE724100;Regulating  Sleeve  /1;;B;2;1;
AccurioPress C4080;49;23;A9VE726800;Guide  Part  /3;;D;1;1;
AccurioPress C4080;49;24;A9VE728300;Support  Plate  /11;;D;1;1;
AccurioPress C4080;49;25;A9VE733000;Cover  /Front;;D;1;1;
AccurioPress C4080;49;26;A9VE733100;Cover  /Rear;;D;1;1;
AccurioPress C4080;49;27;A9VE743500;Drive  Plate  /6;;D;1;1;
AccurioPress C4080;49;28;A9VE785400;Stopper  Stopper  /A;;D;1;1;
AccurioPress C4080;49;29;A9VE785500;Stopper  Stopper  /B;;D;1;1;
AccurioPress C4080;49;30;A9VEM33E00;Fusing Heater Lamp Assy 2 /Up (208V);B,G2;B;1;1;
AccurioPress C4080;49;30;A9VEM33F00;Fusing Heater Lamp Assy 2 /Up (220V);C,D1,D3,E,F2,G1,H,I,K,J;B;1;1;KOM210386E0
AccurioPress C4080;49;31;A50U767000;Fusing  Belt  /D;;B;1;1;KOM230466E3
AccurioPress C4080;49;32;A9VPR78300;Fusing Belt Assy;(Service Part Only);B;1;1;KOM240876E0
AccurioPress C4080;49;33;A9VE730100;Fusing  Stay  /A;;D;1;1;KOM231484E0
AccurioPress C4080;49;34;A9VE730500;Fusing  Stay  /E;;D;1;1;KOM231484E0
AccurioPress C4080;49;a;V116030503;Screw;;V;;100;
AccurioPress C4080;49;b;V121030403;Screw;;V;;100;
AccurioPress C4080;49;c;V217060003;E-ring;;V;;100;
AccurioPress C4080;49;d;V223260017;Ring;;V;;100;
AccurioPress C4080;49;e;V223400017;Ring;;V;;1;
AccurioPress C4080;49;f;V500010074;FClamp;;V;;5;
AccurioPress C4080;49;g;V500020096;FClamp;;V;;1;
AccurioPress C4080;49;h;V570010025;saddle;;D;;5;
AccurioPress C4080;50;1;55GA75031;BALL BEARING;;A;2;1;
AccurioPress C4080;50;2;65AA53560;PAPER EXIT DETECTING SPRING;;C;1;5;
AccurioPress C4080;50;3;65AA53991;Fixing Papaer Exit Lever;;C;1;1;
AccurioPress C4080;50;4;A03U723301;Open/close Lever;;C;1;1;
AccurioPress C4080;50;5;A03U728000;PAPER EXIT SHAFT;;D;1;1;
AccurioPress C4080;50;6;A03U734800;Positioning Plate spring /1;;C;1;5;
AccurioPress C4080;50;7;A03U734900;Positioning Plate;;D;1;1;
AccurioPress C4080;50;8;A9VE760900;Paper exit  Roll;;B;2;1;
AccurioPress C4080;50;9;A50U746500;Paper exit  Gear  /B 20T;;C;1;1;
AccurioPress C4080;50;10;A50U748701;Paper exit  Actuator;;D;1;1;
AccurioPress C4080;50;11;A50U760400;Insulating  Sheet;;D;1;1;
AccurioPress C4080;50;12;A50U760600;Pressing Cam /1;;D;1;1;
AccurioPress C4080;50;13;A50U760701;Holding Plate;;D;1;1;
AccurioPress C4080;50;14;A50U760802;Support Plate;;D;1;1;
AccurioPress C4080;50;15;AC57761000;Fixing Paper exit Roller;;C;1;1;
AccurioPress C4080;50;16;A50U761100;Heat blocking  Plate  /Rear;;D;1;1;
AccurioPress C4080;50;17;A50U761200;Insulating  Sheet  /Rear;;D;1;1;
AccurioPress C4080;50;18;A50U761300;Heat blocking  Plate  /Front;;D;1;1;
AccurioPress C4080;50;19;A50U761400;Insulating  Sheet  /Front;;D;1;1;
AccurioPress C4080;50;20;A50U761500;Fixing Paper exit Bearing;;C;4;1;
AccurioPress C4080;50;21;A50U761601;Paper exit  Spring  /1;;D;1;5;
AccurioPress C4080;50;22;A50U761700;Paper exit  Spring  /2;;D;2;5;
AccurioPress C4080;50;23;A50U761800;Pressing Cam /2;;D;1;5;
AccurioPress C4080;50;24;A50U761900;Release Lever;;D;2;1;
AccurioPress C4080;50;25;A50U762000;Slide Plate;;D;1;1;
AccurioPress C4080;50;26;A50U762100;Paper exit Detecting Shaft;;D;1;1;
AccurioPress C4080;50;27;A50U762200;Protection  Film;;D;1;1;
AccurioPress C4080;50;28;A50U762300;Slide Knob;;D;1;1;
AccurioPress C4080;50;29;A50U762400;Fusing  Spacer  /2;;D;2;1;
AccurioPress C4080;50;30;A50U763800;Paper exit Open/shut Spring /B;;D;1;1;
AccurioPress C4080;50;31;A50U763900;Paper exit Open/shut Spring /A;;D;1;1;
AccurioPress C4080;50;32;A50U943702;Release Label /7;;D;2;5;KOM242412E0
AccurioPress C4080;50;33;A50UR72U11;Fusing Separating Claw Assy;;B;5;1;
AccurioPress C4080;50;34;A85C757801;Guide  Plate  /E;;D;1;1;
AccurioPress C4080;50;35;A85C758100;Paper exit  Plate  /Upper;;D;1;1;
AccurioPress C4080;50;36;A85C764100;Holding  Sheet  /A;;D;1;1;
AccurioPress C4080;50;37;A9VE727501;Guide Seal /A;;D;1;1;KOM251585E0
AccurioPress C4080;50;38;A9VE727701;Guide Seal /C;;D;6;5;KOM251585E0
AccurioPress C4080;50;39;A9VE758000;Separating  Cell  /11;;D;3;1;
AccurioPress C4080;50;40;AC57760300;Paper exit Plate /Lower;;D;1;1;
AccurioPress C4080;50;41;A9VE764200;Protection Film /B;;D;1;5;
AccurioPress C4080;50;42;A9VE949000;Caution  Label;;D;1;1;
AccurioPress C4080;50;43;AC57R72100;Fusing Paper Exit Door Duct Assy;;D;1;1;
AccurioPress C4080;50;44;AC57R75400;Fusing Separating Plate Assy;(Service Part Only);C;1;1;KOM210292E0
AccurioPress C4080;50;45;AC57P72600;Support  Plate  /B;(Service Part Only);D;1;1;KOM251195E0
AccurioPress C4080;50;a;V116030603;Screw;;V;;100;
AccurioPress C4080;50;b;V118020403;screw;;V;;100;
AccurioPress C4080;50;c;V118030403;Screw;;V;;100;
AccurioPress C4080;50;d;V127030516;Screw;;V;;100;
AccurioPress C4080;50;e;V127030604;Screw;;V;;100;
AccurioPress C4080;50;f;V151030803;Screw;;V;;100;
AccurioPress C4080;50;g;V151040803;screw;;V;;100;
AccurioPress C4080;50;h;V217020003;E Ring;;V;;100;
AccurioPress C4080;50;k;V217040003;E-ring;;V;;100;
AccurioPress C4080;50;m;V217050003;E ring;;V;;100;
AccurioPress C4080;50;n;V226060050;CS-ring;;V;;100;
AccurioPress C4080;50;p;V234201250;Pin;;V;;100;
AccurioPress C4080;50;q;V217030003;E-ring;;V;;100;
AccurioPress C4080;51;1;A03U734500;Support Screw /A;;C;7;5;
AccurioPress C4080;51;2;A50U721502;Fusing  Frame  /Upper;;D;1;1;
AccurioPress C4080;51;3;A50U722700;Fusing  Duct  /3;;D;3;1;
AccurioPress C4080;51;4;A50U732000;Insulating  Sheet  /N;;D;3;1;
AccurioPress C4080;51;5;AC57740000;Separating Seal;;D;6;5;
AccurioPress C4080;51;6;A50U738700;Cover  Part  /A;;D;1;1;
AccurioPress C4080;51;7;A50U763000;Support  Plate;;D;2;1;
AccurioPress C4080;51;8;A50U763600;Insulating  Sheet  /6;;D;4;5;
AccurioPress C4080;51;9;A9VE722800;Fusing  Duct  /4;;D;3;1;
AccurioPress C4080;51;10;A9VE727601;Guide Seal /B;;D;3;1;KOM251585E0
AccurioPress C4080;51;11;A9VE731500;Insulating  Sheet  /L;;D;1;1;
AccurioPress C4080;51;12;A9VE769300;Reflecting  Plate  /3;;D;1;1;
AccurioPress C4080;51;13;A9VE769600;Holding  Sheet  /Front;;D;1;1;
AccurioPress C4080;51;14;A9VER70900;Fusing Stay/ Upper Assy;;D;1;1;
AccurioPress C4080;51;15;AC57784600;Protection Sheet /A;;D;1;5;
AccurioPress C4080;51;a;V121030403;Screw;;V;;100;
AccurioPress C4080;52;1;13QA40610;Gear Spacer;;C;5;1;
AccurioPress C4080;52;2;AC57220500;Idling Gear 45T;;C;3;5;
AccurioPress C4080;52;3;AC57341700;Guide Rail;;D;4;1;
AccurioPress C4080;52;4;AC57169000;Cover Duct /B;;D;1;1;
AccurioPress C4080;52;5;A50U169602;Mounting  Screw;;D;2;1;
AccurioPress C4080;52;6;AC57222400;Idling Gear 31/42T;;C;3;1;
AccurioPress C4080;52;7;A50U221500;Release  Lever;;D;1;1;
AccurioPress C4080;52;8;A50U221701;Guide  Handle;;D;1;1;
AccurioPress C4080;52;9;A50U341002;Protection  Cover  /2;;D;1;1;
AccurioPress C4080;52;10;A50U948001;Caution  Label;;D;1;1;
AccurioPress C4080;52;11;A50U945601;Operation  Label;;D;3;1;KOM211325E0
AccurioPress C4080;52;12;A50U949700;Replacement  Label  /1;;D;4;5;
AccurioPress C4080;52;13;A79JM11300;DC   Brushless motor   /30;;I;4;1;
AccurioPress C4080;52;14;A50U220501;Idling  Gear  /C 63/34T;;C;4;1;
AccurioPress C4080;52;15;A9VE942700;Caution  Label;;D;1;1;
AccurioPress C4080;52;16;A9VEN12400;Developing   Wiring   /1;;D;1;1;
AccurioPress C4080;52;17;AC57R71100;Developing Drive ASSY;;S;1;1;
AccurioPress C4080;52;18;40AA32320;Toner Supply Spacer;;C;6;10;
AccurioPress C4080;52;19;A9VE220500;Idling Gear /C 35/62T;;C;1;1;
AccurioPress C4080;52;a;V114041004;screw;;V;;100;
AccurioPress C4080;52;b;V121030403;Screw;;V;;100;
AccurioPress C4080;52;c;V127030604;Screw;;V;;100;
AccurioPress C4080;52;d;V127030803;screw;;V;;100;
AccurioPress C4080;52;e;V500010082;Locking Wire Saddle;;D;;5;
AccurioPress C4080;52;f;V211040080;washer;;V;;100;
AccurioPress C4080;52;g;V217060003;E-ring;;V;;100;
AccurioPress C4080;52;h;V221040050;G-ring;;V;;100;
AccurioPress C4080;52;k;V500010083;Locking Wire Saddle;;D;;5;
AccurioPress C4080;52;m;V500020098;Mini Locking wire saddle;;D;;5;
AccurioPress C4080;53;1;40AA32320;Toner Supply Spacer;;C;16;10;
AccurioPress C4080;53;2;A00J617800;Ball Bearing;;A;16;1;
AccurioPress C4080;53;3;A00V240600;Ball Bearing;;B;4;1;
AccurioPress C4080;53;4;A50U220700;Coupling  Gear  /C 28T;;C;1;5;
AccurioPress C4080;53;5;A50U221800;Drive  Gear  /D 40T;;C;4;5;
AccurioPress C4080;53;6;A9VE222000;Collar;;D;4;1;
AccurioPress C4080;53;7;A50U337101;Positioning  Rail  /1;;D;4;5;
AccurioPress C4080;53;8;A50U337400;Ground  Plate spring  /Front;;D;4;5;
AccurioPress C4080;53;9;A50U949700;Replacement  Label  /1;;D;4;5;
AccurioPress C4080;53;10;A9VE220600;Drive Gear /C 36T;;C;1;5;
AccurioPress C4080;53;11;AC57220700;Drive Gear 28T;;C;3;5;
AccurioPress C4080;53;12;AC57222300;Drive Gear 34T;;C;3;1;
AccurioPress C4080;53;a;V127030604;Screw;;V;;100;
AccurioPress C4080;53;b;V217040003;E-ring;;V;;100;
AccurioPress C4080;53;c;V234301050;Pin;;V;;100;
AccurioPress C4080;53;d;V234301250;Pin;;B;;100;
AccurioPress C4080;53;e;V234301650;Pin;;V;;100;
AccurioPress C4080;54;1;4470402401;Stopper;;D;1;5;
AccurioPress C4080;54;2;A50U335600;Cleaning  Seal  /A;;D;1;5;
AccurioPress C4080;54;3;A50U337200;Positioning  Rail  /2;;D;3;1;
AccurioPress C4080;54;4;A50U337300;Ground  Plate spring  /Rear;;D;4;5;
AccurioPress C4080;54;5;A50U340501;Transfer  Hinge;;D;2;1;
AccurioPress C4080;54;6;A50U340902;Protection  Cover  /1;;D;1;1;
AccurioPress C4080;54;7;A50U341301;Positioning  Block  /1;;D;2;1;
AccurioPress C4080;54;8;A50U341401;Positioning  Collar  /1;;D;2;1;
AccurioPress C4080;54;9;A50U341600;Transfer  Shaft;;D;2;1;
AccurioPress C4080;54;10;A50U342502;Set  Collar;;D;3;1;
AccurioPress C4080;54;11;A50U342600;Collar;;D;3;5;
AccurioPress C4080;54;12;A50U343000;Operation  Cover;;D;1;1;
AccurioPress C4080;54;13;A50U343400;Tray  /Front;;D;1;5;
AccurioPress C4080;54;14;A50U343500;Tray  /Rear;;D;1;1;
AccurioPress C4080;54;15;A50U343800;Transfer  Plate;;D;2;1;
AccurioPress C4080;54;16;A50U343900;Transfer  Plate  /2;;D;1;1;
AccurioPress C4080;54;17;A50U344100;Developing  Collar  /Y;;D;1;1;KOM211314E0
AccurioPress C4080;54;18;A50U344200;Positioning  Shaft;;D;2;1;
AccurioPress C4080;54;19;A50U945601;Operation  Label;;D;1;1;
AccurioPress C4080;54;20;A50U949700;Replacement  Label  /1;;D;4;5;
AccurioPress C4080;54;21;A50UR72K00;Adjusting Plate Caulking Assy;;D;1;1;
AccurioPress C4080;54;22;A50UN12500;Developing  Wiring  /2;;D;1;1;
AccurioPress C4080;54;23;A85CM55600;Photo   Sensor;;I;1;1;
AccurioPress C4080;54;24;AC57337201;Positioning Rail /3;;D;1;1;
AccurioPress C4080;54;25;AC57946500;ID Label;;D;1;5;
AccurioPress C4080;54;a;V116040803;Screw;;V;;100;
AccurioPress C4080;54;b;V121041003;Screw;;V;;100;
AccurioPress C4080;54;c;V121041403;screw;;V;;100;
AccurioPress C4080;54;d;V127030604;Screw;;V;;100;
AccurioPress C4080;54;e;V127031203;Screw;;V;;100;
AccurioPress C4080;54;f;V211040080;washer;;V;;100;
AccurioPress C4080;54;g;V500020098;Mini Locking wire saddle;;D;;5;
AccurioPress C4080;55;1;AC57974400;Replacement  Label;;D;1;1;KOM220681E0
AccurioPress C4080;55;2;AC57347300;Pressing Holder /1;;D;1;5;
AccurioPress C4080;55;3;A50U335600;Cleaning  Seal  /A;;D;5;5;
AccurioPress C4080;55;4;AC57340301;Fixing Stay /1;;D;1;1;
AccurioPress C4080;55;5;A50U341900;Developing  Rail  /Front;;D;1;1;
AccurioPress C4080;55;6;A50U342000;Developing  Rail  /Rear;;D;1;5;
AccurioPress C4080;55;7;A50U342300;Reinforce  Plate;;D;1;5;
AccurioPress C4080;55;8;AC57462100;Charging Rail;;D;1;1;
AccurioPress C4080;55;9;AC57462202;Charging Rail /2;;D;1;1;
AccurioPress C4080;55;10;A50U462400;Charging  Duct  /3;;D;1;5;
AccurioPress C4080;55;11;A50U462501;Charging  Seal  /1;;D;1;1;
AccurioPress C4080;55;12;A50U462600;Charging  Seal;;D;1;5;
AccurioPress C4080;55;13;A50U462700;Charging  Duct;;D;1;1;
AccurioPress C4080;55;14;A50U462801;Charging  Seal;;D;1;1;
AccurioPress C4080;55;15;A50U462900;Auxiliary  Seal  /A;;D;1;5;
AccurioPress C4080;55;16;A50U463000;Charging  Seal  /2;;D;1;1;
AccurioPress C4080;55;17;A50U463100;Charging  Seal  /3;;D;2;5;
AccurioPress C4080;55;18;A50UM30101;LED array;;D;1;1;
AccurioPress C4080;55;19;AC57946500;ID Label;;D;1;5;
AccurioPress C4080;55;20;A92W343000;Pressing  Block;;D;2;1;
AccurioPress C4080;55;21;A92W345400;Pressing  Spring;;D;2;5;
AccurioPress C4080;55;22;AC57347400;Pressing Holder /2;;D;1;5;
AccurioPress C4080;55;23;65AAR73200;CHARGE PRESSING ASSY;;C;1;1;
AccurioPress C4080;55;a;V118030403;Screw;;V;;100;
AccurioPress C4080;55;b;V127030604;Screw;;V;;100;
AccurioPress C4080;55;c;V153020603;Screw;;V;;100;KOM220223E0
AccurioPress C4080;55;d;V158030803;Screw;;V;;100;
AccurioPress C4080;55;e;V501010002;band;;D;;5;
AccurioPress C4080;56;1;65AA97450;Developing Exchanging Label /M;;D;1;1;KOM220681E0
AccurioPress C4080;56;2;AC57347300;Pressing Holder /1;;D;1;5;
AccurioPress C4080;56;3;A50U335600;Cleaning  Seal  /A;;D;5;5;
AccurioPress C4080;56;4;AC57340301;Fixing Stay /1;;D;1;1;
AccurioPress C4080;56;5;A50U341900;Developing  Rail  /Front;;D;1;1;
AccurioPress C4080;56;6;A50U342000;Developing  Rail  /Rear;;D;1;5;
AccurioPress C4080;56;7;A50U342300;Reinforce  Plate;;D;1;5;
AccurioPress C4080;56;8;AC57462100;Charging Rail;;D;1;1;
AccurioPress C4080;56;9;AC57462202;Charging Rail /2;;D;1;1;
AccurioPress C4080;56;10;A50U462400;Charging  Duct  /3;;D;1;5;
AccurioPress C4080;56;11;A50U462501;Charging  Seal  /1;;D;1;1;
AccurioPress C4080;56;12;A50U462600;Charging  Seal;;D;1;5;
AccurioPress C4080;56;13;A50U462700;Charging  Duct;;D;1;1;
AccurioPress C4080;56;14;A50U462801;Charging  Seal;;D;1;1;
AccurioPress C4080;56;15;A50U462900;Auxiliary  Seal  /A;;D;1;5;
AccurioPress C4080;56;16;A50U463000;Charging  Seal  /2;;D;1;1;
AccurioPress C4080;56;17;A50U463100;Charging  Seal  /3;;D;2;5;
AccurioPress C4080;56;18;A50UM30101;LED array;;D;1;1;
AccurioPress C4080;56;19;AC57946500;ID Label;;D;1;5;
AccurioPress C4080;56;20;A92W343000;Pressing  Block;;D;2;1;
AccurioPress C4080;56;21;A92W345400;Pressing  Spring;;D;2;5;
AccurioPress C4080;56;22;AC57347400;Pressing Holder /2;;D;1;5;
AccurioPress C4080;56;23;65AAR73200;CHARGE PRESSING ASSY;;C;1;1;
AccurioPress C4080;56;a;V118030403;Screw;;V;;100;
AccurioPress C4080;56;b;V127030604;Screw;;V;;100;
AccurioPress C4080;56;c;V153020603;Screw;;V;;100;KOM220223E0
AccurioPress C4080;56;d;V158030803;Screw;;V;;100;
AccurioPress C4080;56;e;V501010002;band;;D;;5;
AccurioPress C4080;57;1;65AA97460;Developing Exchanging Label /C;;D;1;1;KOM220681E0
AccurioPress C4080;57;2;AC57347300;Pressing Holder /1;;D;1;5;
AccurioPress C4080;57;3;A50U335600;Cleaning  Seal  /A;;D;5;5;
AccurioPress C4080;57;4;AC57340301;Fixing Stay /1;;D;1;1;
AccurioPress C4080;57;5;A50U341900;Developing  Rail  /Front;;D;1;1;
AccurioPress C4080;57;6;A50U342000;Developing  Rail  /Rear;;D;1;5;
AccurioPress C4080;57;7;A50U342300;Reinforce  Plate;;D;1;5;
AccurioPress C4080;57;8;AC57462100;Charging Rail;;D;1;1;
AccurioPress C4080;57;9;AC57462202;Charging Rail /2;;D;1;1;
AccurioPress C4080;57;10;A50U462400;Charging  Duct  /3;;D;1;5;
AccurioPress C4080;57;11;A50U462501;Charging  Seal  /1;;D;1;1;
AccurioPress C4080;57;12;A50U462600;Charging  Seal;;D;1;5;
AccurioPress C4080;57;13;A50U462700;Charging  Duct;;D;1;1;
AccurioPress C4080;57;14;A50U462801;Charging  Seal;;D;1;1;
AccurioPress C4080;57;15;A50U462900;Auxiliary  Seal  /A;;D;1;5;
AccurioPress C4080;57;16;A50U463000;Charging  Seal  /2;;D;1;1;
AccurioPress C4080;57;17;A50U463100;Charging  Seal  /3;;D;2;5;
AccurioPress C4080;57;18;A50UM30101;LED array;;D;1;1;
AccurioPress C4080;57;19;AC57946500;ID Label;;D;1;5;
AccurioPress C4080;57;20;A92W343000;Pressing  Block;;D;2;1;
AccurioPress C4080;57;21;A92W345400;Pressing  Spring;;D;2;5;
AccurioPress C4080;57;22;AC57347400;Pressing Holder /2;;D;1;5;
AccurioPress C4080;57;23;65AAR73200;CHARGE PRESSING ASSY;;C;1;1;
AccurioPress C4080;57;a;V118030403;Screw;;V;;100;
AccurioPress C4080;57;b;V127030604;Screw;;V;;100;
AccurioPress C4080;57;c;V153020603;Screw;;V;;100;KOM220223E0
AccurioPress C4080;57;d;V158030803;Screw;;V;;100;
AccurioPress C4080;57;e;V501010002;band;;D;;5;
AccurioPress C4080;58;1;65AA97470;Developing Exchanging Label /K;;D;1;1;KOM220681E0
AccurioPress C4080;58;2;65AAR73200;CHARGE PRESSING ASSY;;C;1;1;
AccurioPress C4080;58;3;A50U335600;Cleaning  Seal  /A;;D;3;5;
AccurioPress C4080;58;4;AC57340601;Fixing Stay /2;;D;1;1;
AccurioPress C4080;58;5;A50U341900;Developing  Rail  /Front;;D;1;1;
AccurioPress C4080;58;6;A50U342000;Developing  Rail  /Rear;;D;1;5;
AccurioPress C4080;58;7;A50U342300;Reinforce  Plate;;D;1;5;
AccurioPress C4080;58;8;AC57462100;Charging Rail;;D;1;1;
AccurioPress C4080;58;9;AC57462202;Charging Rail /2;;D;1;1;
AccurioPress C4080;58;10;A50U462400;Charging  Duct  /3;;D;1;5;
AccurioPress C4080;58;11;A50U462501;Charging  Seal  /1;;D;1;1;
AccurioPress C4080;58;12;A50U462600;Charging  Seal;;D;1;5;
AccurioPress C4080;58;13;A50U462700;Charging  Duct;;D;1;1;
AccurioPress C4080;58;14;A50U462801;Charging  Seal;;D;1;1;
AccurioPress C4080;58;15;A50U462900;Auxiliary  Seal  /A;;D;1;5;
AccurioPress C4080;58;16;A50U463000;Charging  Seal  /2;;D;1;1;
AccurioPress C4080;58;17;A50U463100;Charging  Seal  /3;;D;2;5;
AccurioPress C4080;58;18;A50UM30101;LED array;;D;1;1;
AccurioPress C4080;58;19;AC57946500;ID Label;;D;1;5;
AccurioPress C4080;58;20;A92W343000;Pressing  Block;;D;2;1;
AccurioPress C4080;58;21;A92W345400;Pressing  Spring;;D;2;5;
AccurioPress C4080;58;22;AC57347400;Pressing Holder /2;;D;1;5;
AccurioPress C4080;58;23;AC57347300;Pressing Holder /1;;D;1;5;
AccurioPress C4080;58;24;A50U343301;Receiving  Spring;;D;2;5;
AccurioPress C4080;58;25;AC57341200;Fixing Stay /3;;D;1;1;
AccurioPress C4080;58;26;AC57343103;Cleaning Catch;;C;1;1;KOM251017E0
AccurioPress C4080;58;27;AC57343700;Receiving Seal;;C;1;1;
AccurioPress C4080;58;a;V118030403;Screw;;V;;100;
AccurioPress C4080;58;b;V127030604;Screw;;V;;100;
AccurioPress C4080;58;c;V127030803;screw;;V;;100;
AccurioPress C4080;58;d;V153020603;Screw;;V;;100;KOM220223E0
AccurioPress C4080;58;e;V158030803;Screw;;V;;100;
AccurioPress C4080;58;f;V501010002;band;;D;;5;
AccurioPress C4080;59;1;A50U529100;Transfer  Roller;;A;1;1;KOM231947E0
AccurioPress C4080;59;2;A50U525900;Entrance  Sheet;;D;1;5;
AccurioPress C4080;59;3;A50U716500;Ball Bearing;;C;2;1;
AccurioPress C4080;59;4;A50U945601;Operation  Label;;D;2;1;
AccurioPress C4080;59;5;A50UR70522;2nd Transfer Unit;D1,D3,E,F2,G1,G2,H,I,J,K;I;1;1;KOM240503E0
AccurioPress C4080;59;5;A50UR70522;2nd Transfer Unit;B;I;1;1;
AccurioPress C4080;59;5;A50UR70522;2nd Transfer Unit;C;I;1;1;KOM240637E0
AccurioPress C4080;59;6;A50UR70B00;Separation Discharging Unit;;A;1;1;
AccurioPress C4080;59;7;A50UR71Q00;Transfer Guide / Upper Assy;;D;1;1;
AccurioPress C4080;59;8;A50UR71R11;Transfer Side Plate / Front Assy;;D;1;1;
AccurioPress C4080;59;9;A50UR71S11;Transfer Side Plate / Rear Assy;;D;1;1;
AccurioPress C4080;59;a;V125030803;Screw;;V;;100;KOM230934E0
AccurioPress C4080;59;b;V127030604;Screw;;V;;100;
AccurioPress C4080;59;c;V218060086;C-Clip;;B;;100;
AccurioPress C4080;60;1;A161626800;Pulling  Coil spring;;C;1;5;
AccurioPress C4080;60;2;A50U633002;Holding  Handle;;D;1;1;
AccurioPress C4080;60;3;A50U633200;Release  Lever;;D;1;1;
AccurioPress C4080;60;4;A50U633301;Lock  Lever;;D;1;1;
AccurioPress C4080;60;5;A50U633400;Stable  Spring;;D;2;1;
AccurioPress C4080;60;6;A50U633702;Receiving  Guide  /1;;D;1;5;
AccurioPress C4080;60;7;A50U633800;Release  Shaft  /1;;D;1;1;
AccurioPress C4080;60;8;A50U633900;Fixing  Plate;;D;1;1;
AccurioPress C4080;60;9;A50U634300;Receiving  Guide  /2;;D;1;5;
AccurioPress C4080;60;10;A50U637002;Fixing  Plate  /1;;D;1;1;
AccurioPress C4080;60;11;A50U945702;Operation  Label  /1;;D;1;1;
AccurioPress C4080;60;12;A9VE160700;Cover  Tray  /1;;D;1;1;
AccurioPress C4080;60;13;A9VE628400;Mounting  Plate  /1;;D;2;1;
AccurioPress C4080;60;14;A9VE628500;Hold  Part  /1;;D;1;5;
AccurioPress C4080;60;15;A9VE630701;Regulating  Plate  /Right;;D;1;1;
AccurioPress C4080;60;16;A9VE633100;Handle  /B;;D;1;1;
AccurioPress C4080;60;17;A9VE634400;Paper feed  Handle;;D;1;1;
AccurioPress C4080;60;18;A9VE945400;Indicating Label /1;;D;1;1;
AccurioPress C4080;60;19;A9VEF63108;500 Paper Cassette ASSY;;S;1;1;KOM220440E5
AccurioPress C4080;60;20;A50U623600;Lock  Claw;;D;1;1;
AccurioPress C4080;60;21;A50U623701;Lock  Claw;;D;1;5;
AccurioPress C4080;60;22;A50U628100;Shoulder Screw;;D;2;5;
AccurioPress C4080;60;23;A50U628300;Cover;;D;1;1;
AccurioPress C4080;60;a;V118030303;screw;;V;;100;
AccurioPress C4080;60;b;V126030603;Screw;;V;;100;
AccurioPress C4080;60;c;V127030516;Screw;;V;;100;
AccurioPress C4080;60;d;V127030604;Screw;;V;;100;
AccurioPress C4080;60;e;V151041003;Screw;;V;;100;
AccurioPress C4080;60;f;V158030803;Screw;;V;;100;
AccurioPress C4080;60;g;V217040003;E-ring;;V;;100;
AccurioPress C4080;61;1;4470402401;Stopper;;D;1;5;
AccurioPress C4080;61;2;65AA49500;Paper Exit Spacer /1;;C;2;1;KOM220281E1
AccurioPress C4080;61;3;55VA40930;DOUBLE FEED PREVENTIVE PLATE;;C;1;1;
AccurioPress C4080;61;4;65AA47310E;PAPER DETECTING SHAFT;;D;1;1;
AccurioPress C4080;61;5;65AA47320;Paper Detecting Actuator;;C;1;1;
AccurioPress C4080;61;6;65AA47820;REGULATING PART;;C;2;1;
AccurioPress C4080;61;7;65AA47860;AUXILIARY SHEET;;C;4;1;KOM211625E3
AccurioPress C4080;61;8;A03X656203;Lock Screw;;C;2;1;
AccurioPress C4080;61;9;A50U621001;Reinforce  Plate  /Rear;;D;1;1;
AccurioPress C4080;61;10;A50U622600;Regulating  Plate  /Rear;;D;1;1;
AccurioPress C4080;61;11;A50U622802;Reinforce  Plate  /Front;;D;1;1;
AccurioPress C4080;61;12;A50U625000;Mounting  Plate  /2;;D;1;1;
AccurioPress C4080;61;13;A50U625701;Regulating  Plate  /Front;;D;1;1;
AccurioPress C4080;61;14;A50U626502;Support  Plate  /1;;D;2;1;
AccurioPress C4080;61;15;A50U626601;Support  Plate  /2;;D;1;1;
AccurioPress C4080;61;16;A50U626702;Support  Plate  /3;;D;1;1;
AccurioPress C4080;61;17;A50U627601;Sheet;;D;1;5;
AccurioPress C4080;61;18;A50U627701;Sheet;;D;1;5;
AccurioPress C4080;61;19;A50U628200;Shoulder Screw;;D;2;5;
AccurioPress C4080;61;20;A50U629300;Guide  Base frame;;D;1;1;
AccurioPress C4080;61;21;A50U630203;Lifting  Plate;;D;1;1;
AccurioPress C4080;61;22;A50U641500;Slide  Sheet;;D;6;5;
AccurioPress C4080;61;23;A50U946000;Paper feed  Label;;D;1;1;
AccurioPress C4080;61;24;A85CM55600;Photo   Sensor;;I;1;1;
AccurioPress C4080;61;a;V500020098;Mini Locking wire saddle;;D;;5;
AccurioPress C4080;61;b;V127030604;Screw;;V;;100;
AccurioPress C4080;61;c;V207040003;washer;;V;;100;
AccurioPress C4080;61;d;V217020003;E Ring;;V;;100;
AccurioPress C4080;61;e;V217025050;E-ring;;V;;100;
AccurioPress C4080;62;1;26NA47070;PAPER REGULATING CLAW;;C;2;1;
AccurioPress C4080;62;2;40AA32320;Toner Supply Spacer;;C;1;10;
AccurioPress C4080;62;3;55VA40600;Driving Up /Down Pulley;;B;2;1;
AccurioPress C4080;62;4;65AA47131E;Paper Detecting Actuator;;C;1;1;
AccurioPress C4080;62;5;65AA47600E;Detecting Gear 45T;;C;1;1;
AccurioPress C4080;62;6;65AA47700D;Up/down Pin;;D;1;1;
AccurioPress C4080;62;7;65AA47740E;Shaft Mounting Plate;;D;2;5;
AccurioPress C4080;62;8;65GE97490;CASSETTE GUIDE LABEL;;D;1;1;KOM241730E0
AccurioPress C4080;62;9;A03U812800;Slide Shaft Holder;;B;2;5;
AccurioPress C4080;62;10;A1UDM50100;Volume;;D;1;1;
AccurioPress C4080;62;11;A50U620602;Guide Rack /Rear;;D;1;1;
AccurioPress C4080;62;12;A50U620801;Regulating  Shaft;;D;1;1;
AccurioPress C4080;62;13;A50U620902;Guide  Rack  /Front;;D;1;1;
AccurioPress C4080;62;14;A50U621301;Stopper  Shaft;;D;1;1;
AccurioPress C4080;62;15;A50U621400;Mounting  Plate;;D;1;5;
AccurioPress C4080;62;16;A50U621800;Lifting Shaft;;D;1;1;
AccurioPress C4080;62;17;A50U621900;Mounting Plate;;D;1;1;
AccurioPress C4080;62;18;A50U622001;Stopper  Plate;;D;1;5;
AccurioPress C4080;62;19;A50U622101;Positioning  Plate;;D;1;1;
AccurioPress C4080;62;20;A50U622300;Brake  Knob;;D;1;1;
AccurioPress C4080;62;21;A50U622400;Support  Plate;;D;1;1;
AccurioPress C4080;62;22;A50U623201;Lock  Claw;;D;1;1;
AccurioPress C4080;62;23;A50U623300;Slide Spring /1;;D;1;5;
AccurioPress C4080;62;24;A50U625400;Up/down  Wire  /1;;D;2;1;
AccurioPress C4080;62;25;A50U625500;Up/down  Wire  /2;;D;2;1;
AccurioPress C4080;62;26;A50U626100;Protection  Plate;;D;2;5;KOM220281E1
AccurioPress C4080;62;27;A50U627501;Reinforce  Stay;;D;1;1;KOM220440E5
AccurioPress C4080;62;28;A50U628400;Pinion;;C;1;1;
AccurioPress C4080;62;29;A50U640800;Sheet;;D;2;5;
AccurioPress C4080;62;30;A50U642000;Guide  Spacer;;D;1;1;
AccurioPress C4080;62;31;A50U946300;Lock  Label  /2;;D;1;5;KOM241730E0
AccurioPress C4080;62;32;A50U945301;Regulating  Label;;D;1;5;
AccurioPress C4080;62;33;A93E365001;Label  /A;;D;2;5;KOM241730E0
AccurioPress C4080;62;a;V116030503;Screw;;V;;100;
AccurioPress C4080;62;b;V116030603;Screw;;V;;100;
AccurioPress C4080;62;c;V121030603;Screw;;V;;100;
AccurioPress C4080;62;d;V217040003;E-ring;;V;;100;
AccurioPress C4080;62;e;V127030604;Screw;;V;;100;
AccurioPress C4080;62;f;V127030803;screw;;V;;100;
AccurioPress C4080;62;g;V147030803;screw;;V;;100;
AccurioPress C4080;62;h;V207030003;washer;;V;;100;
AccurioPress C4080;62;k;V217060003;E-ring;;V;;100;
AccurioPress C4080;62;m;V570010057;Wing Edge Saddle;;D;;5;
AccurioPress C4080;63;1;4470402401;Stopper;;D;1;5;
AccurioPress C4080;63;2;65AA47550;WIRE ROLLER;;C;4;1;
AccurioPress C4080;63;3;65AA47630;WIRE GUIDE PART;;C;4;1;
AccurioPress C4080;63;4;65AA47740E;Shaft Mounting Plate;;D;2;5;KOM211625E3
AccurioPress C4080;63;5;65AA47900E;Mounting Plate  /2;;D;1;5;
AccurioPress C4080;63;6;A03U621200;GUIDE COVER;;C;1;1;
AccurioPress C4080;63;7;A1DUF62101;PULLEY FULCRUM PLATE CAULKING;;D;4;1;KOM220281E1
AccurioPress C4080;63;8;A50U621200;Slide  Guide;;D;4;1;
AccurioPress C4080;63;9;A50U624600;Mounting  Plate;;D;1;5;
AccurioPress C4080;63;10;A50U624700;Fixing  Cam;;D;1;1;
AccurioPress C4080;63;11;A50U625100;Positioning  Plate;;D;2;5;
AccurioPress C4080;63;12;A50U628200;Shoulder Screw;;D;8;5;
AccurioPress C4080;63;13;A85CM55600;Photo   Sensor;;I;1;1;
AccurioPress C4080;63;14;A50U629502;Plate spring;;D;1;1;
AccurioPress C4080;63;15;A50U629702;Brake  Part  /Lower;;D;1;1;
AccurioPress C4080;63;16;A50U629801;Brake  Part;;D;1;1;
AccurioPress C4080;63;17;A50U629901;Regulating  Plate  /Rear;;D;1;1;
AccurioPress C4080;63;18;A50U637600;Reinforce  Plate  /1;;D;1;5;
AccurioPress C4080;63;19;A50U637700;Reinforce  Plate  /2;;D;1;1;
AccurioPress C4080;63;20;A50U946400;Lock  Label  /1;;D;2;5;KOM241730E0
AccurioPress C4080;63;21;A50UN14100;Paperfeed  Wiring  /3;;D;1;1;
AccurioPress C4080;63;22;A93E365001;Label  /A;;D;2;5;KOM241730E0
AccurioPress C4080;63;a;V116030503;Screw;;V;;100;
AccurioPress C4080;63;b;V121030603;Screw;;V;;100;
AccurioPress C4080;63;c;V127030516;Screw;;V;;100;
AccurioPress C4080;63;d;V127030604;Screw;;V;;100;
AccurioPress C4080;63;e;V158031003;screw;;V;;100;
AccurioPress C4080;63;f;V207030003;washer;;V;;100;
AccurioPress C4080;63;g;V217060003;E-ring;;V;;100;
AccurioPress C4080;63;h;V500020098;Mini Locking wire saddle;;D;;5;
AccurioPress C4080;63;k;V570010050;Locking Edge Saddle;;D;;5;
AccurioPress C4080;63;m;V500020099;Mini Locking wire saddle;;D;;5;
AccurioPress C4080;64;1;A161626800;Pulling  Coil spring;;C;1;5;
AccurioPress C4080;64;2;A50U627002;Fixing  Plate  /2;;D;1;1;
AccurioPress C4080;64;3;A50U627200;Fixing  Plate  /3;;D;1;1;
AccurioPress C4080;64;4;A50U633002;Holding  Handle;;D;1;1;
AccurioPress C4080;64;5;A50U633200;Release  Lever;;D;1;1;
AccurioPress C4080;64;6;A50U633400;Stable  Spring;;D;2;1;
AccurioPress C4080;64;7;A50U633601;Lock  Lever;;D;1;1;
AccurioPress C4080;64;8;A50U633702;Receiving  Guide  /1;;D;1;5;
AccurioPress C4080;64;9;A50U633800;Release  Shaft  /1;;D;1;1;
AccurioPress C4080;64;10;A50U633900;Fixing  Plate;;D;1;1;
AccurioPress C4080;64;11;A50U634300;Receiving  Guide  /2;;D;1;5;
AccurioPress C4080;64;12;A50U945702;Operation  Label  /1;;D;1;1;
AccurioPress C4080;64;13;A9VE160800;Cover  Tray  /2;;D;1;1;
AccurioPress C4080;64;14;A9VE620701;Regulating  Plate  /Right;;D;1;1;
AccurioPress C4080;64;15;A9VE628400;Mounting  Plate  /1;;D;2;1;
AccurioPress C4080;64;16;A9VE633100;Handle  /B;;D;1;1;
AccurioPress C4080;64;17;A9VE634400;Paper feed  Handle;;D;1;1;
AccurioPress C4080;64;18;A9VE945500;Indicating Label /2;;D;1;1;
AccurioPress C4080;64;19;A9VEF62109;1000 Paper Cassette ASSY;;S;1;1;KOM220440E5
AccurioPress C4080;64;20;A50U623900;Lock  Claw;;D;1;1;
AccurioPress C4080;64;21;A50U624201;Lock  Part;;D;1;1;
AccurioPress C4080;64;22;A50U628300;Cover;;D;1;1;
AccurioPress C4080;64;a;V118030303;screw;;V;;100;
AccurioPress C4080;64;b;V126030603;Screw;;V;;100;
AccurioPress C4080;64;c;V127030516;Screw;;V;;100;
AccurioPress C4080;64;d;V127030604;Screw;;V;;100;
AccurioPress C4080;64;e;V151041003;Screw;;V;;100;
AccurioPress C4080;64;f;V158030803;Screw;;V;;100;
AccurioPress C4080;64;g;V217040003;E-ring;;V;;100;
AccurioPress C4080;65;1;4470402401;Stopper;;D;4;5;
AccurioPress C4080;65;2;65AA49500;Paper Exit Spacer /1;;C;2;1;KOM220281E1
AccurioPress C4080;65;3;55VA40930;DOUBLE FEED PREVENTIVE PLATE;;C;1;1;
AccurioPress C4080;65;4;65AA47120D;Mounting Plate;;D;1;1;
AccurioPress C4080;65;5;65AA47310E;PAPER DETECTING SHAFT;;D;2;1;
AccurioPress C4080;65;6;65AA47320;Paper Detecting Actuator;;C;2;1;
AccurioPress C4080;65;7;65AA47820;REGULATING PART;;C;2;1;
AccurioPress C4080;65;8;65AA47860;AUXILIARY SHEET;;C;4;1;KOM211625E3
AccurioPress C4080;65;9;A03X656203;Lock Screw;;C;2;1;
AccurioPress C4080;65;10;A1RF946000;Paper feed  Label  /1;;D;1;5;
AccurioPress C4080;65;11;A50U621001;Reinforce  Plate  /Rear;;D;1;1;
AccurioPress C4080;65;12;A50U622600;Regulating  Plate  /Rear;;D;1;1;
AccurioPress C4080;65;13;A50U622802;Reinforce  Plate  /Front;;D;1;1;
AccurioPress C4080;65;14;A50U625701;Regulating  Plate  /Front;;D;1;1;
AccurioPress C4080;65;15;A50U626502;Support  Plate  /1;;D;2;1;
AccurioPress C4080;65;16;A50U626601;Support  Plate  /2;;D;1;1;
AccurioPress C4080;65;17;A50U626702;Support  Plate  /3;;D;1;1;
AccurioPress C4080;65;18;A50U627601;Sheet;;D;1;5;
AccurioPress C4080;65;19;A50U627701;Sheet;;D;1;5;
AccurioPress C4080;65;20;A50U628200;Shoulder Screw;;D;2;5;
AccurioPress C4080;65;21;A50U629001;Reinforce  Stay;;D;1;1;
AccurioPress C4080;65;22;A50U629202;Up/down  Plate  /Rear;;D;1;1;
AccurioPress C4080;65;23;A50U630203;Lifting  Plate;;D;1;1;
AccurioPress C4080;65;24;A50U631200;Mounting  Plate  /Assy;;D;1;1;
AccurioPress C4080;65;25;A50U631301;Up/down  Gear 60T;;C;1;1;
AccurioPress C4080;65;26;A50U631600;Mounting  Plate;;D;1;1;
AccurioPress C4080;65;27;A50U641500;Slide  Sheet;;D;8;5;
AccurioPress C4080;65;28;A85CM55600;Photo   Sensor;;I;4;1;
AccurioPress C4080;65;a;V127030516;Screw;;V;;100;
AccurioPress C4080;65;b;V127030604;Screw;;V;;100;
AccurioPress C4080;65;c;V207040003;washer;;V;;100;
AccurioPress C4080;65;d;V217020003;E Ring;;V;;100;
AccurioPress C4080;65;e;V217025050;E-ring;;V;;100;
AccurioPress C4080;65;f;V217040003;E-ring;;V;;100;
AccurioPress C4080;65;g;V500010051;Mini Saddle;;D;;5;
AccurioPress C4080;65;h;V500020098;Mini Locking wire saddle;;D;;5;
AccurioPress C4080;66;1;26NA47070;PAPER REGULATING CLAW;;C;2;1;
AccurioPress C4080;66;2;40AA32320;Toner Supply Spacer;;C;1;10;
AccurioPress C4080;66;3;A50U946300;Lock  Label  /2;;D;1;5;KOM241730E0
AccurioPress C4080;66;4;65AA47600E;Detecting Gear 45T;;C;1;1;
AccurioPress C4080;66;5;65AA47700D;Up/down Pin;;D;1;1;
AccurioPress C4080;66;6;65AA47740E;Shaft Mounting Plate;;D;2;5;
AccurioPress C4080;66;7;65GE97490;CASSETTE GUIDE LABEL;;D;1;1;KOM241730E0
AccurioPress C4080;66;8;A03N621800;Slide Shoulder screw;;C;2;5;
AccurioPress C4080;66;9;A03U812800;Slide Shaft Holder;;B;2;5;
AccurioPress C4080;66;10;A1UDM50100;Volume;;D;1;1;
AccurioPress C4080;66;11;A50U620801;Regulating  Shaft;;D;1;1;
AccurioPress C4080;66;12;A50U621301;Stopper  Shaft;;D;1;1;
AccurioPress C4080;66;13;A50U621400;Mounting  Plate;;D;1;5;
AccurioPress C4080;66;14;A50U621900;Mounting Plate;;D;1;1;
AccurioPress C4080;66;15;A50U622001;Stopper  Plate;;D;1;5;
AccurioPress C4080;66;16;A50U622101;Positioning  Plate;;D;1;1;
AccurioPress C4080;66;17;A50U622400;Support  Plate;;D;1;1;
AccurioPress C4080;66;18;A50U623201;Lock  Claw;;D;1;1;
AccurioPress C4080;66;19;A50U623300;Slide Spring /1;;D;1;5;
AccurioPress C4080;66;20;A50U854600;Release  Gear  /1 24T;;C;1;1;
AccurioPress C4080;66;21;A50U945301;Regulating  Label;;D;1;5;
AccurioPress C4080;66;22;A50U626000;Pulley;;C;3;1;
AccurioPress C4080;66;23;A50U626100;Protection  Plate;;D;2;5;KOM220281E1
AccurioPress C4080;66;24;A50U627501;Reinforce  Stay;;D;1;1;KOM220440E5
AccurioPress C4080;66;25;A50U628400;Pinion;;C;1;1;
AccurioPress C4080;66;26;A50U630602;Guide Rack /Rear;;D;1;1;
AccurioPress C4080;66;27;A50U630902;Guide  Rack  /Front;;D;1;1;
AccurioPress C4080;66;28;A50U631000;Slide Plate;;D;1;1;
AccurioPress C4080;66;29;A50U631100;Mounting Plate;;D;1;5;
AccurioPress C4080;66;30;A50U631500;Auxiliary  Wire;;D;1;1;
AccurioPress C4080;66;31;A50U631700;Slide Spring /1;;D;1;1;
AccurioPress C4080;66;32;A50U631800;Up/down  Shaft;;D;1;1;
AccurioPress C4080;66;33;A50U631900;Slide Spring /1;;D;1;1;
AccurioPress C4080;66;34;A50U632300;Brake  Knob;;D;1;1;
AccurioPress C4080;66;35;A50U635400;Up/down  Wire  /1;;D;2;1;
AccurioPress C4080;66;36;A50U635500;Up/down  Wire  /2;;D;2;1;
AccurioPress C4080;66;37;A50U640700;Sheet;;D;2;5;
AccurioPress C4080;66;38;A50U642000;Guide  Spacer;;D;1;1;
AccurioPress C4080;66;39;A93E365001;Label  /A;;D;2;5;KOM241730E0
AccurioPress C4080;66;a;V116030503;Screw;;V;;100;
AccurioPress C4080;66;b;V116030603;Screw;;V;;100;
AccurioPress C4080;66;c;V127030516;Screw;;V;;100;
AccurioPress C4080;66;d;V127030604;Screw;;V;;100;
AccurioPress C4080;66;e;V127030803;screw;;V;;100;
AccurioPress C4080;66;f;V147030803;screw;;V;;100;
AccurioPress C4080;66;g;V217040003;E-ring;;V;;100;
AccurioPress C4080;66;h;V217060003;E-ring;;V;;100;
AccurioPress C4080;66;k;V570010057;Wing Edge Saddle;;D;;5;
AccurioPress C4080;66;m;V234201450;Pin;;V;;100;
AccurioPress C4080;67;1;65AA47550;WIRE ROLLER;;C;4;1;
AccurioPress C4080;67;2;65AA47630;WIRE GUIDE PART;;C;4;1;
AccurioPress C4080;67;3;65AA47740E;Shaft Mounting Plate;;D;2;5;KOM211625E3
AccurioPress C4080;67;4;A03U621200;GUIDE COVER;;C;1;1;
AccurioPress C4080;67;5;A03X622101;REGULATING RACK /1;;D;6;1;
AccurioPress C4080;67;6;A03X622201;REGULATING RACK /2;;D;1;5;
AccurioPress C4080;67;7;A1DUF62101;PULLEY FULCRUM PLATE CAULKING;;D;4;1;KOM220281E1
AccurioPress C4080;67;8;A50U621200;Slide  Guide;;D;4;1;
AccurioPress C4080;67;9;A50U624600;Mounting  Plate;;D;1;5;
AccurioPress C4080;67;10;A50U624700;Fixing  Cam;;D;1;1;
AccurioPress C4080;67;11;A50U625100;Positioning  Plate;;D;2;5;
AccurioPress C4080;67;12;A50U628200;Shoulder Screw;;D;8;5;
AccurioPress C4080;67;13;A50UN14001;Paperfeed  Wiring  /2;;D;1;1;
AccurioPress C4080;67;14;A50U629401;Regulating  Plate  /Rear;;D;1;1;
AccurioPress C4080;67;15;A50U629502;Plate spring;;D;1;1;
AccurioPress C4080;67;16;A50U629702;Brake  Part  /Lower;;D;1;1;
AccurioPress C4080;67;17;A50U629801;Brake  Part;;D;1;1;
AccurioPress C4080;67;18;A50U640100;Guide  Rail;;D;1;1;
AccurioPress C4080;67;19;A50U642300;Mounting  Screw;;D;13;5;
AccurioPress C4080;67;20;A50U946400;Lock  Label  /1;;D;2;5;KOM241730E0
AccurioPress C4080;67;21;A93E365001;Label  /A;;D;2;5;KOM241730E0
AccurioPress C4080;67;a;V116030503;Screw;;V;;100;
AccurioPress C4080;67;b;V121030603;Screw;;V;;100;
AccurioPress C4080;67;c;V127030516;Screw;;V;;100;
AccurioPress C4080;67;d;V127030604;Screw;;V;;100;
AccurioPress C4080;67;e;V158031003;screw;;V;;100;
AccurioPress C4080;67;f;V207030003;washer;;V;;100;
AccurioPress C4080;67;g;V217060003;E-ring;;V;;100;
AccurioPress C4080;67;h;V500020098;Mini Locking wire saddle;;D;;5;
AccurioPress C4080;67;k;V500020099;Mini Locking wire saddle;;D;;5;
AccurioPress C4080;68;1;25SA40960;DOUBLE FEED PREVENTION RUBBER;;A;1;10;
AccurioPress C4080;68;2;26NA42061;BY PASS FEED CONVEYING GEAR 21T;;B;1;1;
AccurioPress C4080;68;3;26NA42560;By-Pass Idler Roller;;C;2;1;
AccurioPress C4080;68;4;55VA79030;Paper Feed Reversal Gear /C 14T;;B;2;10;
AccurioPress C4080;68;5;56AA17510;Pin /B;;C;1;1;
AccurioPress C4080;68;6;AC57560301;Paper feed Main body;;D;1;1;
AccurioPress C4080;68;7;56AA40360;Reverse Roller;;C;1;1;
AccurioPress C4080;68;8;56AA40430;SPRING MOUNTING PLATE  1;;D;1;5;
AccurioPress C4080;68;9;56AA40440;SPRING MOUNTING PLATE  2;;D;1;5;
AccurioPress C4080;68;10;56AA40481;PAPERFEEDPRESSINGSPRING;;C;1;1;
AccurioPress C4080;68;11;56AA40530;ENTRANCE GUIDE PART;;D;1;1;
AccurioPress C4080;68;12;56AA40540;ENTRANCE GUIDE SHEET;;C;1;5;
AccurioPress C4080;68;13;56QA40080;Multi-feed Preventing Plate;;C;1;1;
AccurioPress C4080;68;14;56QA40250;MULTI FEED SUPPORT SHAFT;;D;1;1;
AccurioPress C4080;68;15;56QA40270;MULTI FEED REVERSE SHAFT;;D;1;1;
AccurioPress C4080;68;16;56QA40550;MULTI FEED ADJUSTMENT PLATE;;D;1;5;
AccurioPress C4080;68;17;57AA40420;MULTI FEED PREVENTING SPRING;;C;1;5;
AccurioPress C4080;68;18;A00J663200;Bushing;;B;4;1;
AccurioPress C4080;68;19;A03U850101;Slide Bushing;;C;4;5;
AccurioPress C4080;68;20;A03X565611;Torque Limiter  /A;;B;1;1;
AccurioPress C4080;68;21;A1DUR71K00;Paper Feed Driven Shaft Assy;;D;1;1;
AccurioPress C4080;68;22;A1RF620301;Stopper  Collar;;D;1;1;
AccurioPress C4080;68;23;AC57R70811;Paper Feed ASSY;;S;1;1;KOM240923E0
AccurioPress C4080;68;a;V116030603;Screw;;V;;100;
AccurioPress C4080;68;b;V121030603;Screw;;V;;100;
AccurioPress C4080;68;c;V153030803;Screw;;V;;100;
AccurioPress C4080;68;d;V217030003;E-ring;;V;;100;
AccurioPress C4080;68;e;V217040003;E-ring;;V;;100;
AccurioPress C4080;68;f;V217060003;E-ring;;V;;100;
AccurioPress C4080;69;1;4109553001;Stopper;;C;3;1;
AccurioPress C4080;69;2;55VA42120;Shaft Stopper;;C;1;1;
AccurioPress C4080;69;3;55VA75540;PAPER FEED SHAFT HOLDER B;;B;1;1;
AccurioPress C4080;69;4;56AA17121;SEPARATE SPRING UPPER;;C;1;10;
AccurioPress C4080;69;5;56AA17760;COLLAR;;C;2;1;
AccurioPress C4080;69;6;AC57560401;Guide Plate /ASSY;;D;1;1;
AccurioPress C4080;69;7;56AA40100G;Wiring Protection Cover;;D;1;1;
AccurioPress C4080;69;8;56AA40120;PAPER FEED HOLDING SCREW;;C;1;1;
AccurioPress C4080;69;9;A85CM55600;Photo   Sensor;;I;2;1;
AccurioPress C4080;69;10;A50U836200;Plate  /23;;D;1;5;
AccurioPress C4080;69;11;AC57560000;Registration Roller;;C;1;1;
AccurioPress C4080;69;12;AAMPM50200;Photoreflector;;B;1;1;KOM242600E0
AccurioPress C4080;69;13;56AA40370;ADJUSTING PLATE;;D;1;1;
AccurioPress C4080;69;14;56AA40390E;CAM PLATE;;C;1;1;KOM242197E0
AccurioPress C4080;69;15;A9VE560100;Ground  Plate;;C;1;1;
AccurioPress C4080;69;16;56AA40500;SHAFT HOLDER EARTH PLATE;;C;1;1;
AccurioPress C4080;69;17;56AA40520;EARTH SPRING;;C;1;1;
AccurioPress C4080;69;18;56AA77720E;Paper Feed Reverse Gear /1 16/22T;;C;1;1;
AccurioPress C4080;69;19;56AA77730;PAPER FEED REVERSING GEAR 2 33T;;C;1;1;
AccurioPress C4080;69;20;A795M20311;Clutch;;C;1;1;KOM241554E0
AccurioPress C4080;69;21;65AA40010;Regulating Plate;;D;1;1;
AccurioPress C4080;69;22;A00J663200;Bushing;;B;3;1;
AccurioPress C4080;69;23;A03U812800;Slide Shaft Holder;;B;1;5;
AccurioPress C4080;69;24;A50U560902;Drive Side plate /1;;D;1;1;KOM251081E0
AccurioPress C4080;69;25;A50U561200;Drive  Side plate  /Assy;;D;1;1;
AccurioPress C4080;69;26;A50U562400;Input  Shaft;;D;1;1;
AccurioPress C4080;69;27;A50U564500;Paper feed  Coupling;;B;1;1;
AccurioPress C4080;69;28;A50U565100;Pressing  Spring;;D;1;5;
AccurioPress C4080;69;29;AC57N14200;Paper Feed Harness;;D;1;1;
AccurioPress C4080;69;30;A85C635401;Adjusting  Plate;;D;1;1;
AccurioPress C4080;69;a;V121030603;Screw;;V;;100;
AccurioPress C4080;69;b;V127030604;Screw;;V;;100;
AccurioPress C4080;69;c;V153030803;Screw;;V;;100;
AccurioPress C4080;69;d;V217030003;E-ring;;V;;100;
AccurioPress C4080;69;e;V217040003;E-ring;;V;;100;
AccurioPress C4080;69;f;V217060003;E-ring;;V;;100;
AccurioPress C4080;69;g;V234301250;Pin;;B;;100;
AccurioPress C4080;69;h;V234301450;Pin;;V;;100;
AccurioPress C4080;69;k;V570010050;Locking Edge Saddle;;D;;5;
AccurioPress C4080;69;m;V570010056;Locking Edge Saddle;;D;;5;KOM251081E0
AccurioPress C4080;69;n;V500020099;Mini Locking wire saddle;;D;;5;
AccurioPress C4080;69;p;V125030803;Screw;;V;;100;
AccurioPress C4080;69;q;V500020077;wabe Clamp;;D;;5;KOM251081E0
AccurioPress C4080;70;1;059076510;PULLEY 1 15T;;C;2;1;
AccurioPress C4080;70;2;25AA40100;Feeding Roller /B;;B;1;1;
AccurioPress C4080;70;3;25SA40960;DOUBLE FEED PREVENTION RUBBER;;A;1;10;
AccurioPress C4080;70;4;55FA40320;COUPLING;;C;1;1;
AccurioPress C4080;70;5;55VA42120;Shaft Stopper;;C;1;1;
AccurioPress C4080;70;6;56AA17510;Pin /B;;C;2;1;
AccurioPress C4080;70;7;56AA17760;COLLAR;;C;2;1;
AccurioPress C4080;70;8;56AA40070;Paper feed Swing Plate;;D;1;1;
AccurioPress C4080;70;9;56AA40300;PAPER QUANTITY ACTUATOR;;C;1;1;
AccurioPress C4080;70;10;56AA40380;PAPER FEED REGULATING BLOCK;;B;1;1;
AccurioPress C4080;70;11;56AA40490;Shaft Stopper /4;;C;4;1;
AccurioPress C4080;70;12;56AA77590;PAPER FEED ROCKING BELT 111L;;C;1;1;
AccurioPress C4080;70;13;A795M20311;Clutch;;C;1;1;KOM241554E0
AccurioPress C4080;70;14;65AA40080E;Paper feed Auxiliary Plate;;D;1;1;
AccurioPress C4080;70;15;65GE97400;GUIDE LABEL /1;;C;1;1;KOM241730E0
AccurioPress C4080;70;16;A00J663200;Bushing;;B;6;1;
AccurioPress C4080;70;17;A03U560500;Regulating  Plate  /Rear;;C;1;1;
AccurioPress C4080;70;18;A03U812800;Slide Shaft Holder;;B;2;5;
AccurioPress C4080;70;19;A1DUR71J00;Paper Feed Oscillate Roller;;B;1;1;
AccurioPress C4080;70;20;A1DUR75200;Paper Feed Feeding Shaft Assy;;D;1;1;
AccurioPress C4080;70;21;A85C635200;Swing  Shaft;;D;1;1;
AccurioPress C4080;70;22;AC57635300;Drive Shaft;;D;1;1;
AccurioPress C4080;70;23;A93E365001;Label  /A;;D;1;5;KOM241730E0
AccurioPress C4080;70;a;V118030603;Screw;;V;;100;
AccurioPress C4080;70;b;V121030603;Screw;;V;;100;
AccurioPress C4080;70;c;V217040003;E-ring;;V;;100;
AccurioPress C4080;70;d;V217060003;E-ring;;V;;100;
AccurioPress C4080;71;1;25SA40960;DOUBLE FEED PREVENTION RUBBER;;A;1;10;
AccurioPress C4080;71;2;26NA42061;BY PASS FEED CONVEYING GEAR 21T;;B;1;1;
AccurioPress C4080;71;3;26NA42560;By-Pass Idler Roller;;C;2;1;
AccurioPress C4080;71;4;55VA79030;Paper Feed Reversal Gear /C 14T;;B;2;10;
AccurioPress C4080;71;5;56AA17510;Pin /B;;C;1;1;
AccurioPress C4080;71;6;AC57560301;Paper feed Main body;;D;1;1;KOM210411E0
AccurioPress C4080;71;6;56AA40010E;Paper feed Main body;;C;1;1;KOM210411E0
AccurioPress C4080;71;7;56AA40360;Reverse Roller;;C;1;1;
AccurioPress C4080;71;8;56AA40430;SPRING MOUNTING PLATE  1;;D;1;5;
AccurioPress C4080;71;9;56AA40440;SPRING MOUNTING PLATE  2;;D;1;5;
AccurioPress C4080;71;10;56AA40481;PAPERFEEDPRESSINGSPRING;;C;1;1;
AccurioPress C4080;71;11;56AA40530;ENTRANCE GUIDE PART;;D;1;1;
AccurioPress C4080;71;12;56AA40540;ENTRANCE GUIDE SHEET;;C;1;5;
AccurioPress C4080;71;13;56QA40080;Multi-feed Preventing Plate;;C;1;1;
AccurioPress C4080;71;14;56QA40250;MULTI FEED SUPPORT SHAFT;;D;1;1;
AccurioPress C4080;71;15;56QA40270;MULTI FEED REVERSE SHAFT;;D;1;1;
AccurioPress C4080;71;16;56QA40550;MULTI FEED ADJUSTMENT PLATE;;D;1;5;
AccurioPress C4080;71;17;57AA40420;MULTI FEED PREVENTING SPRING;;C;1;5;
AccurioPress C4080;71;18;A00J663200;Bushing;;B;4;1;
AccurioPress C4080;71;19;A03U850101;Slide Bushing;;C;4;5;
AccurioPress C4080;71;20;A03X565611;Torque Limiter  /A;;B;1;1;
AccurioPress C4080;71;21;A1DUR71K00;Paper Feed Driven Shaft Assy;;D;1;1;
AccurioPress C4080;71;22;A1RF620301;Stopper  Collar;;D;1;1;
AccurioPress C4080;71;23;AC57R75611;Paper Feed Assy;;S;1;1;KOM241560E0
AccurioPress C4080;71;a;V116030603;Screw;;V;;100;
AccurioPress C4080;71;b;V121030603;Screw;;V;;100;
AccurioPress C4080;71;c;V153030803;Screw;;V;;100;
AccurioPress C4080;71;d;V217030003;E-ring;;V;;100;
AccurioPress C4080;71;e;V217040003;E-ring;;V;;100;
AccurioPress C4080;71;f;V217060003;E-ring;;V;;100;
AccurioPress C4080;72;1;4109553001;Stopper;;C;3;1;
AccurioPress C4080;72;2;55VA42120;Shaft Stopper;;C;1;1;
AccurioPress C4080;72;3;55VA75540;PAPER FEED SHAFT HOLDER B;;B;1;1;
AccurioPress C4080;72;4;56AA17121;SEPARATE SPRING UPPER;;C;1;10;
AccurioPress C4080;72;5;56AA17760;COLLAR;;C;2;1;
AccurioPress C4080;72;6;AC57560401;Guide Plate /ASSY;;D;1;1;KOM210411E0
AccurioPress C4080;72;6;56AA40032F;Paper Feed Guide Plate /Upper;;C;1;1;KOM210411E0
AccurioPress C4080;72;7;56AA40100G;Wiring Protection Cover;;D;1;1;
AccurioPress C4080;72;8;56AA40120;PAPER FEED HOLDING SCREW;;C;1;1;
AccurioPress C4080;72;9;A85CM55600;Photo   Sensor;;I;3;1;KOM210411E0
AccurioPress C4080;72;10;A50U836200;Plate  /23;;D;1;5;KOM210411E0
AccurioPress C4080;72;10;56AA40310;MOUNTING PLATE;;D;1;1;KOM210411E0
AccurioPress C4080;72;11;AC57560000;Registration Roller;;C;1;1;
AccurioPress C4080;72;12;9335140071;Solid State Switch;;B;1;1;KOM210411E0
AccurioPress C4080;72;13;56AA40370;ADJUSTING PLATE;;D;1;1;
AccurioPress C4080;72;14;56AA40390E;CAM PLATE;;C;1;1;KOM242197E0
AccurioPress C4080;72;15;A9VE560100;Ground  Plate;;C;1;1;
AccurioPress C4080;72;16;56AA40500;SHAFT HOLDER EARTH PLATE;;C;1;1;
AccurioPress C4080;72;17;56AA40520;EARTH SPRING;;C;1;1;
AccurioPress C4080;72;18;56AA77720E;Paper Feed Reverse Gear /1 16/22T;;C;1;1;
AccurioPress C4080;72;19;56AA77730;PAPER FEED REVERSING GEAR 2 33T;;C;1;1;
AccurioPress C4080;72;20;A795M20311;Clutch;;C;1;1;KOM241554E0
AccurioPress C4080;72;21;65AA40010;Regulating Plate;;D;1;1;
AccurioPress C4080;72;22;A00J663200;Bushing;;B;3;1;
AccurioPress C4080;72;23;A03U812800;Slide Shaft Holder;;B;1;5;
AccurioPress C4080;72;24;A50U560902;Drive Side plate /1;;D;1;1;KOM251081E0
AccurioPress C4080;72;25;A50U561200;Drive  Side plate  /Assy;;D;1;1;
AccurioPress C4080;72;26;A50U562400;Input  Shaft;;D;1;1;
AccurioPress C4080;72;27;A50U564500;Paper feed  Coupling;;B;1;1;
AccurioPress C4080;72;28;A50U565100;Pressing  Spring;;D;1;5;
AccurioPress C4080;72;29;AC57N14200;Paper Feed Harness;;D;1;1;KOM210411E0
AccurioPress C4080;72;29;A50UN14201;Paperfeed  Wiring  /1;;D;1;1;KOM210411E0
AccurioPress C4080;72;30;A85C635401;Adjusting  Plate;;D;1;1;
AccurioPress C4080;72;31;56AA40171;PAPER FEED DETECTING ACTUATOR;;C;1;1;KOM210411E0
AccurioPress C4080;72;32;56AA40190;PRESSING SPRING;;C;1;1;KOM210411E0
AccurioPress C4080;72;a;V121030603;Screw;;V;;100;
AccurioPress C4080;72;b;V127030604;Screw;;V;;100;
AccurioPress C4080;72;c;V153030803;Screw;;V;;100;
AccurioPress C4080;72;d;V217030003;E-ring;;V;;100;
AccurioPress C4080;72;e;V217040003;E-ring;;V;;100;
AccurioPress C4080;72;f;V217060003;E-ring;;V;;100;
AccurioPress C4080;72;g;V234301250;Pin;;B;;100;
AccurioPress C4080;72;h;V234301450;Pin;;V;;100;
AccurioPress C4080;72;k;V570010050;Locking Edge Saddle;;D;;5;
AccurioPress C4080;72;m;V570010056;Locking Edge Saddle;;D;;5;KOM251081E0
AccurioPress C4080;72;n;V500020099;Mini Locking wire saddle;;D;;5;
AccurioPress C4080;72;p;V125030803;Screw;;V;;100;
AccurioPress C4080;72;q;V500020077;wabe Clamp;;D;;5;KOM251081E0
AccurioPress C4080;73;1;059076510;PULLEY 1 15T;;C;2;1;
AccurioPress C4080;73;2;25AA40100;Feeding Roller /B;;B;1;1;
AccurioPress C4080;73;3;25SA40960;DOUBLE FEED PREVENTION RUBBER;;A;1;10;
AccurioPress C4080;73;4;55FA40320;COUPLING;;C;1;1;
AccurioPress C4080;73;5;55VA42120;Shaft Stopper;;C;1;1;
AccurioPress C4080;73;6;56AA17510;Pin /B;;C;2;1;
AccurioPress C4080;73;7;56AA17760;COLLAR;;C;2;1;
AccurioPress C4080;73;8;56AA40070;Paper feed Swing Plate;;D;1;1;
AccurioPress C4080;73;9;56AA40300;PAPER QUANTITY ACTUATOR;;C;1;1;
AccurioPress C4080;73;10;56AA40380;PAPER FEED REGULATING BLOCK;;B;1;1;
AccurioPress C4080;73;11;56AA40490;Shaft Stopper /4;;C;4;1;
AccurioPress C4080;73;12;56AA77590;PAPER FEED ROCKING BELT 111L;;C;1;1;
AccurioPress C4080;73;13;A795M20311;Clutch;;C;1;1;KOM241554E0
AccurioPress C4080;73;14;65AA40080E;Paper feed Auxiliary Plate;;D;1;1;
AccurioPress C4080;73;15;65GE97400;GUIDE LABEL /1;;C;1;1;KOM241730E0
AccurioPress C4080;73;16;A00J663200;Bushing;;B;6;1;
AccurioPress C4080;73;17;A03U560500;Regulating  Plate  /Rear;;C;1;1;
AccurioPress C4080;73;18;A03U812800;Slide Shaft Holder;;B;2;5;
AccurioPress C4080;73;19;A1DUR71J00;Paper Feed Oscillate Roller;;B;1;1;
AccurioPress C4080;73;20;A1DUR75200;Paper Feed Feeding Shaft Assy;;D;1;1;
AccurioPress C4080;73;21;A85C635200;Swing  Shaft;;D;1;1;
AccurioPress C4080;73;22;AC57635300;Drive Shaft;;D;1;1;
AccurioPress C4080;73;23;A93E365001;Label  /A;;D;1;5;KOM241730E0
AccurioPress C4080;73;a;V118030603;Screw;;V;;100;
AccurioPress C4080;73;b;V121030603;Screw;;V;;100;
AccurioPress C4080;73;c;V217040003;E-ring;;V;;100;
AccurioPress C4080;73;d;V217060003;E-ring;;V;;100;
AccurioPress C4080;74;1;12QV40650;Spacer;;B;2;1;
AccurioPress C4080;74;2;40AA32320;Toner Supply Spacer;;C;6;10;
AccurioPress C4080;74;3;A00V240600;Ball Bearing;;B;10;1;
AccurioPress C4080;74;4;A7PUM11100;brushless Motor /30;;C;2;1;
AccurioPress C4080;74;5;A50U252100;Paper feed  Gear  /1 46T;;C;3;1;
AccurioPress C4080;74;6;A50U252300;Paper feed  Gear  /3 45T;;C;2;1;
AccurioPress C4080;74;7;A50U252400;Paper feed  Gear  /4 74T;;C;2;1;
AccurioPress C4080;74;8;A50U252500;Paper feed  Gear  /5 47/60T;;C;2;1;
AccurioPress C4080;74;9;A50U252600;Paper feed  Gear  /6 29T;;C;2;1;
AccurioPress C4080;74;10;A50U252700;Paper feed  Gear  /2 35/41T;;C;2;1;
AccurioPress C4080;74;11;A50U252800;Stopper  Roll;;D;1;5;
AccurioPress C4080;74;12;AC57R71000;Paper Feed Drive ASSY;;S;1;1;
AccurioPress C4080;74;a;V121030403;Screw;;V;;100;
AccurioPress C4080;74;b;V127030604;Screw;;V;;100;
AccurioPress C4080;74;c;V217040003;E-ring;;V;;100;
AccurioPress C4080;74;d;V217060003;E-ring;;V;;100;
AccurioPress C4080;74;e;V234301850;Pin;;V;;100;
AccurioPress C4080;74;f;V500020100;Mini Locking wire saddle;;D;;5;
AccurioPress C4080;75;1;A9VE625800;Roll;;C;2;1;
AccurioPress C4080;75;2;65AA47360;CASSETTE LOCKING SHAFT;;D;2;1;
AccurioPress C4080;75;3;65AA47370;FULCRUM PLATE;;D;2;1;
AccurioPress C4080;75;4;65AA47390;GUIDE SPRING;;C;2;1;
AccurioPress C4080;75;5;65AA47710;LOCKING PLATE;;D;2;1;
AccurioPress C4080;75;6;65AA47970;SPACER;;C;2;1;
AccurioPress C4080;75;7;A2X0M12101;Brush motor;;B;2;1;
AccurioPress C4080;75;8;A50U629100;Mounting  Plate;;D;2;1;
AccurioPress C4080;75;9;A50U109300;Support  Shaft;;D;2;1;
AccurioPress C4080;75;10;A50U112901;Mounting  Tray;;D;2;1;
AccurioPress C4080;75;a;V118032003;screw;;V;;100;
AccurioPress C4080;75;b;V127030604;Screw;;V;;100;
AccurioPress C4080;75;c;V146040804;Screw;;V;;100;
AccurioPress C4080;75;d;V217060003;E-ring;;V;;100;
AccurioPress C4080;75;e;V217080003;Ring;;V;;100;
AccurioPress C4080;76;1;4470402401;Stopper;;D;2;5;
AccurioPress C4080;76;2;12QV40650;Spacer;;B;2;1;
AccurioPress C4080;76;3;65AA15210;Coupling Pin;;D;1;5;
AccurioPress C4080;76;4;A03U259600;Idling Gear 46/132T;;C;1;1;
AccurioPress C4080;76;5;A03U259900;DRIVE GEAR 92T;;C;1;1;
AccurioPress C4080;76;6;A1RF214100;Set  Washer  /1;;D;3;5;
AccurioPress C4080;76;7;A50U210600;Pressing Spring;;D;1;5;
AccurioPress C4080;76;8;A50U212100;Slide  Part;;D;1;5;KOM221018E1
AccurioPress C4080;76;9;A50U212600;Ball Bearing /15;;C;2;1;
AccurioPress C4080;76;10;A50UF21100;Drum Drive Fly Wheel / Y M C;;D;1;1;
AccurioPress C4080;76;11;A50UR71K00;Encoder / YMC;;D;1;1;
AccurioPress C4080;76;12;A50UR72X01;Drum Ground Assy;;D;1;1;
AccurioPress C4080;76;13;A85CM10200;DC   Brushless motor   /20;;C;1;1;
AccurioPress C4080;76;14;A85CM55600;Photo   Sensor;;I;2;1;
AccurioPress C4080;76;15;A85CN19000;Drive   Wiring   /1;;D;1;1;
AccurioPress C4080;76;16;A85CR70C22;Drum Drive Assy;;S;1;1;KOM201715E0
AccurioPress C4080;76;a;V116040803;Screw;;V;;100;
AccurioPress C4080;76;b;V118030403;Screw;;V;;100;
AccurioPress C4080;76;c;V118030603;Screw;;V;;100;
AccurioPress C4080;76;d;V127030604;Screw;;V;;100;
AccurioPress C4080;76;e;V127040603;Screw;;V;;100;
AccurioPress C4080;76;f;V127040803;Screw;;V;;100;
AccurioPress C4080;76;g;V185041003;Screw;;V;;10;
AccurioPress C4080;76;h;V217020003;E Ring;;V;;100;
AccurioPress C4080;76;k;V234302550;Pin;;V;;100;
AccurioPress C4080;76;m;V500010082;Locking Wire Saddle;;D;;5;
AccurioPress C4080;76;n;V500020098;Mini Locking wire saddle;;D;;5;
AccurioPress C4080;76;p;V500020099;Mini Locking wire saddle;;D;;5;
AccurioPress C4080;76;q;V500020103;Reuse mini joint;;V;;5;
AccurioPress C4080;76;r;V570010059;Wing Edge Saddle;;D;;5;
AccurioPress C4080;76;s;V570010063;Locking Edge Saddle;;D;;5;
AccurioPress C4080;76;t;V223150017;C-ring;;V;;100;
AccurioPress C4080;77;1;4470402401;Stopper;;D;2;5;
AccurioPress C4080;77;2;12QV40650;Spacer;;B;2;1;
AccurioPress C4080;77;3;65AA15210;Coupling Pin;;D;1;5;
AccurioPress C4080;77;4;A03U259600;Idling Gear 46/132T;;C;1;1;
AccurioPress C4080;77;5;A03U259900;DRIVE GEAR 92T;;C;1;1;
AccurioPress C4080;77;6;A1RF214100;Set  Washer  /1;;D;3;5;
AccurioPress C4080;77;7;A50U210600;Pressing Spring;;D;1;5;
AccurioPress C4080;77;8;A50U212100;Slide  Part;;D;1;5;KOM221018E1
AccurioPress C4080;77;9;A50U212600;Ball Bearing /15;;C;2;1;
AccurioPress C4080;77;10;A50UF21100;Drum Drive Fly Wheel / Y M C;;D;1;1;
AccurioPress C4080;77;11;A50UR71K00;Encoder / YMC;;D;1;1;
AccurioPress C4080;77;12;A50UR72X01;Drum Ground Assy;;D;1;1;
AccurioPress C4080;77;13;A85CM10200;DC   Brushless motor   /20;;C;1;1;
AccurioPress C4080;77;14;A85CM55600;Photo   Sensor;;I;2;1;
AccurioPress C4080;77;a;V116040803;Screw;;V;;100;
AccurioPress C4080;77;b;V118030403;Screw;;V;;100;
AccurioPress C4080;77;c;V118030603;Screw;;V;;100;
AccurioPress C4080;77;d;V127030604;Screw;;V;;100;
AccurioPress C4080;77;e;V185041003;Screw;;V;;10;
AccurioPress C4080;77;f;V217020003;E Ring;;V;;100;
AccurioPress C4080;77;g;V223150017;C-ring;;V;;100;
AccurioPress C4080;77;h;V234302550;Pin;;V;;100;
AccurioPress C4080;77;k;V500020103;Reuse mini joint;;V;;5;
AccurioPress C4080;77;m;V500020099;Mini Locking wire saddle;;D;;5;
AccurioPress C4080;78;1;4470402401;Stopper;;D;2;5;
AccurioPress C4080;78;2;12QV40650;Spacer;;B;2;1;
AccurioPress C4080;78;3;65AA15210;Coupling Pin;;D;1;5;
AccurioPress C4080;78;4;A03U259600;Idling Gear 46/132T;;C;1;1;
AccurioPress C4080;78;5;A03U259900;DRIVE GEAR 92T;;C;1;1;
AccurioPress C4080;78;6;A1RF214100;Set  Washer  /1;;D;3;5;
AccurioPress C4080;78;7;A50U210600;Pressing Spring;;D;1;5;
AccurioPress C4080;78;8;A50U212100;Slide  Part;;D;1;5;KOM221018E1
AccurioPress C4080;78;9;A50U212600;Ball Bearing /15;;C;2;1;
AccurioPress C4080;78;10;A50UF21100;Drum Drive Fly Wheel / Y M C;;D;1;1;
AccurioPress C4080;78;11;A50UR71K00;Encoder / YMC;;D;1;1;
AccurioPress C4080;78;12;A50UR72X01;Drum Ground Assy;;D;1;1;
AccurioPress C4080;78;13;A85CM10200;DC   Brushless motor   /20;;C;1;1;
AccurioPress C4080;78;14;A85CM55600;Photo   Sensor;;I;2;1;
AccurioPress C4080;78;a;V116040803;Screw;;V;;100;
AccurioPress C4080;78;b;V118030403;Screw;;V;;100;
AccurioPress C4080;78;c;V118030603;Screw;;V;;100;
AccurioPress C4080;78;d;V127030604;Screw;;V;;100;
AccurioPress C4080;78;e;V185041003;Screw;;V;;10;
AccurioPress C4080;78;f;V217020003;E Ring;;V;;100;
AccurioPress C4080;78;g;V223150017;C-ring;;V;;100;
AccurioPress C4080;78;h;V234302550;Pin;;V;;100;
AccurioPress C4080;78;k;V500020103;Reuse mini joint;;V;;5;
AccurioPress C4080;78;m;V500020099;Mini Locking wire saddle;;D;;5;
AccurioPress C4080;79;1;12QV40650;Spacer;;B;2;1;
AccurioPress C4080;79;2;65AA15210;Coupling Pin;;D;1;5;
AccurioPress C4080;79;3;65AA-9091E;Sensor Board Assy;;B;2;1;
AccurioPress C4080;79;4;A03U259600;Idling Gear 46/132T;;C;1;1;
AccurioPress C4080;79;5;A03U259900;DRIVE GEAR 92T;;C;1;1;
AccurioPress C4080;79;6;A1RF214100;Set  Washer  /1;;D;3;5;
AccurioPress C4080;79;7;A50U210600;Pressing Spring;;D;1;5;
AccurioPress C4080;79;8;A50U212100;Slide  Part;;D;1;5;KOM221018E1
AccurioPress C4080;79;9;A50U212600;Ball Bearing /15;;C;2;1;
AccurioPress C4080;79;10;A50UR70Q00;Drum Drive Fly Wheel / K;;D;1;1;
AccurioPress C4080;79;11;A50UR71M00;Encoder / K;;D;1;1;
AccurioPress C4080;79;12;A50UR72X01;Drum Ground Assy;;D;1;1;
AccurioPress C4080;79;13;A85C213100;Drive  Frame  /3;;D;1;5;
AccurioPress C4080;79;14;A85CM10100;DC   Brushless motor;;C;1;1;
AccurioPress C4080;79;15;A85CN19100;Drive   Wiring   /K;;D;1;1;
AccurioPress C4080;79;a;V116040803;Screw;;V;;100;
AccurioPress C4080;79;b;V118030403;Screw;;V;;100;
AccurioPress C4080;79;c;V118030603;Screw;;V;;100;
AccurioPress C4080;79;d;V127030604;Screw;;V;;100;
AccurioPress C4080;79;e;V149020603;screw;;V;;100;
AccurioPress C4080;79;f;V185041003;Screw;;V;;10;
AccurioPress C4080;79;g;V217020003;E Ring;;V;;100;
AccurioPress C4080;79;h;V223150017;C-ring;;V;;100;
AccurioPress C4080;79;k;V500020103;Reuse mini joint;;V;;5;
AccurioPress C4080;79;m;V234302550;Pin;;V;;100;
AccurioPress C4080;80;1;26NA42560;By-Pass Idler Roller;;C;2;1;
AccurioPress C4080;80;2;A03U850101;Slide Bushing;;C;4;5;
AccurioPress C4080;80;3;A1RF701700;Lock  Spring  /Front;;D;1;1;
AccurioPress C4080;80;4;A50U700101;Guide  Plate  Outside;;D;1;1;KOM221185E1
AccurioPress C4080;80;5;A50U700901;Side plate  /1;;D;1;1;
AccurioPress C4080;80;6;A50U701113;Side plate  /2;;D;1;1;KOM220144E0
AccurioPress C4080;80;6;A50U701114;Side plate /2;;D;1;1;KOM220144E0
AccurioPress C4080;80;7;A50U705100;Idler  Shaft;;D;1;1;
AccurioPress C4080;80;8;A50U705200;Open/close  Shaft;;D;1;1;
AccurioPress C4080;80;9;A50U705701;Support  Plate  /3;;D;1;1;
AccurioPress C4080;80;10;A50U706000;Regulating  Plate  /Front;;D;2;5;
AccurioPress C4080;80;11;A50U706900;Detecting  Plate;;D;1;5;
AccurioPress C4080;80;12;A50U707600;Idler  Spring;;D;2;5;
AccurioPress C4080;80;13;A50UF70800;Support Plate / 1 Caulking;;D;2;1;
AccurioPress C4080;80;14;A50UF70900;Connecting Plate Caulking;;D;1;1;
AccurioPress C4080;80;15;A50UR73100;Support Plate /2 Caulking;;D;1;1;KOM221185E1
AccurioPress C4080;80;16;A55C712000;Lock  Claw;;D;2;1;
AccurioPress C4080;80;17;A9VE700200;Conveyance Handle;;D;1;1;
AccurioPress C4080;80;18;A9VE701300;Cover  Door;;D;1;1;
AccurioPress C4080;80;19;AC57R71311;Vertical Conveyance ASSY;;S;1;1;KOM241255E0
AccurioPress C4080;80;20;AC57705300;Support  Plate  /ASSY;;D;1;1;KOM221185E1
AccurioPress C4080;80;a;V112030603;Screw;;V;;100;
AccurioPress C4080;80;b;V118030603;Screw;;V;;100;
AccurioPress C4080;80;c;V121030403;Screw;;V;;100;
AccurioPress C4080;80;d;V127030604;Screw;;V;;100;
AccurioPress C4080;80;e;V127040603;Screw;;V;;100;
AccurioPress C4080;80;f;V158030803;Screw;;V;;100;
AccurioPress C4080;80;g;V217040003;E-ring;;V;;100;
AccurioPress C4080;80;h;V234201850;Pin;;V;;100;
AccurioPress C4080;81;1;4470402401;Stopper;;D;2;5;
AccurioPress C4080;81;2;25AA77730;CONVEYANCE IDLER RIGHT 24T;;C;1;1;
AccurioPress C4080;81;3;55VA20680;SEPARATION POSITIONING SCREW;;C;2;1;
AccurioPress C4080;81;4;55VA42120;Shaft Stopper;;C;1;1;
AccurioPress C4080;81;5;A795M20311;Clutch;;C;1;1;KOM241554E0
AccurioPress C4080;81;6;65AA44200;LOCKING PLATE;;C;2;1;
AccurioPress C4080;81;7;65AA44350;Stopper Roller;;C;1;1;
AccurioPress C4080;81;8;65AA44440;OPEN SHUT SPRING;;C;1;1;
AccurioPress C4080;81;9;A03U812800;Slide Shaft Holder;;B;5;5;
AccurioPress C4080;81;10;A50U700200;Idling  Shaft;;D;1;1;
AccurioPress C4080;81;11;A50U700300;Guide  Plate  /Upper;;D;1;1;
AccurioPress C4080;81;12;A50U700400;Rotation  Plate;;D;1;5;
AccurioPress C4080;81;13;A50U700500;Guide  Plate  /Inside;;D;1;1;
AccurioPress C4080;81;14;A50U700600;Positioning  Spring;;D;1;5;
AccurioPress C4080;81;15;A50U701000;Support  Plate;;D;2;1;KOM220144E0
AccurioPress C4080;81;16;AC57704400;Conveyance Roller /1;;C;1;1;
AccurioPress C4080;81;17;A50U704700;Guide  Plate  /Middle;;D;1;1;
AccurioPress C4080;81;18;A50U704801;Guide  Plate  /2;;D;1;1;
AccurioPress C4080;81;19;A50U704900;Open/shut Plate;;D;1;1;
AccurioPress C4080;81;20;A50U705000;Mounting  Plate  /Rear;;D;1;1;
AccurioPress C4080;81;21;A50U705400;Fixing  Plate  /1;;D;1;1;
AccurioPress C4080;81;22;A50U705500;Detection Actuator;;D;1;1;
AccurioPress C4080;81;23;A50U705600;Support  Shaft;;D;1;1;
AccurioPress C4080;81;24;A50U706800;Cushion;;D;2;5;
AccurioPress C4080;81;25;A50U707003;Lock Plate;;D;1;5;KOM251076E0
AccurioPress C4080;81;26;A50U707300;Guide  Plate;;D;1;1;
AccurioPress C4080;81;27;A50U707400;Pressing  Spring  /1;;D;1;5;
AccurioPress C4080;81;28;A50UM51000;Photointerrupter;;C;1;1;
AccurioPress C4080;81;29;A50UN14400;Conveyance  Wiring  /1;;D;1;1;
AccurioPress C4080;81;30;A85CM55600;Photo   Sensor;;I;1;1;
AccurioPress C4080;81;31;65AA49500;Paper Exit Spacer /1;;C;1;1;
AccurioPress C4080;81;a;V127030604;Screw;;V;;100;
AccurioPress C4080;81;b;V217030003;E-ring;;V;;100;
AccurioPress C4080;81;c;V217060003;E-ring;;V;;100;
AccurioPress C4080;81;d;V500020098;Mini Locking wire saddle;;D;;5;KOM220144E0
AccurioPress C4080;81;e;V500020099;Mini Locking wire saddle;;D;;5;
AccurioPress C4080;81;f;V570010056;Locking Edge Saddle;;D;;5;
AccurioPress C4080;82;1;56AA40490;Shaft Stopper /4;;C;1;1;
AccurioPress C4080;82;2;A9VE943101;Release Label /1;;D;1;1;KOM242232E0
AccurioPress C4080;82;3;A50U818700;Wiring  Guide  /Front;;D;1;1;
AccurioPress C4080;82;4;A50U818800;Wiring  Guide  /Middle;;D;1;1;
AccurioPress C4080;82;5;A50U818900;Wiring  Guide  /Rear;;D;1;1;
AccurioPress C4080;82;6;A50U819201;Support  Shaft  /Rear;;D;1;1;
AccurioPress C4080;82;7;A50U819302;Support  Plate  /Rear;;D;1;1;
AccurioPress C4080;82;8;A50U832901;Wiring  Cover;;D;8;1;
AccurioPress C4080;82;9;A50U835001;Torsion  Coil spring;;D;1;5;
AccurioPress C4080;82;10;A50U837001;Cover  Part  /1;;D;1;1;KOM251612E1
AccurioPress C4080;82;10;A50U837012;Cover Part /1;;D;1;1;KOM251612E1
AccurioPress C4080;82;11;A50U837101;Cover  Part  /2;;D;1;1;
AccurioPress C4080;82;12;A50U837300;Cover  Part  /3;;D;1;1;
AccurioPress C4080;82;13;A50U855702;Pulling  Lever;;D;1;1;
AccurioPress C4080;82;14;A50U858200;Cover  Cover;;D;1;1;
AccurioPress C4080;82;15;A50U858300;Ground  Spring  /2;;D;1;5;
AccurioPress C4080;82;16;A50U858400;Ground  Spring  /1;;D;1;5;
AccurioPress C4080;82;17;A50U858500;Support  Shaft  /Middle;;D;2;5;
AccurioPress C4080;82;18;A50U944200;Processing Label /1;;D;1;1;KOM221500E1
AccurioPress C4080;82;19;A50UN15500;ADU  Relay harness  /3;;D;1;1;
AccurioPress C4080;82;20;A50UN18700;ADU  Relay harness  /6;;D;1;1;
AccurioPress C4080;82;21;A50UR70G01;2nd Transfer Earth Plate Assy;;B;2;1;
AccurioPress C4080;82;22;A50UR72S00;Support Plate / Front Caulking;;D;1;1;
AccurioPress C4080;82;23;AC57160400;Duplex Cover;;D;1;1;
AccurioPress C4080;82;24;AC57947000;Indicating Label C4080;;D;1;1;
AccurioPress C4080;82;a;V116041203;Screw;;V;;100;
AccurioPress C4080;82;b;V118040603;Screw;;V;;100;
AccurioPress C4080;82;c;V121030403;Screw;;V;;100;
AccurioPress C4080;82;d;V127030604;Screw;;V;;100;
AccurioPress C4080;82;e;V127030804;Screw;;V;;100;
AccurioPress C4080;82;f;V151030803;Screw;;V;;100;
AccurioPress C4080;82;g;V217020003;E Ring;;V;;100;
AccurioPress C4080;82;h;V217030003;E-ring;;V;;100;
AccurioPress C4080;82;k;V501010002;band;;D;;5;
AccurioPress C4080;82;m;V570010059;Wing Edge Saddle;;D;;5;
AccurioPress C4080;82;n;V500020100;Mini Locking wire saddle;;D;;5;
AccurioPress C4080;83;1;14GE45470;Rotation Knob;;C;1;1;
AccurioPress C4080;83;2;26NA54230;Terminal Fixing Screw;;C;4;1;
AccurioPress C4080;83;3;56AA42690;By-Pass Spacer;;C;1;1;
AccurioPress C4080;83;4;A00J617900;Ball Bearing;;B;1;1;
AccurioPress C4080;83;5;A9VE944101;Release Label /11;;D;1;1;KOM242065E0
AccurioPress C4080;83;6;A50U819500;Connecting  Plate;;D;1;5;
AccurioPress C4080;83;7;A50U839900;Connecting  Plate;;D;1;5;
AccurioPress C4080;83;8;A50U842900;Conveyance  Spring  /5;;D;1;5;
AccurioPress C4080;83;9;A50U882701;Reverse/Exit  Joint  /Rear;;D;1;5;
AccurioPress C4080;83;10;A50U882801;Reverse/Exit  Joint  /Front;;D;1;5;
AccurioPress C4080;83;11;A50U884203;Registration Base frame /2;;D;1;5;KOM251086E0
AccurioPress C4080;83;12;A50UF83702;Registration Base Frame / 1 Caulking;;D;1;1;
AccurioPress C4080;83;13;AC57884400;Fusing  Screw  /Rear;;D;2;1;KOM210237E1
AccurioPress C4080;83;14;AC57884500;Compressing  Coil spring;;D;2;5;KOM210237E1
AccurioPress C4080;83;a;V118030603;Screw;;V;;100;
AccurioPress C4080;83;b;V121030403;Screw;;V;;100;
AccurioPress C4080;83;c;V127030604;Screw;;V;;100;
AccurioPress C4080;83;d;V127040803;Screw;;V;;100;
AccurioPress C4080;83;e;V217060003;E-ring;;V;;100;
AccurioPress C4080;84;1;4131353202;BUSHING;;C;4;1;
AccurioPress C4080;84;2;4470402401;Stopper;;D;1;5;
AccurioPress C4080;84;3;12QV40650;Spacer;;B;1;1;KOM211586E0
AccurioPress C4080;84;4;40AA77550;Mirror Drive Gear /2 14/70T;;C;1;1;
AccurioPress C4080;84;5;A9VE521100;Pressing  Shaft  /1;;D;1;1;
AccurioPress C4080;84;6;56AA40490;Shaft Stopper /4;;C;1;1;
AccurioPress C4080;84;7;65AA45230;CAM PULLING SPRING;;C;1;1;
AccurioPress C4080;84;8;A00J617800;Ball Bearing;;A;2;1;
AccurioPress C4080;84;9;466076020;Paper Feed Feeding Bearing;;B;4;10;KOM211676E0
AccurioPress C4080;84;10;A50U520601;Support  Shaft  /Front;;D;1;1;
AccurioPress C4080;84;11;A50U520700;Adjusting  Plate  /Front;;D;1;5;
AccurioPress C4080;84;12;A50U520900;Pressing  Cover;;D;2;5;
AccurioPress C4080;84;13;A9VE521200;Transfer  Collar  /1;;D;1;1;
AccurioPress C4080;84;14;AC57N22101;Drive Relay Harness /4;;D;1;1;
AccurioPress C4080;84;15;A50U521301;Support  Shaft  /Rear;;D;1;1;
AccurioPress C4080;84;16;A50U521500;Drive  Shaft;;D;1;1;
AccurioPress C4080;84;17;A50U521900;Pressure  Gear  /3 47T;;C;1;1;
AccurioPress C4080;84;18;A50U522001;Rotation  Arm;;D;2;1;
AccurioPress C4080;84;19;A50U522400;Holding  Plate;;D;1;5;
AccurioPress C4080;84;20;A50U522900;Rotation  Shaft;;D;1;1;
AccurioPress C4080;84;21;A50U523001;Release  Arm;;D;1;5;
AccurioPress C4080;84;22;A50U523100;Support  Shaft;;D;1;1;
AccurioPress C4080;84;23;A50U523200;Rotation  Cover;;D;1;5;
AccurioPress C4080;84;24;A50U523400;Torsion  Coil spring;;D;1;5;
AccurioPress C4080;84;25;A50U524100;Receiving  Shaft;;D;2;1;
AccurioPress C4080;84;26;A50U524500;Transfer  Actuator;;D;1;1;
AccurioPress C4080;84;27;A50U524600;Adjusting  Plate  /Rear;;D;1;5;
AccurioPress C4080;84;28;A50U524700;Support  Shaft;;D;3;5;
AccurioPress C4080;84;29;A50U716500;Ball Bearing;;C;2;1;
AccurioPress C4080;84;30;A50U834802;Cover  Side plate  /Right rear;;D;1;1;
AccurioPress C4080;84;31;A50U854400;Fixing  Shaft;;D;1;5;
AccurioPress C4080;84;32;A50U854800;Conveyance  Roll;;D;1;5;
AccurioPress C4080;84;33;A50U855800;Drive  Side plate  /2;;D;1;5;
AccurioPress C4080;84;34;A50U858101;Cover  Box;;D;1;1;
AccurioPress C4080;84;35;A50U884600;Support  Plate  /1;;D;1;1;
AccurioPress C4080;84;36;A50U884700;Support  Plate  /2;;D;1;1;
AccurioPress C4080;84;37;A50UR72C00;Drive Motor / 1 Assy;;C;1;1;
AccurioPress C4080;84;38;A85CM55600;Photo   Sensor;;I;1;1;
AccurioPress C4080;84;39;A9VE522500;Transfer  Cam;;C;2;1;
AccurioPress C4080;84;40;A9VE526200;Pressing  Spring;;D;2;5;
AccurioPress C4080;84;41;AC57870700;Conveyance Roller;;C;1;1;
AccurioPress C4080;84;42;A9VE870800;Drive Gear /1 20T;;C;1;1;
AccurioPress C4080;84;43;A9VE870900;Idling Gear 24T;;C;2;5;
AccurioPress C4080;84;44;A9VE871200;Wiring  Guide  /1;;D;1;1;
AccurioPress C4080;84;45;A9VE871300;Support  Plate;;D;1;5;
AccurioPress C4080;84;46;A9VE871700;Mounting  Plate  /5;;D;1;1;
AccurioPress C4080;84;47;A9VE871800;Wiring  Guide  /2;;D;1;1;
AccurioPress C4080;84;48;AC57R71700;Stepping Motor ASSY;;C;1;1;
AccurioPress C4080;84;49;40AA98020D;Paper exit Spacer;;D;2;1;
AccurioPress C4080;84;a;V116050803;Screw;;V;;100;
AccurioPress C4080;84;b;V118030403;Screw;;V;;100;
AccurioPress C4080;84;c;V121030403;Screw;;V;;100;
AccurioPress C4080;84;d;V121040403;screw;;V;;100;
AccurioPress C4080;84;e;V127030604;Screw;;V;;100;
AccurioPress C4080;84;f;V127040803;Screw;;V;;100;
AccurioPress C4080;84;g;V207080003;washer;;V;;100;
AccurioPress C4080;84;h;V217020003;E Ring;;V;;100;
AccurioPress C4080;84;k;V217060003;E-ring;;V;;100;
AccurioPress C4080;84;m;V234201050;Pin;;V;;100;
AccurioPress C4080;84;n;V234301650;Pin;;V;;100;
AccurioPress C4080;84;p;V500010079;Locking Wire Saddle;;V;;1;
AccurioPress C4080;84;q;V570010059;Wing Edge Saddle;;D;;5;
AccurioPress C4080;84;r;V500020099;Mini Locking wire saddle;;D;;5;
AccurioPress C4080;84;s;V217040003;E-ring;;V;;100;
AccurioPress C4080;85;1;13QA85511;Conveyance Photo Sensor;;B;1;1;KOM221886E1
AccurioPress C4080;85;1;9335140071;Solid State Switch;;B;1;1;KOM221886E1
AccurioPress C4080;85;2;A03U842700;Conveyance Spring /3;;C;6;5;
AccurioPress C4080;85;3;A03U845601;Idler Roller /2;;C;3;1;
AccurioPress C4080;85;4;A50U854800;Conveyance  Roll;;D;5;5;
AccurioPress C4080;85;5;A9VE870100;Guide  Plate;;D;1;1;
AccurioPress C4080;85;6;A9VE870200;Mounting  Plate  /4;;D;1;1;KOM221886E1
AccurioPress C4080;85;6;A9VE870211;Mounting Plate /4;;D;1;1;KOM221886E1
AccurioPress C4080;85;7;A9VE870300;Mounting  Plate  /3;;D;1;1;
AccurioPress C4080;85;8;A9VE870400;Sensor  Plate;;D;1;1;KOM221886E1
AccurioPress C4080;85;8;A9VE870411;Sensor Plate;;D;1;1;KOM221886E1
AccurioPress C4080;85;9;A9VE870500;Idler  Plate;;D;3;1;
AccurioPress C4080;85;10;A9VE870600;Idler  Shaft;;D;3;1;
AccurioPress C4080;85;11;A9VE871900;Wiring  Cover;;D;1;1;
AccurioPress C4080;85;12;A9VEN16200;ADU   Detection harness   /16;;D;1;1;
AccurioPress C4080;85;13;4470402401;Stopper;;D;1;5;KOM221886E1
AccurioPress C4080;85;a;V118030603;Screw;;V;;100;
AccurioPress C4080;85;b;V118030604;screw;;V;;100;KOM221886E1
AccurioPress C4080;85;c;V127030604;Screw;;V;;100;
AccurioPress C4080;85;d;V151030803;Screw;;V;;100;
AccurioPress C4080;85;e;V217040003;E-ring;;V;;100;
AccurioPress C4080;85;f;V234301650;Pin;;V;;100;
AccurioPress C4080;85;g;V500020099;Mini Locking wire saddle;;D;;5;
AccurioPress C4080;85;h;V570010037;bushing;;D;;1;
AccurioPress C4080;85;k;V570010056;Locking Edge Saddle;;D;;5;
AccurioPress C4080;86;1;55VA15541;CLEANER COUPLING PART;;C;1;1;
AccurioPress C4080;86;2;56AA17090;Pressing Spring;;C;1;1;
AccurioPress C4080;86;3;56AA42690;By-Pass Spacer;;C;11;1;
AccurioPress C4080;86;4;56GA76010;Slide Bearing /2;;C;1;1;
AccurioPress C4080;86;5;65AA77540;PAPER FEED GEAR 2 29T;;C;1;1;
AccurioPress C4080;86;6;A00V240600;Ball Bearing;;B;2;1;
AccurioPress C4080;86;7;A03U812800;Slide Shaft Holder;;B;6;5;
AccurioPress C4080;86;8;A03U815700;Torque Limiter;;B;1;1;
AccurioPress C4080;86;9;A03U839000;BRAKE GEAR /1 21T;;C;1;5;
AccurioPress C4080;86;10;A1DUR73K00;Powering Block A Assy;;C;1;1;
AccurioPress C4080;86;11;A50U810502;Mounting  Board  /1;;D;1;1;
AccurioPress C4080;86;12;A50U812100;Drive Input Shaft;;D;1;1;
AccurioPress C4080;86;13;A50U816103;Positioning  Side plate  /Right;;D;1;1;
AccurioPress C4080;86;14;A50U817400;Mounting  Side plate  /1;;D;1;1;
AccurioPress C4080;86;15;AC57818000;Drive Gear 29/29/38T;;C;2;1;
AccurioPress C4080;86;16;A50U835303;Mounting Board /2;;D;1;1;KOM251066E0
AccurioPress C4080;86;17;A50U835400;Guide  Part  /Front;;D;1;1;
AccurioPress C4080;86;18;A50U835900;Support  Plate;;D;2;5;
AccurioPress C4080;86;19;A50U836000;Cover;;D;1;1;
AccurioPress C4080;86;20;A50U836400;Conveyance  Idler  /Right;;D;1;1;
AccurioPress C4080;86;21;A50U836500;Conveyance  Idler  /Right;;D;2;1;
AccurioPress C4080;86;22;A50U839200;Belt  /3 342L;;C;1;1;
AccurioPress C4080;86;23;A50U855900;Cover  Board  /Left Front;;D;1;1;KOM220422E1
AccurioPress C4080;86;24;A50U858600;Stopper  Plate;;D;2;5;
AccurioPress C4080;86;25;A50U880702;Packing  Board  /Front;;D;1;1;
AccurioPress C4080;86;26;A50U885100;Drive  Spacer;;D;1;5;
AccurioPress C4080;86;27;A50UF82200;Power Supply Block / B ASSY;;D;1;1;
AccurioPress C4080;86;28;A50UN17200;ADU  Drive harness  /7;;D;1;5;
AccurioPress C4080;86;29;A50UN25400;HV  Relay harness  /5;;D;1;1;
AccurioPress C4080;86;30;A50UN25600;HV  Relay harness  /6;;D;1;1;
AccurioPress C4080;86;31;A9VE818100;Drive Gear /1 39T;;C;1;1;
AccurioPress C4080;86;32;A9VE839100;Belt /4;;D;1;1;
AccurioPress C4080;86;33;AC57H05002;Conveyance Drive Board ASSY;;I;1;1;
AccurioPress C4080;86;34;A9VEN15000;ADU   Drive harness   /1;;D;1;1;
AccurioPress C4080;86;35;A9VEN15602;ADU Control harness /1;;D;1;1;KOM242060E0
AccurioPress C4080;86;36;A9VEN18801;ADU   Control harness   /2;;D;1;1;
AccurioPress C4080;86;a;V116030603;Screw;;V;;100;
AccurioPress C4080;86;b;V127030603;Screw;;V;;100;
AccurioPress C4080;86;c;V127030604;Screw;;V;;100;
AccurioPress C4080;86;d;V127030803;screw;;V;;100;
AccurioPress C4080;86;e;V207060003;Washer;;V;;100;
AccurioPress C4080;86;f;V217050003;E ring;;V;;100;
AccurioPress C4080;86;g;V234301450;Pin;;V;;100;
AccurioPress C4080;86;h;V217060003;E-ring;;V;;100;
AccurioPress C4080;86;k;V500010082;Locking Wire Saddle;;D;;5;
AccurioPress C4080;86;m;V500010084;Locking Wire Saddle;;D;;5;
AccurioPress C4080;86;n;V500020099;Mini Locking wire saddle;;D;;5;
AccurioPress C4080;86;p;V500020100;Mini Locking wire saddle;;D;;5;
AccurioPress C4080;86;q;V570010056;Locking Edge Saddle;;D;;5;
AccurioPress C4080;86;r;V570010058;Wing Edge Saddle;;D;;5;
AccurioPress C4080;86;s;V234201050;Pin;;V;;100;
AccurioPress C4080;87;1;462076010;Driving Slide Shaft Holder A;;C;3;1;
AccurioPress C4080;87;2;12QV40650;Spacer;;B;4;1;
AccurioPress C4080;87;3;25AA47500;Carriage Lock Claw /B;;C;1;1;
AccurioPress C4080;87;4;55VA42120;Shaft Stopper;;C;4;1;
AccurioPress C4080;87;5;56AA42690;By-Pass Spacer;;C;8;1;
AccurioPress C4080;87;6;56AA50670;Cam Stopper Spring;;C;1;1;
AccurioPress C4080;87;7;56AA50800;LEVER SUPPORT SHAFT HOLDER;;C;1;1;
AccurioPress C4080;87;8;56AA77530;Paper Feed Drive Belt /1 336L;;C;1;1;
AccurioPress C4080;87;9;AC57M20011;Conveyance Clutch;;A;2;1;KOM241058E0
AccurioPress C4080;87;10;A00J617900;Ball Bearing;;B;2;1;
AccurioPress C4080;87;11;A00V240600;Ball Bearing;;B;6;1;
AccurioPress C4080;87;12;A03U812800;Slide Shaft Holder;;B;5;5;
AccurioPress C4080;87;13;A03U838900;Brake Gear /2 24T;;C;1;5;
AccurioPress C4080;87;14;AC57M20211;Conveyance Clutch;;B;2;1;KOM241149E0
AccurioPress C4080;87;15;A03X565001;Swing Spring;;C;1;5;
AccurioPress C4080;87;16;A1RG681400;Brake  Plate  /8;;D;1;5;
AccurioPress C4080;87;17;AC57812200;ADU Conveying Roller /Right;;C;2;1;
AccurioPress C4080;87;18;A50U817300;Holding  Collar;;D;3;5;
AccurioPress C4080;87;19;A50U818501;Pulley /2;;D;4;5;
AccurioPress C4080;87;20;A50U830200;Positioning  Part  /Rear;;D;1;1;
AccurioPress C4080;87;21;A50U830300;Regulating  Part  /Rear;;D;1;1;
AccurioPress C4080;87;22;A50U830400;Hold  Plate  /Assy;;D;1;1;
AccurioPress C4080;87;23;A50U830501;Reinforce  Plate  /1;;D;1;1;
AccurioPress C4080;87;24;A50U830600;Lock  Plate;;D;1;1;
AccurioPress C4080;87;25;A50U830700;Support  Shaft;;D;1;1;
AccurioPress C4080;87;26;A50U830800;Lock  Bushing;;D;1;1;
AccurioPress C4080;87;27;A50U831000;Release  Cam;;D;1;1;
AccurioPress C4080;87;28;A50U831100;Release  Plate;;D;1;5;
AccurioPress C4080;87;29;A50U831200;Release  Shaft  /1;;D;1;5;
AccurioPress C4080;87;30;A50U831900;Pulling  Spring;;D;1;5;
AccurioPress C4080;87;31;A50U839200;Belt  /3 342L;;C;1;1;
AccurioPress C4080;87;32;AC57849100;Roller /1;;C;1;1;
AccurioPress C4080;87;33;AC57849200;Roller /2;;C;1;1;
AccurioPress C4080;87;34;AC57859000;Roller;;C;1;1;
AccurioPress C4080;87;35;AC57859400;Roller /3;;C;1;1;
AccurioPress C4080;87;36;A50UR72E00;Release Shaft Pin Assy;;D;1;1;
AccurioPress C4080;87;a;V121030403;Screw;;V;;100;
AccurioPress C4080;87;b;V116041403;screw;;V;;100;KOM211144E0
AccurioPress C4080;87;c;V127030604;Screw;;V;;100;
AccurioPress C4080;87;d;V217030003;E-ring;;V;;100;
AccurioPress C4080;87;e;V217060003;E-ring;;V;;100;
AccurioPress C4080;87;f;V217080003;Ring;;V;;100;
AccurioPress C4080;87;g;V234201450;Pin;;V;;100;
AccurioPress C4080;87;h;V234301250;Pin;;B;;100;
AccurioPress C4080;87;k;V234301650;Pin;;V;;100;
AccurioPress C4080;88;1;4470402401;Stopper;;D;2;5;
AccurioPress C4080;88;2;56AA42690;By-Pass Spacer;;C;2;1;
AccurioPress C4080;88;3;65AA51730;ADU 2;;C;1;1;
AccurioPress C4080;88;4;65AA80112;HB Motor /50;;B;1;1;
AccurioPress C4080;88;5;A03U812800;Slide Shaft Holder;;B;2;5;
AccurioPress C4080;88;6;A9VE841300;Ball bearing;;C;2;1;KOM210555E0
AccurioPress C4080;88;7;A50U713302;Swing  Side plate  /ASSY;;D;1;1;
AccurioPress C4080;88;8;A50U713403;Swing  Side plate  /2;;D;1;1;
AccurioPress C4080;88;9;A50U713500;Swing  Gear  /1 18/51T;;C;1;1;
AccurioPress C4080;88;10;A50U713700;Registration  Idler  /1;;B;1;1;
AccurioPress C4080;88;11;A50U713800;Registration  Gear  /1 56T;;C;1;1;
AccurioPress C4080;88;12;A50U713900;Registration  Gear  /2 48T;;C;1;1;
AccurioPress C4080;88;13;A50U714800;Pressure  Cam;;D;2;5;
AccurioPress C4080;88;14;A50U714900;Spacer;;D;2;5;
AccurioPress C4080;88;15;A50U715006;Mounting Lever /1;;D;1;1;KOM251071E0
AccurioPress C4080;88;16;A50U715100;Pressure  Shaft  /2;;D;1;1;
AccurioPress C4080;88;17;A50U715200;Pressure  Actuator;;D;1;5;
AccurioPress C4080;88;18;A50U819700;Cover;;D;1;1;
AccurioPress C4080;88;19;A50U835601;Drive  Cover;;D;1;1;
AccurioPress C4080;88;20;A50U836100;Cover;;D;1;1;
AccurioPress C4080;88;21;A50U882300;Protection  Cover;;D;1;1;
AccurioPress C4080;88;22;A50U882600;Registration  ring  /Front;;D;1;5;
AccurioPress C4080;88;23;A50U883300;Idling  Shaft  /1;;D;1;1;
AccurioPress C4080;88;24;A50U883501;Protection  Plate;;D;1;1;KOM211039E0
AccurioPress C4080;88;25;A50UF81401;Adjusting Plate Caulking;;D;1;1;
AccurioPress C4080;88;26;A50UN18203;ADU  Drive harness  /12;;D;1;1;
AccurioPress C4080;88;27;A50UN18900;ADU  Detection harness  /14;;D;1;1;
AccurioPress C4080;88;28;AC57R71600;Motor ASSY;;C;1;1;
AccurioPress C4080;88;29;A50UR72G00;ADU Connecting Solenoid Pin Assy;;C;1;1;
AccurioPress C4080;88;30;AC57R73700;Stepping Motor / 3 Assy;;C;1;1;
AccurioPress C4080;88;31;A85CM55600;Photo   Sensor;;I;2;1;
AccurioPress C4080;88;32;A9VE819100;Regulating  Plate;;D;1;1;
AccurioPress C4080;88;33;A9VEN16500;ADU   Drive harness   /6;;D;1;1;
AccurioPress C4080;88;34;AC57N22000;Drive Relay Harness /3;;D;2;1;
AccurioPress C4080;88;a;V116030603;Screw;;V;;100;
AccurioPress C4080;88;b;V121030403;Screw;;V;;100;
AccurioPress C4080;88;c;V127030604;Screw;;V;;100;
AccurioPress C4080;88;d;V127030803;screw;;V;;100;
AccurioPress C4080;88;e;V217030003;E-ring;;V;;100;
AccurioPress C4080;88;f;V217040003;E-ring;;V;;100;
AccurioPress C4080;88;g;V217060003;E-ring;;V;;100;
AccurioPress C4080;88;h;V234201250;Pin;;V;;100;
AccurioPress C4080;88;k;V234301450;Pin;;V;;100;
AccurioPress C4080;88;m;V234301650;Pin;;V;;100;
AccurioPress C4080;88;n;V500010013;Locking Wire Saddle;;D;;5;
AccurioPress C4080;88;p;V500010084;Locking Wire Saddle;;D;;5;
AccurioPress C4080;88;q;V500020069;Clamp;;D;;5;
AccurioPress C4080;88;r;V500020099;Mini Locking wire saddle;;D;;5;
AccurioPress C4080;88;s;V500020100;Mini Locking wire saddle;;D;;5;
AccurioPress C4080;88;t;V570010056;Locking Edge Saddle;;D;;5;
AccurioPress C4080;88;u;V570010057;Wing Edge Saddle;;D;;5;
AccurioPress C4080;88;v;V234201450;Pin;;V;;100;
AccurioPress C4080;88;w;V500020077;wabe Clamp;;D;;5;KOM251071E0
AccurioPress C4080;89;1;4470402401;Stopper;;D;2;5;
AccurioPress C4080;89;2;AAMPM10900;Fan Motor;;C;1;1;
AccurioPress C4080;89;3;A1TVM10100;Stepping motor  /50;;B;2;1;
AccurioPress C4080;89;4;A50U814401;Reinforce  Plate;;D;1;1;
AccurioPress C4080;89;5;A50U814500;Positioning  Plate  /Upper;;D;1;1;
AccurioPress C4080;89;6;A50U815101;Positioning  Plate  /Lower;;D;1;1;
AccurioPress C4080;89;7;A50U819812;Mounting  /A;;D;1;1;
AccurioPress C4080;89;8;A50U819900;Riverse/exit Gear /1 42T;;C;1;1;
AccurioPress C4080;89;9;A50U831300;Preventing  Gear  /1 57T;;C;1;1;
AccurioPress C4080;89;10;A50U836300;Cover;;D;1;5;
AccurioPress C4080;89;11;A50U837700;Wiring  Guide;;D;1;1;
AccurioPress C4080;89;12;A50U838500;Mounting  Handle  /Left;;D;2;5;
AccurioPress C4080;89;13;A50U838702;Reverse/Exit Plate /Left front;;D;1;1;KOM251612E1
AccurioPress C4080;89;14;A50UN16000;ADU  Drive harness  /4;;D;1;1;
AccurioPress C4080;89;15;A50UN16900;ADU  Detection harness  /15;;D;1;1;
AccurioPress C4080;89;16;A85CM55600;Photo   Sensor;;I;2;1;
AccurioPress C4080;89;17;A9VEN16100;ADU   Drive harness   /11;;D;1;1;
AccurioPress C4080;89;a;V118030403;Screw;;V;;100;
AccurioPress C4080;89;b;V118033003;Screw;;V;;100;
AccurioPress C4080;89;c;V121030403;Screw;;V;;100;
AccurioPress C4080;89;d;V127030604;Screw;;V;;100;
AccurioPress C4080;89;e;V217040003;E-ring;;V;;100;
AccurioPress C4080;89;f;V234201450;Pin;;V;;100;
AccurioPress C4080;89;g;V234301650;Pin;;V;;100;
AccurioPress C4080;89;h;V500010082;Locking Wire Saddle;;D;;5;
AccurioPress C4080;89;k;V500020100;Mini Locking wire saddle;;D;;5;
AccurioPress C4080;89;m;V570010056;Locking Edge Saddle;;D;;5;
AccurioPress C4080;89;n;V570010031;holder;;D;;5;
AccurioPress C4080;89;p;V500020099;Mini Locking wire saddle;;D;;5;
AccurioPress C4080;90;1;1154467001;PROTECTION;;C;1;10;
AccurioPress C4080;90;2;4131253701;BUSHING;;C;2;1;
AccurioPress C4080;90;3;25AA50080;Wire Pulley;;C;2;1;
AccurioPress C4080;90;4;56AA40490;Shaft Stopper /4;;C;2;1;
AccurioPress C4080;90;5;65AA51510;ADU Open/Shut Shaft /3;;D;1;1;
AccurioPress C4080;90;6;A00J617800;Ball Bearing;;A;6;1;
AccurioPress C4080;90;7;A03U811600;ADU Positioning Plate /1;;D;1;5;
AccurioPress C4080;90;8;A03U811800;ADU Positioning Plate /2;;C;1;5;
AccurioPress C4080;90;9;A03U813601;ADU Open/shut Spring /Upper;;C;2;1;
AccurioPress C4080;90;10;A03U814100;Idler Shaft /Lower;;D;3;1;
AccurioPress C4080;90;11;A03U814200;Idler Roll;;C;3;1;
AccurioPress C4080;90;12;A03U814300;Conveyance Spring;;C;6;5;
AccurioPress C4080;90;13;A03U843500;Positioning Part;;D;1;1;
AccurioPress C4080;90;14;A03U849701;Wire /Right;;C;1;1;
AccurioPress C4080;90;15;A50U810302;Hold  Stay  /Left;;D;1;1;
AccurioPress C4080;90;16;A50U810400;Protection  Sheet;;D;1;1;
AccurioPress C4080;90;17;A50U815800;Guide Sheet /A;;D;1;5;
AccurioPress C4080;90;18;A50U831400;Open/close  Plate;;D;1;1;
AccurioPress C4080;90;19;A50U832600;Open/close  Shaft  /1;;D;1;1;
AccurioPress C4080;90;20;A50U832700;Open/close  Shaft  /2;;D;1;1;
AccurioPress C4080;90;21;A50U834200;Reverse/Exit  Stopper;;D;2;5;
AccurioPress C4080;90;22;A50U843900;Support Shaft /Right;;D;2;1;
AccurioPress C4080;90;23;A50U844100;Support Plate /B;;D;2;1;
AccurioPress C4080;90;a;V121030403;Screw;;V;;100;
AccurioPress C4080;90;b;V127030604;Screw;;V;;100;
AccurioPress C4080;90;c;V127030803;screw;;V;;100;
AccurioPress C4080;90;d;V207060003;Washer;;V;;100;
AccurioPress C4080;90;e;V217040003;E-ring;;V;;100;
AccurioPress C4080;90;f;V500010082;Locking Wire Saddle;;D;;5;
AccurioPress C4080;90;g;V500020099;Mini Locking wire saddle;;D;;5;
AccurioPress C4080;90;h;V500020100;Mini Locking wire saddle;;D;;5;
AccurioPress C4080;90;k;V570010057;Wing Edge Saddle;;D;;5;
AccurioPress C4080;90;m;V570010059;Wing Edge Saddle;;D;;5;
AccurioPress C4080;90;n;V570010056;Locking Edge Saddle;;D;;5;
AccurioPress C4080;91;1;4109553001;Stopper;;C;2;1;
AccurioPress C4080;91;2;4131253701;BUSHING;;C;4;1;
AccurioPress C4080;91;3;4470402401;Stopper;;D;2;5;
AccurioPress C4080;91;4;9335140071;Solid State Switch;;B;2;1;
AccurioPress C4080;91;5;A9VE872000;Support  Screw  /A;;D;1;1;
AccurioPress C4080;91;6;A03U850101;Slide Bushing;;C;8;5;
AccurioPress C4080;91;7;A0P0144300;Shoulder screw;;D;2;5;
AccurioPress C4080;91;8;A50U712200;Idler  Roll  /1;;D;4;5;
AccurioPress C4080;91;9;A50U712300;Idler  Shaft  /1;;D;2;1;KOM230510E1
AccurioPress C4080;91;9;A50U712301;Idler Shaft /1;;D;2;1;KOM230510E1
AccurioPress C4080;91;10;A50U712400;Receiving  Shaft  /1;;D;4;5;
AccurioPress C4080;91;11;A50U714601;Lever;;D;2;1;
AccurioPress C4080;91;12;A50U715300;Pressure  Lever  /25;;D;2;5;
AccurioPress C4080;91;13;A50U715600;Support  Shaft  /2;;D;2;1;
AccurioPress C4080;91;14;A50U715800;Protection  Cover;;D;1;1;
AccurioPress C4080;91;15;A50U716500;Ball Bearing;;C;2;1;
AccurioPress C4080;91;16;A50U718400;Pressing  Spring  /Rear;;D;2;5;KOM230510E1
AccurioPress C4080;91;16;A50U718401;Pressing Spring /Rear;;D;2;5;KOM230510E1
AccurioPress C4080;91;17;A50U718500;Pressing  Spring  /Front;;D;2;5;KOM230510E1
AccurioPress C4080;91;17;A50U718501;Pressing Spring /Front;;D;2;5;KOM230510E1
AccurioPress C4080;91;18;A50U816700;Light blocking  Plate  /1;;D;2;5;
AccurioPress C4080;91;19;A50U816801;Drive  Side plate  /1;;D;1;1;
AccurioPress C4080;91;20;A50U816900;Drive  Side plate  /2;;D;1;1;
AccurioPress C4080;91;21;A50U817603;Guide Plate;;D;1;1;KOM221442E0
AccurioPress C4080;91;22;A50U817800;Guide  Plate  /Middle;;D;1;1;
AccurioPress C4080;91;23;A50U818201;Release  Shaft  /1;;D;1;1;
AccurioPress C4080;91;24;A50U818400;Guide  Plate  /Right;;D;1;1;
AccurioPress C4080;91;25;A50U818601;Release  Shaft  /2;;D;1;1;
AccurioPress C4080;91;26;A50U833400;Protection  Cover  /1;;D;1;1;
AccurioPress C4080;91;27;A50U833500;Protection  Cover  /2;;D;1;1;
AccurioPress C4080;91;28;A50U834500;Pressing Spring /Left;;D;1;5;
AccurioPress C4080;91;29;A50U834600;Pressing Spring /Right;;D;1;5;
AccurioPress C4080;91;30;A50U834700;Reinforce  Plate  /A;;D;2;5;
AccurioPress C4080;91;31;A50U836200;Plate  /23;;D;2;5;
AccurioPress C4080;91;32;A50U880800;Processing  Lever;;D;1;5;
AccurioPress C4080;91;33;A9VEN16200;ADU   Detection harness   /16;;D;1;1;
AccurioPress C4080;91;34;A50U881601;Processing  Guide  /1;;D;1;5;
AccurioPress C4080;91;35;A50U881700;Support  Screw  /A;;D;1;1;
AccurioPress C4080;91;36;A50U882100;Stopper  Plate;;D;2;5;
AccurioPress C4080;91;37;A50U883600;Guide  /1;;D;2;5;
AccurioPress C4080;91;38;A50U886300;Sheet;;D;2;5;
AccurioPress C4080;91;39;A50U887100;Conductive  Tape  /4;;D;2;5;KOM220260E1
AccurioPress C4080;91;40;A50U887200;Duplex  Tape;;D;2;5;KOM220260E1
AccurioPress C4080;91;41;A50U887300;Conveyance  Guide  /3;;D;2;1;KOM220260E1
AccurioPress C4080;91;42;A50U943201;Release  Label  /2;;D;1;5;
AccurioPress C4080;91;43;A50UN17900;ADU  Detection harness  /13;;D;1;1;
AccurioPress C4080;91;44;A50UR72600;Drive Motor / 1 Assy;;C;2;1;
AccurioPress C4080;91;45;A85CM55500;Photo   Sensor;;C;2;1;
AccurioPress C4080;91;46;A9VE871602;Conveyance  Guide  /Lower;;D;1;1;KOM250393E0
AccurioPress C4080;91;a;V118030403;Screw;;V;;100;
AccurioPress C4080;91;b;V121030303;screw;;V;;100;
AccurioPress C4080;91;c;V121030403;Screw;;V;;100;
AccurioPress C4080;91;d;V127030604;Screw;;V;;100;
AccurioPress C4080;91;e;V127030803;screw;;V;;100;
AccurioPress C4080;91;f;V151040803;screw;;V;;100;
AccurioPress C4080;91;g;V217040003;E-ring;;V;;100;
AccurioPress C4080;91;h;V217050003;E ring;;V;;100;
AccurioPress C4080;91;k;V500010057;Locking Wire Saddle;;D;;5;
AccurioPress C4080;91;m;V234201250;Pin;;V;;100;
AccurioPress C4080;91;n;V233200850;pin;;V;;100;KOM230510E1
AccurioPress C4080;92;1;4131253701;BUSHING;;C;8;1;
AccurioPress C4080;92;2;56AA42690;By-Pass Spacer;;C;4;1;
AccurioPress C4080;92;3;A00J617900;Ball Bearing;;B;4;1;
AccurioPress C4080;92;4;A03U845301;Idler Roller /1;;C;3;1;
AccurioPress C4080;92;5;A1RF820000;Ball Bearing;;C;2;1;
AccurioPress C4080;92;6;A50U840303;Guide  Plate  /3;;D;1;1;
AccurioPress C4080;92;7;A50U840802;Guide  Plate  /2;;D;1;1;
AccurioPress C4080;92;8;A50U841402;Release  Plate  /10;;D;1;1;
AccurioPress C4080;92;9;A50U846102;Mounting  Plate  /5;;D;3;5;
AccurioPress C4080;92;10;A50U846304;Idler  Shaft  /F;;D;3;1;
AccurioPress C4080;92;11;A50U851400;Release  Plate  /Rear;;D;1;1;
AccurioPress C4080;92;12;A50U851500;Shaft;;D;2;1;
AccurioPress C4080;92;13;A50U851700;Release  Plate;;D;1;5;
AccurioPress C4080;92;14;A9VE851800;Reinforce  Block;;D;2;1;
AccurioPress C4080;92;15;A50U852000;Release  Shaft  /4;;D;1;1;
AccurioPress C4080;92;16;A50U852501;Cam;;D;1;1;
AccurioPress C4080;92;17;A50U852701;Release  Shaft  /3;;D;1;1;
AccurioPress C4080;92;18;A50U852904;Release  Plate  /4;;D;1;1;
AccurioPress C4080;92;19;A50U853001;Release  Plate  /5;;D;1;1;
AccurioPress C4080;92;20;A50U853200;Pressure  Actuator;;D;1;5;
AccurioPress C4080;92;21;A50U853700;Release  Plate  /7;;D;2;5;
AccurioPress C4080;92;22;A50U854200;Roller  Base frame  /2;;D;5;5;
AccurioPress C4080;92;23;A50U854302;Roller  Base frame  /1;;D;5;5;
AccurioPress C4080;92;24;A50U854400;Fixing  Shaft;;D;25;5;
AccurioPress C4080;92;25;A50U854800;Conveyance  Roll;;D;25;5;
AccurioPress C4080;92;26;A50U856201;Support  Plate;;D;1;5;
AccurioPress C4080;92;27;A50U859500;Pulley /2;;D;1;1;
AccurioPress C4080;92;28;A50U859800;Belt  /1 280L;;C;1;1;
AccurioPress C4080;92;29;A50U880103;Conveyance  Guide  /1;;D;1;1;
AccurioPress C4080;92;30;A50U881300;Torsion  Coil spring;;D;1;1;
AccurioPress C4080;92;31;A50U881400;Torsion  Coil spring;;D;1;1;
AccurioPress C4080;92;32;A50U886800;Regulating  Spacer;;D;1;5;
AccurioPress C4080;92;a;V121030403;Screw;;V;;100;
AccurioPress C4080;92;b;V127030604;Screw;;V;;100;
AccurioPress C4080;92;c;V127030803;screw;;V;;100;
AccurioPress C4080;92;d;V217020003;E Ring;;V;;100;
AccurioPress C4080;92;e;V217030003;E-ring;;V;;100;
AccurioPress C4080;92;f;V217040003;E-ring;;V;;100;
AccurioPress C4080;92;g;V217060003;E-ring;;V;;100;
AccurioPress C4080;92;h;V234201250;Pin;;V;;100;
AccurioPress C4080;92;k;V234302550;Pin;;V;;100;
AccurioPress C4080;92;m;V234201650;Pin;;V;;100;
AccurioPress C4080;93;1;4470402401;Stopper;;D;1;5;
AccurioPress C4080;93;2;AC57N22000;Drive Relay Harness /3;;D;2;1;
AccurioPress C4080;93;3;56AA17490;Pin;;C;1;1;
AccurioPress C4080;93;4;A85CM55600;Photo   Sensor;;I;1;1;
AccurioPress C4080;93;5;56AA42690;By-Pass Spacer;;C;2;1;
AccurioPress C4080;93;6;A00J617900;Ball Bearing;;B;2;1;
AccurioPress C4080;93;7;A03U812800;Slide Shaft Holder;;B;2;5;
AccurioPress C4080;93;8;A1RF820000;Ball Bearing;;C;2;1;
AccurioPress C4080;93;9;A50U715400;Pressure  Side plate  /1;;D;1;1;
AccurioPress C4080;93;10;A50U816403;Hold  Stay  /Right;;D;1;1;
AccurioPress C4080;93;11;A50U836801;Tension  Pulley  /B;;D;1;1;
AccurioPress C4080;93;12;A50U850700;Release  Shaft  /2;;D;1;1;
AccurioPress C4080;93;13;A50U851500;Shaft;;D;2;1;
AccurioPress C4080;93;14;A9VE851800;Reinforce  Block;;D;2;1;
AccurioPress C4080;93;15;A50U851901;Mounting  Plate  /1;;D;1;1;
AccurioPress C4080;93;16;A50U852102;Mounting  Plate  /2;;D;1;1;
AccurioPress C4080;93;17;A50U852200;Release  Plate  /3;;D;1;1;
AccurioPress C4080;93;18;A50U852301;Mounting  Plate  /3;;D;1;1;
AccurioPress C4080;93;19;A50U852400;Release  Shaft  /1;;D;1;1;
AccurioPress C4080;93;20;A50U852501;Cam;;D;1;1;
AccurioPress C4080;93;21;A50U853100;Release  Plate  /6;;D;1;5;
AccurioPress C4080;93;22;A50U853200;Pressure  Actuator;;D;1;5;
AccurioPress C4080;93;23;A50U854600;Release  Gear  /1 24T;;C;1;1;
AccurioPress C4080;93;24;A50U858703;Mounting  Plate  /3;;D;1;1;
AccurioPress C4080;93;25;A50U882100;Stopper  Plate;;D;1;5;
AccurioPress C4080;93;26;A50U882900;Handle;;D;1;1;
AccurioPress C4080;93;27;A50U883001;Positioning  Side plate  /Rear;;D;1;1;
AccurioPress C4080;93;28;A50U883101;Positioning  Plate  /Rear;;D;1;5;
AccurioPress C4080;93;29;A50U883200;Positioning  Plate  /Front;;D;1;5;
AccurioPress C4080;93;30;A50U883400;Light blocking  Plate;;D;1;1;
AccurioPress C4080;93;31;A50U883600;Guide  /1;;D;1;5;
AccurioPress C4080;93;32;A50U883701;Protection  Cover  /1;;D;1;1;
AccurioPress C4080;93;33;A50U884000;Registration  Screw;;D;1;1;
AccurioPress C4080;93;34;A50U884300;Registration  Plate;;D;1;5;KOM211444E0
AccurioPress C4080;93;35;A50U886700;Holding  Collar;;D;1;5;
AccurioPress C4080;93;36;A50U886900;Spacer;;D;2;5;
AccurioPress C4080;93;37;A50UN15900;ADU  Drive harness  /3;;D;1;1;
AccurioPress C4080;93;38;A50UN18100;ADU  Detection harness  /10;;D;1;1;
AccurioPress C4080;93;39;AC57R71500;Stepping Motor / 2 ASSY;;C;1;1;
AccurioPress C4080;93;40;AC57R71800;Stepping Motor / 1 ASSY;;C;1;1;
AccurioPress C4080;93;41;A50UR72600;Drive Motor / 1 Assy;;C;1;1;
AccurioPress C4080;93;42;A85CM55500;Photo   Sensor;;C;1;1;
AccurioPress C4080;93;a;V118030403;Screw;;V;;100;
AccurioPress C4080;93;b;V121030403;Screw;;V;;100;KOM231528E0
AccurioPress C4080;93;c;V127030604;Screw;;V;;100;
AccurioPress C4080;93;d;V127030803;screw;;V;;100;
AccurioPress C4080;93;e;V217040003;E-ring;;V;;100;
AccurioPress C4080;93;f;V217060003;E-ring;;V;;100;
AccurioPress C4080;93;g;V217080003;Ring;;V;;100;
AccurioPress C4080;93;h;V500020099;Mini Locking wire saddle;;D;;5;
AccurioPress C4080;93;k;V570010056;Locking Edge Saddle;;D;;5;
AccurioPress C4080;93;m;V570010057;Wing Edge Saddle;;D;;5;
AccurioPress C4080;93;n;V500020100;Mini Locking wire saddle;;D;;5;
AccurioPress C4080;93;p;V234201250;Pin;;V;;100;
AccurioPress C4080;93;q;V234201450;Pin;;V;;100;
AccurioPress C4080;94;1;A9VE849900;Conveyance Spring /2;;D;6;5;KOM211503E0
AccurioPress C4080;94;2;A03U845100;Idler Shaft /B;;D;3;1;
AccurioPress C4080;94;3;A03U845301;Idler Roller /1;;C;3;1;
AccurioPress C4080;94;4;A03U848100;Open/close Spring /4;;C;1;5;
AccurioPress C4080;94;5;A1RF847400;Collar /1;;D;6;1;
AccurioPress C4080;94;6;A50U840715;Guide  Plate  /A;;D;1;1;
AccurioPress C4080;94;7;A50U841501;Guide  Plate  /J;;D;1;1;
AccurioPress C4080;94;8;A50U841600;Guide  Plate  /K;;D;1;1;
AccurioPress C4080;94;9;A50U841901;Guide  Plate  /F;;D;1;1;
AccurioPress C4080;94;10;A50U844800;Fixing  Shaft;;D;8;1;
AccurioPress C4080;94;11;A50U848000;Open/close Spring /3;;D;1;5;
AccurioPress C4080;94;12;A50U848302;Reinforce Plate /B;;D;1;1;
AccurioPress C4080;94;13;A50U854800;Conveyance  Roll;;D;8;5;
AccurioPress C4080;94;14;A50U855601;Reinforce  Plate;;D;1;1;
AccurioPress C4080;94;15;A50U880201;Conveyance  Guide  /2;;D;1;5;
AccurioPress C4080;94;16;A50U944001;Release  Label  /10;;D;1;5;
AccurioPress C4080;94;17;A85C877211;Ground Part /2;;D;2;5;KOM220231E1
AccurioPress C4080;94;18;A9VEF84100;Support Plate / C Caulking;;D;1;1;
AccurioPress C4080;94;19;A9VE841000;Cushion;;D;2;1;
AccurioPress C4080;94;a;V121030403;Screw;;V;;100;
AccurioPress C4080;94;b;V151030603;screw;;V;;100;
AccurioPress C4080;94;c;V217020003;E Ring;;V;;100;
AccurioPress C4080;94;d;V217030003;E-ring;;V;;100;
AccurioPress C4080;94;e;V500010082;Locking Wire Saddle;;D;;5;
AccurioPress C4080;94;f;V500020098;Mini Locking wire saddle;;D;;5;
AccurioPress C4080;94;g;V570010060;Wing Edge Saddle;;D;;5;
AccurioPress C4080;95;1;4470402401;Stopper;;D;2;5;
AccurioPress C4080;95;2;9335140071;Solid State Switch;;B;2;1;
AccurioPress C4080;95;3;56AA42690;By-Pass Spacer;;C;2;1;
AccurioPress C4080;95;4;AC57M15000;Cooling  Fan;;C;1;1;
AccurioPress C4080;95;5;65AA80112;HB Motor /50;;B;1;1;
AccurioPress C4080;95;6;A00V240600;Ball Bearing;;B;2;1;
AccurioPress C4080;95;7;A03U842700;Conveyance Spring /3;;C;6;5;
AccurioPress C4080;95;8;A03U842800;Conveyance Spring /4;;C;4;5;
AccurioPress C4080;95;9;A03U845601;Idler Roller /2;;C;3;1;
AccurioPress C4080;95;10;A03U845700;Mounting Plate /4;;D;1;1;
AccurioPress C4080;95;11;A03U845902;Idler Roller /3;;C;2;1;
AccurioPress C4080;95;12;A03U859400;PULLEY /1 24T;;C;1;5;
AccurioPress C4080;95;13;A03U859500;PULLEY /2 24T;;C;1;5;
AccurioPress C4080;95;14;A1DUR73E00;Idler Shaft /C Assy;;D;3;1;
AccurioPress C4080;95;15;A1DUR73P00;Idler Shaft /D Assy;;D;1;1;
AccurioPress C4080;95;16;A50U841100;Guide  Plate  /E;;D;1;1;
AccurioPress C4080;95;17;A50U842000;Roller;;C;1;1;
AccurioPress C4080;95;18;A50U842300;Support Plate /1;;D;1;1;KOM210299E0
AccurioPress C4080;95;18;A50U842301;Support Plate /1;;D;1;1;KOM210299E0
AccurioPress C4080;95;19;A50U845400;Mounting Plate /3;;D;3;1;
AccurioPress C4080;95;20;A50U847200;Mounting Plate /A;;D;1;5;
AccurioPress C4080;95;21;A50U850201;Mounting Plate /F;;D;1;5;
AccurioPress C4080;95;22;A50U859900;Belt /2 177L;;C;1;1;
AccurioPress C4080;95;23;A50UF84800;Mounting Plate / 2 Caulking;;D;1;1;
AccurioPress C4080;95;24;A50UN16300;ADU  Relay harness  /1;;D;1;1;
AccurioPress C4080;95;25;A50UN16400;ADU  Drive harness  /5;;D;1;1;
AccurioPress C4080;95;a;V118030303;screw;;V;;100;
AccurioPress C4080;95;b;V118030603;Screw;;V;;100;
AccurioPress C4080;95;c;V118033003;Screw;;V;;100;
AccurioPress C4080;95;d;V121030403;Screw;;V;;100;
AccurioPress C4080;95;e;V127030604;Screw;;V;;100;
AccurioPress C4080;95;f;V127030803;screw;;V;;100;
AccurioPress C4080;95;g;V217030003;E-ring;;V;;100;
AccurioPress C4080;95;h;V217040003;E-ring;;V;;100;
AccurioPress C4080;95;k;V234201650;Pin;;V;;100;
AccurioPress C4080;95;m;V500010057;Locking Wire Saddle;;D;;5;
AccurioPress C4080;95;n;V500020098;Mini Locking wire saddle;;D;;5;
AccurioPress C4080;95;p;V570010056;Locking Edge Saddle;;D;;5;
AccurioPress C4080;95;q;V570010057;Wing Edge Saddle;;D;;5;
AccurioPress C4080;95;r;V217060003;E-ring;;V;;100;
AccurioPress C4080;96;1;466076020;Paper Feed Feeding Bearing;;B;2;10;
AccurioPress C4080;96;2;4131253701;BUSHING;;C;2;1;
AccurioPress C4080;96;3;4470402401;Stopper;;D;1;5;
AccurioPress C4080;96;4;9335140071;Solid State Switch;;B;1;1;
AccurioPress C4080;96;5;A03U844200;Mounting Plate /Left;;D;1;1;
AccurioPress C4080;96;6;A03U844300;Mounting Plate /Right;;D;1;5;
AccurioPress C4080;96;7;A03U844700;Lock Claw;;C;2;5;
AccurioPress C4080;96;8;A03U844802;Open/close Plate;;D;1;1;
AccurioPress C4080;96;9;A03U844901;Open/close Lever;;C;1;1;
AccurioPress C4080;96;10;A03UF84300;Mounting Plate /1 Caulking;;D;1;1;
AccurioPress C4080;96;11;A50U840400;Mounting  Plate;;D;1;1;
AccurioPress C4080;96;12;A50U841301;Guide  Plate  /G;;D;1;1;
AccurioPress C4080;96;13;A50U841700;Guide Plate /L;;D;1;1;
AccurioPress C4080;96;14;A50U841800;Guide Plate /M;;D;1;1;
AccurioPress C4080;96;15;A50U842900;Conveyance  Spring  /5;;D;4;5;
AccurioPress C4080;96;16;A50U843601;Support  Plate;;D;1;1;
AccurioPress C4080;96;17;A50U843801;Support  Plate  /Right rear;;D;1;1;
AccurioPress C4080;96;18;A50U844400;Lock Shaft;;D;1;1;
AccurioPress C4080;96;19;A50U844501;Open/close Spring /1;;D;1;1;
AccurioPress C4080;96;20;A50U844601;Open/close Spring /2;;D;1;1;
AccurioPress C4080;96;21;A50U846000;Idler  Shaft  /E;;D;1;1;
AccurioPress C4080;96;22;A50U850201;Mounting Plate /F;;D;1;5;
AccurioPress C4080;96;23;A50U853400;Pressure  Roller;;C;2;1;
AccurioPress C4080;96;24;A50U854100;Release  Plate  /8;;D;2;5;
AccurioPress C4080;96;25;A50U856501;Hold  Plate;;D;2;5;
AccurioPress C4080;96;26;A50U943902;Release Label /9;;D;1;5;KOM242065E0
AccurioPress C4080;96;a;V118030403;Screw;;V;;100;
AccurioPress C4080;96;b;V118030603;Screw;;V;;100;
AccurioPress C4080;96;c;V121030403;Screw;;V;;100;
AccurioPress C4080;96;d;V127030604;Screw;;V;;100;
AccurioPress C4080;96;e;V151030803;Screw;;V;;100;
AccurioPress C4080;96;f;V217040003;E-ring;;V;;100;
AccurioPress C4080;96;g;V217060003;E-ring;;V;;100;
AccurioPress C4080;96;h;V234301250;Pin;;B;;100;
AccurioPress C4080;96;k;V500020098;Mini Locking wire saddle;;D;;5;
AccurioPress C4080;96;m;V570010056;Locking Edge Saddle;;D;;5;
AccurioPress C4080;96;n;V500010057;Locking Wire Saddle;;D;;5;
AccurioPress C4080;97;1;4470402401;Stopper;;D;1;5;
AccurioPress C4080;97;2;A00V240600;Ball Bearing;;B;4;1;
AccurioPress C4080;97;3;A0TK341200;Ball Bearing /Front;;C;3;1;
AccurioPress C4080;97;4;A1RJ825100;Drive  Gear  /4 34T;;C;1;1;
AccurioPress C4080;97;5;A1RJ825800;Drive  Gear  /5 14T;;C;1;1;
AccurioPress C4080;97;6;A50U800300;Swing  Frame  /2;;D;1;1;
AccurioPress C4080;97;7;A50U800400;Drive  Gear  /3 14/25T;;C;1;1;
AccurioPress C4080;97;8;A50U800700;Drive  Gear  /6 14/25T;;C;3;1;
AccurioPress C4080;97;9;A50U800800;Drive  Gear  /7 29T;;C;1;1;
AccurioPress C4080;97;10;A50U801400;Drive  Shaft;;D;2;1;
AccurioPress C4080;97;11;A50U801500;Swing  Cam;;D;1;5;
AccurioPress C4080;97;12;A50U801602;Fixing  Plate  /ASSY;;D;1;1;
AccurioPress C4080;97;13;A50U802002;Positioning  Shaft  /A;;D;4;1;
AccurioPress C4080;97;14;A50U802211;Plate;;D;1;5;
AccurioPress C4080;97;15;A50U804001;Fusing  Rail  /B;;D;4;5;
AccurioPress C4080;97;16;A50U804200;Fusing  Roll;;D;4;1;
AccurioPress C4080;97;17;A50U805300;Mounting  Plate  /1;;D;1;1;
AccurioPress C4080;97;18;A50UF80500;Swing Frame Caulking;;D;1;1;
AccurioPress C4080;97;19;A50UN17100;ADU  Detection harness  /7;;D;1;1;
AccurioPress C4080;97;20;A50UR72R00;Swing Rail Caulking;;D;4;1;
AccurioPress C4080;97;21;A85CM55600;Photo   Sensor;;I;1;1;
AccurioPress C4080;97;22;AC57805500;Spacer /12;;D;3;5;
AccurioPress C4080;97;23;AC57R75300;Fusing Swing Assy;;D;1;1;KOM201682E0
AccurioPress C4080;97;a;V116040803;Screw;;V;;100;
AccurioPress C4080;97;b;V121030403;Screw;;V;;100;
AccurioPress C4080;97;c;V217060003;E-ring;;V;;100;
AccurioPress C4080;97;d;V234301450;Pin;;V;;100;
AccurioPress C4080;98;1;A93EM10000;Fan motor;;C;2;1;
AccurioPress C4080;98;2;AC57R73600;Motor Assy;;C;1;1;
AccurioPress C4080;98;3;A1RF820000;Ball Bearing;;C;2;1;
AccurioPress C4080;98;4;AC57800100;Support Plate;;D;1;1;
AccurioPress C4080;98;5;A50U802100;Positioning  Shaft  /B;;D;2;1;
AccurioPress C4080;98;6;A50U802700;Heat blocking  Part  /B;;D;8;1;
AccurioPress C4080;98;7;A50U802801;Handle;;D;1;1;
AccurioPress C4080;98;8;A50U802900;Spacer;;D;2;1;
AccurioPress C4080;98;9;A50U803101;Guide  Pin  /Front;;D;1;1;
AccurioPress C4080;98;10;A50U803300;Fusing  Rail  /A;;D;1;1;
AccurioPress C4080;98;11;A50U803400;Positioning  Shaft  /1;;D;1;1;
AccurioPress C4080;98;12;A50U803500;Positioning  Plate  /Front;;D;1;1;
AccurioPress C4080;98;13;A50U803600;Holding  Plate;;D;1;5;
AccurioPress C4080;98;14;A50U803700;Ground  Plate;;D;1;5;
AccurioPress C4080;98;15;A50U803800;Guide  Part;;D;1;1;
AccurioPress C4080;98;16;A50U804701;Wiring  Cover;;D;1;1;
AccurioPress C4080;98;17;A50U805200;Protection  Seal;;D;13;5;KOM241019E1
AccurioPress C4080;98;18;A50UN17700;ADU  Drive harness  /9;;D;1;1;
AccurioPress C4080;98;19;AC57R72000;Power Supply Guide ASSY;;D;1;1;
AccurioPress C4080;98;20;AC57N22000;Drive Relay Harness /3;;D;1;1;
AccurioPress C4080;98;a;V118033003;Screw;;V;;100;
AccurioPress C4080;98;b;V121030403;Screw;;V;;100;
AccurioPress C4080;98;c;V121041203;screw;;V;;100;
AccurioPress C4080;98;d;V127030604;Screw;;V;;100;
AccurioPress C4080;98;e;V127030803;screw;;V;;100;
AccurioPress C4080;98;f;V127040803;Screw;;V;;100;
AccurioPress C4080;98;g;V151030803;Screw;;V;;100;
AccurioPress C4080;98;h;V217050003;E ring;;V;;100;
AccurioPress C4080;98;k;V211040080;washer;;V;;100;
AccurioPress C4080;98;m;V217040003;E-ring;;V;;100;
AccurioPress C4080;98;n;V217060003;E-ring;;V;;100;
AccurioPress C4080;98;p;V500010057;Locking Wire Saddle;;D;;5;
AccurioPress C4080;98;q;V500020098;Mini Locking wire saddle;;D;;5;
AccurioPress C4080;98;r;V500020099;Mini Locking wire saddle;;D;;5;KOM220554E0
AccurioPress C4080;98;s;V500020100;Mini Locking wire saddle;;D;;5;KOM220554E0
AccurioPress C4080;98;t;V500020101;Reuse spacing clamp;;V;;5;
AccurioPress C4080;98;u;V570010037;bushing;;D;;1;
AccurioPress C4080;98;v;V570010057;Wing Edge Saddle;;D;;5;
AccurioPress C4080;98;w;V570010060;Wing Edge Saddle;;D;;5;
AccurioPress C4080;99;1;192141710;PAPER LIFT UP LEVER BUSHING;;B;2;10;
AccurioPress C4080;99;2;4470402401;Stopper;;D;1;5;
AccurioPress C4080;99;3;13QA40610;Gear Spacer;;C;5;1;
AccurioPress C4080;99;4;14GE45470;Rotation Knob;;C;1;1;
AccurioPress C4080;99;5;V234201450;Pin;;V;1;100;
AccurioPress C4080;99;6;56AA42690;By-Pass Spacer;;C;2;1;
AccurioPress C4080;99;7;65AA42370;SLIDE PART 1;;D;1;1;
AccurioPress C4080;99;8;A00J617900;Ball Bearing;;B;5;1;
AccurioPress C4080;99;9;A1RF820000;Ball Bearing;;C;2;1;
AccurioPress C4080;99;10;A50U642300;Mounting  Screw;;D;1;5;
AccurioPress C4080;99;11;A50U817300;Holding  Collar;;D;1;5;
AccurioPress C4080;99;12;A50U819600;Reverse/Exit  Gear  /2 50T;;C;1;1;
AccurioPress C4080;99;13;A50U834304;Cover  Part  /2;;D;1;1;
AccurioPress C4080;99;14;A50U838800;Drive  Idler  /1;;D;1;1;
AccurioPress C4080;99;15;A50U860104;Guide  Plate  /A;;D;1;1;KOM220154E3
AccurioPress C4080;99;15;A50U860105;Guide Plate /A;;D;1;1;KOM220154E3
AccurioPress C4080;99;16;AC57860500;Decurler Roller;;A;1;1;
AccurioPress C4080;99;17;A50U861006;Swing  Part;;D;1;1;
AccurioPress C4080;99;18;AC57861800;Reverse/Exit Roller /Lower;;C;1;1;
AccurioPress C4080;99;19;A50U865300;Holding  Plate;;D;1;1;
AccurioPress C4080;99;20;A50U865703;Swing  Arm;;D;1;1;
AccurioPress C4080;99;21;A50U865902;Support  Plate;;D;1;1;
AccurioPress C4080;99;22;A50U866400;Positioning  Plate  /2;;D;1;1;
AccurioPress C4080;99;23;A50U866900;Drive  Cover  /1;;D;1;1;KOM231703E1
AccurioPress C4080;99;23;A50U866912;Drive Cover /1;;D;1;1;KOM231703E1
AccurioPress C4080;99;24;A50U867200;Belt  /A 324L;;C;1;1;
AccurioPress C4080;99;25;A50U867312;Fixing  Plate  /1;;D;1;1;
AccurioPress C4080;99;26;A50U867400;Positioning  Part;;D;1;1;
AccurioPress C4080;99;27;A50U867500;Fixing  Plate  /1;;D;1;1;
AccurioPress C4080;99;28;A50U867600;Reverse/Exit  Gear  /1 20T;;C;1;1;
AccurioPress C4080;99;29;A50U867802;Positioning  Plate  /1;;D;1;5;
AccurioPress C4080;99;30;A50U869400;Collar;;D;1;5;
AccurioPress C4080;99;31;A50U869501;Cover;;D;1;1;
AccurioPress C4080;99;32;A50U943802;Release Label /8;;D;1;5;KOM242065E0
AccurioPress C4080;99;33;A50UR72811;ADU Solenoid Pin Assy;;C;1;1;
AccurioPress C4080;99;34;A85CM55500;Photo   Sensor;;C;1;1;
AccurioPress C4080;99;35;A9VE866100;Receiving  Plate  /1;;D;1;1;
AccurioPress C4080;99;36;A9VE866201;Insulating  Sheet  /1;;D;1;1;
AccurioPress C4080;99;37;A9VE867900;Open/close  Spring;;D;1;1;
AccurioPress C4080;99;38;AC57R75811;Reverse Exit Assy;;D;1;1;KOM220154E3
AccurioPress C4080;99;39;A50U628200;Shoulder Screw;;D;1;5;KOM231703E1
AccurioPress C4080;99;a;V118030603;Screw;;V;;100;
AccurioPress C4080;99;b;V121030403;Screw;;V;;100;
AccurioPress C4080;99;c;V127030604;Screw;;V;;100;
AccurioPress C4080;99;d;V127031203;Screw;;V;;100;
AccurioPress C4080;99;e;V151030803;Screw;;V;;100;
AccurioPress C4080;99;f;V217030003;E-ring;;V;;100;
AccurioPress C4080;99;g;V217040003;E-ring;;V;;100;
AccurioPress C4080;99;h;V217060003;E-ring;;V;;100;
AccurioPress C4080;99;k;V570010056;Locking Edge Saddle;;D;;5;
AccurioPress C4080;99;m;V500020099;Mini Locking wire saddle;;D;;5;
AccurioPress C4080;100;1;4470402401;Stopper;;D;1;5;
AccurioPress C4080;100;2;40AA30270;DEVELOPING SPACER;;C;1;1;
AccurioPress C4080;100;3;40AA46261;Lock Claw /F;;B;2;1;
AccurioPress C4080;100;4;40AA77550;Mirror Drive Gear /2 14/70T;;C;1;1;
AccurioPress C4080;100;5;56AA17321;PIN A D2X12;;B;1;1;
AccurioPress C4080;100;6;V234201450;Pin;;V;1;100;
AccurioPress C4080;100;7;65AA49410;Paper Exit Handle;;C;1;1;
AccurioPress C4080;100;8;A00J617800;Ball Bearing;;A;4;1;
AccurioPress C4080;100;9;A1RF863800;Collar;;D;1;1;
AccurioPress C4080;100;10;A1RJ818800;Drive  Gear  /8 29T;;C;1;1;
AccurioPress C4080;100;11;A50U860203;Guide Plate /B;;D;1;1;KOM242604E0
AccurioPress C4080;100;12;A50U860600;Riverse/exit Shaft;;D;1;1;
AccurioPress C4080;100;13;A50U861100;Guide  Plate  /4;;D;1;1;
AccurioPress C4080;100;14;A50U861601;Positioning  Cam;;D;2;5;
AccurioPress C4080;100;15;A50U864200;Reverse/Exit  Spring  /Rear;;D;1;5;
AccurioPress C4080;100;16;A50U864300;Reverse/Exit  Spring  /Front;;D;1;5;
AccurioPress C4080;100;17;A50U865101;Pressing  Shaft;;D;1;1;
AccurioPress C4080;100;18;A50U865401;Positioning;;D;1;1;
AccurioPress C4080;100;19;A50U865601;Lock  Shaft  /A;;D;1;1;
AccurioPress C4080;100;20;A50U867100;Reverse/Exit  Gear  /A 20T;;C;1;1;
AccurioPress C4080;100;21;A50U867700;Fixing  Plate  /2;;D;1;1;
AccurioPress C4080;100;22;A50U868000;Reinforce  Plate  /A;;D;1;1;
AccurioPress C4080;100;23;A50U868401;Open/close  Spring  /1;;D;1;5;
AccurioPress C4080;100;24;A50U868702;Spring  /1;;D;1;5;
AccurioPress C4080;100;25;A50U869300;Mounting  Stay;;D;1;5;
AccurioPress C4080;100;26;A50U869601;Arm  /1;;D;1;1;
AccurioPress C4080;100;27;A50U869700;Fixing  Collar  /1;;D;1;1;
AccurioPress C4080;100;28;A50U869800;Ground  Plate  /1;;D;1;1;
AccurioPress C4080;100;29;A50U943602;Release Label /6;;D;1;5;KOM242412E0
AccurioPress C4080;100;30;A50UN17601;ADU  Drive harness  /8;;D;1;1;
AccurioPress C4080;100;31;A50UN18401;ADU  Detection harness  /12;;D;1;1;
AccurioPress C4080;100;32;A50UR72722;Drive Motor / 1 Assy;;C;1;1;KOM211115E0
AccurioPress C4080;100;33;A85CM55600;Photo   Sensor;;I;1;1;
AccurioPress C4080;100;a;V118030403;Screw;;V;;100;
AccurioPress C4080;100;b;V127030603;Screw;;V;;100;
AccurioPress C4080;100;c;V127030604;Screw;;V;;100;
AccurioPress C4080;100;d;V151030803;Screw;;V;;100;
AccurioPress C4080;100;e;V217040003;E-ring;;V;;100;
AccurioPress C4080;100;f;V234200850;Pin;;V;;100;
AccurioPress C4080;100;g;V234201250;Pin;;V;;100;
AccurioPress C4080;100;h;V500020002;clamp;;D;;5;
AccurioPress C4080;100;k;V570010057;Wing Edge Saddle;;D;;5;
AccurioPress C4080;100;m;V500020099;Mini Locking wire saddle;;D;;5;
AccurioPress C4080;101;1;13QA85511;Conveyance Photo Sensor;;B;1;1;
AccurioPress C4080;101;2;A03U845601;Idler Roller /2;;C;3;1;
AccurioPress C4080;101;3;A50U861901;Fixing Plate;;D;1;5;KOM242604E0
AccurioPress C4080;101;4;A50U862600;Reinforce  Plate  /3;;D;1;1;
AccurioPress C4080;101;5;A50U863000;Slide  Seal;;D;1;5;
AccurioPress C4080;101;6;A50U865011;Paper exit Guide Plate /5;;D;1;1;
AccurioPress C4080;101;7;A50U865200;Positioning  Plate  /1;;D;2;5;
AccurioPress C4080;101;8;A50U868200;Guide  Sheet  /1;;D;11;5;
AccurioPress C4080;101;9;A50U868301;Guide  Sheet  /2;;D;8;5;
AccurioPress C4080;101;10;A50U868500;Idler  Shaft;;D;3;1;
AccurioPress C4080;101;11;A50U868600;Support  Plate;;D;3;5;
AccurioPress C4080;101;12;A50U869100;Separating  Guide  /1;;D;1;5;
AccurioPress C4080;101;13;A50UN17504;ADU Detection harness /8;;D;1;1;KOM251610E0
AccurioPress C4080;101;14;A85C877111;Ground Part /1;;D;4;5;KOM220231E1
AccurioPress C4080;101;a;V118030403;Screw;;V;;100;
AccurioPress C4080;101;b;V127030604;Screw;;V;;100;
AccurioPress C4080;101;c;V151030803;Screw;;V;;100;
AccurioPress C4080;101;d;V217020003;E Ring;;V;;100;
AccurioPress C4080;101;e;V500020002;clamp;;D;;5;
AccurioPress C4080;102;1;4131353202;BUSHING;;C;2;1;
AccurioPress C4080;102;2;12QV40650;Spacer;;B;2;1;
AccurioPress C4080;102;3;14GE45470;Rotation Knob;;C;1;1;
AccurioPress C4080;102;4;65AA80112;HB Motor /50;;B;1;1;
AccurioPress C4080;102;5;A00V240600;Ball Bearing;;B;2;1;
AccurioPress C4080;102;6;A03U812800;Slide Shaft Holder;;B;3;5;
AccurioPress C4080;102;7;AC57710100;Registration Roller;;A;1;1;
AccurioPress C4080;102;8;A50U711101;Holding  Plate  /1;;D;3;5;
AccurioPress C4080;102;9;A50U711400;Swing  Spring;;D;1;5;
AccurioPress C4080;102;10;A50U713000;Roll  /1;;D;1;1;
AccurioPress C4080;102;11;A50U713200;Light blocking  Rack;;D;1;1;
AccurioPress C4080;102;12;A50U713600;Swing  Gear  /2 104T;;C;1;1;
AccurioPress C4080;102;13;A50U714300;Drive  Gear  /1 28T;;C;1;1;
AccurioPress C4080;102;14;A50U714400;Conveyance  Gear  /1 40T;;C;1;1;
AccurioPress C4080;102;15;A50U715900;Wiring  Cover  /1;;D;1;1;
AccurioPress C4080;102;16;AC57716101;Wiring Cover /2;;D;1;1;
AccurioPress C4080;102;17;A50U717901;Adjusting  Jig  /ASSY;;D;1;1;
AccurioPress C4080;102;18;AC57719200;Roller;;C;1;1;
AccurioPress C4080;102;19;A50U719800;Drive  Side plate;;D;1;1;
AccurioPress C4080;102;20;A50U882401;Registration  Side plate  /Front;;D;1;1;
AccurioPress C4080;102;21;A50U943402;Release Label /4;;D;1;5;KOM241685E0
AccurioPress C4080;102;22;A50UN15800;ADU  Drive harness  /2;;D;1;1;
AccurioPress C4080;102;23;AC57R71411;Registration ASSY;;S;1;1;KOM231646E1
AccurioPress C4080;102;24;AC57716300;Shoulder screw;;D;3;5;
AccurioPress C4080;102;a;V118030603;Screw;;V;;100;
AccurioPress C4080;102;b;V121030403;Screw;;V;;100;
AccurioPress C4080;102;c;V127030604;Screw;;V;;100;
AccurioPress C4080;102;d;V121030803;Screw;;V;;100;KOM210407E0
AccurioPress C4080;102;e;V217040003;E-ring;;V;;100;
AccurioPress C4080;102;f;V217060003;E-ring;;V;;100;
AccurioPress C4080;102;g;V234301650;Pin;;V;;100;
AccurioPress C4080;102;h;V500020098;Mini Locking wire saddle;;D;;5;
AccurioPress C4080;102;k;V570010037;bushing;;D;;1;
AccurioPress C4080;102;m;V570010057;Wing Edge Saddle;;D;;5;
AccurioPress C4080;102;n;V217020003;E Ring;;V;;100;
AccurioPress C4080;102;p;V500020099;Mini Locking wire saddle;;D;;5;
AccurioPress C4080;103;1;13QA85511;Conveyance Photo Sensor;;B;2;1;
AccurioPress C4080;103;2;A03X622000;Detecting Cover;;C;1;5;
AccurioPress C4080;103;3;A0VDM50500;Thermistor  /1;;I;1;1;
AccurioPress C4080;103;4;A1DU942900;Caution Label /5;;D;1;5;KOM221500E1
AccurioPress C4080;103;5;A50U712001;Mounting Stay /Lower;;D;1;1;
AccurioPress C4080;103;6;AC57715901;Sensor Cover;;D;1;1;
AccurioPress C4080;103;7;A50U717100;Stopper  /1;;D;1;5;
AccurioPress C4080;103;8;A50U717200;Stopper  /2;;D;1;5;
AccurioPress C4080;103;9;AC57716701;Sensor Plate /1;;D;1;1;KOM242056E0
AccurioPress C4080;103;10;A50U718302;Plate /2;;D;1;1;KOM251200E0
AccurioPress C4080;103;11;A50U719300;Protection  Sheet;;D;2;5;
AccurioPress C4080;103;12;A50U719401;Protection Sheet /2;;D;1;1;KOM242202E0
AccurioPress C4080;103;13;AC57N16600;ADU Detection Harness /3;;D;1;1;
AccurioPress C4080;103;14;A50UN16700;ADU  Detection harness  /4;;D;1;1;
AccurioPress C4080;103;15;AC57N16801;ADU Detection Harness /5;;D;1;1;
AccurioPress C4080;103;16;A9VE942500;Caution  Label;;D;1;1;KOM221500E1
AccurioPress C4080;103;17;A9VEM55100;Compensating   Sensor;;C;1;1;
AccurioPress C4080;103;a;V118030403;Screw;;V;;100;
AccurioPress C4080;103;b;V127030603;Screw;;V;;100;
AccurioPress C4080;103;c;V127030604;Screw;;V;;100;
AccurioPress C4080;103;d;V500020069;Clamp;;D;;5;
AccurioPress C4080;103;e;V500020099;Mini Locking wire saddle;;D;;5;
AccurioPress C4080;103;f;V570010056;Locking Edge Saddle;;D;;5;
AccurioPress C4080;103;g;V570010057;Wing Edge Saddle;;D;;5;
AccurioPress C4080;104;1;4131253701;BUSHING;;C;6;1;
AccurioPress C4080;104;2;V234201250;Pin;;V;1;100;
AccurioPress C4080;104;3;56AA40490;Shaft Stopper /4;;C;2;1;
AccurioPress C4080;104;4;A03U812800;Slide Shaft Holder;;B;2;5;
AccurioPress C4080;104;5;A03U850101;Slide Bushing;;C;4;5;
AccurioPress C4080;104;6;A50U710300;Idler  Roller;;D;1;1;
AccurioPress C4080;104;7;A50U710901;Pressure  Lever  /1;;D;1;1;
AccurioPress C4080;104;8;A50U711001;Pressure  Lever  /2;;D;1;1;
AccurioPress C4080;104;9;A50U711200;Holding  Plate  /2;;D;2;5;
AccurioPress C4080;104;10;A50U711300;Pressure  Spring;;D;2;5;
AccurioPress C4080;104;11;A50U711604;Open/close Holder;;D;1;1;KOM242046E0
AccurioPress C4080;104;12;A50U712200;Idler  Roll  /1;;D;2;5;
AccurioPress C4080;104;13;A50U712300;Idler  Shaft  /1;;D;1;1;KOM230510E1
AccurioPress C4080;104;13;A50U712301;Idler Shaft /1;;D;1;1;KOM230510E1
AccurioPress C4080;104;14;A50U712400;Receiving  Shaft  /1;;D;2;5;
AccurioPress C4080;104;15;A50U712700;Pressure  Shaft  /1;;D;1;1;
AccurioPress C4080;104;16;A50U713100;Roll  /2;;D;1;1;
AccurioPress C4080;104;17;A50U714201;Open/close  Guide;;D;1;1;
AccurioPress C4080;104;18;A50U714500;Release  Shaft;;D;1;1;
AccurioPress C4080;104;19;A50U714601;Lever;;D;1;1;
AccurioPress C4080;104;20;A50U715300;Pressure  Lever  /25;;D;1;5;
AccurioPress C4080;104;21;A50U715600;Support  Shaft  /2;;D;1;1;
AccurioPress C4080;104;22;A50U715800;Protection  Cover;;D;1;1;
AccurioPress C4080;104;23;A50U716301;Pressing  Block;;D;2;5;
AccurioPress C4080;104;24;A50U716400;Compressing  Coil spring;;D;2;5;
AccurioPress C4080;104;25;A50U716500;Ball Bearing;;C;1;1;
AccurioPress C4080;104;26;A50U718400;Pressing  Spring  /Rear;;D;1;5;KOM230510E1
AccurioPress C4080;104;26;A50U718401;Pressing Spring /Rear;;D;1;5;KOM230510E1
AccurioPress C4080;104;27;A50U718500;Pressing  Spring  /Front;;D;1;5;KOM230510E1
AccurioPress C4080;104;27;A50U718501;Pressing Spring /Front;;D;1;5;KOM230510E1
AccurioPress C4080;104;28;A9VE715700;Pulling  Plate  /1;;D;2;1;
AccurioPress C4080;104;29;A50U943301;Release  Label  /3;;D;1;5;
AccurioPress C4080;104;30;AC57R73400;Registration Cleaning Sheet Assy;;A;1;1;
AccurioPress C4080;104;a;V121030403;Screw;;V;;100;
AccurioPress C4080;104;b;V127030603;Screw;;V;;100;
AccurioPress C4080;104;c;V127030604;Screw;;V;;100;
AccurioPress C4080;104;d;V127030803;screw;;V;;100;
AccurioPress C4080;104;e;V207060003;Washer;;V;;100;
AccurioPress C4080;104;f;V217040003;E-ring;;V;;100;
AccurioPress C4080;104;g;V217050003;E ring;;V;;100;
AccurioPress C4080;104;h;V217060003;E-ring;;V;;100;
AccurioPress C4080;104;j;V233200850;pin;;V;;100;KOM230510E1
AccurioPress C4080;105;1;65LA48530;DUCT SEAL 1;;D;2;5;
AccurioPress C4080;105;2;A93EM10000;Fan motor;;C;2;1;
AccurioPress C4080;105;3;A00J211200;Ball Bearing;;C;2;1;
AccurioPress C4080;105;4;A03U892300;Sheet;;C;1;5;
AccurioPress C4080;105;5;A03U892400;Seal;;C;1;5;
AccurioPress C4080;105;6;A03U909900;Paper exit Gear /1 22/44T;;C;1;1;
AccurioPress C4080;105;7;A043909901;PAPER EXIT GEAR /6 23T;;B;1;1;
AccurioPress C4080;105;8;A1TVM10100;Stepping motor  /50;;B;1;1;
AccurioPress C4080;105;9;A50U890500;Reinforce Plate /Left;;D;1;1;
AccurioPress C4080;105;10;A50U891001;Guide  Plate  /Left;;D;1;1;
AccurioPress C4080;105;11;A50U891201;Paper exit  Plate;;D;1;1;
AccurioPress C4080;105;12;A50U892201;Cooling Duct /2;;D;1;1;
AccurioPress C4080;105;13;A50U892502;Paper exit  Duct;;D;1;1;
AccurioPress C4080;105;14;A50U893300;Guide  Cover  /1;;D;1;1;
AccurioPress C4080;105;15;A50U895000;Wiring  Sheet;;D;1;5;
AccurioPress C4080;105;16;A50U895101;Positioning  Part;;D;1;5;
AccurioPress C4080;105;17;AC57M15300;Cooling Fan;;C;1;1;
AccurioPress C4080;105;18;A50UN15301;Drive harness  /2;;D;1;1;
AccurioPress C4080;105;19;A8AK106101;Paper Exit  Guide /Upper;;C;1;1;
AccurioPress C4080;105;20;A8AK106200;Drive  Shaft;;D;1;1;
AccurioPress C4080;105;21;A8AK106300;Drive  Gear  /B 20T;;C;1;1;
AccurioPress C4080;105;22;A8AK106400;Drive  Gear  /C 21T;;C;1;1;
AccurioPress C4080;105;23;A8AK106800;Idling  Shaft;;D;1;1;
AccurioPress C4080;105;24;A8AK107200;Thermal insulation  Sheet  /4;;D;1;1;
AccurioPress C4080;105;25;A8AK162701;Paper exit  Guide  /Lower;;D;1;1;
AccurioPress C4080;105;26;A8AW161911;Idling  Shaft  /2;;D;1;1;KOM230031E1
AccurioPress C4080;105;27;AC57R71900;Main Body Paper Exit Unit ASSY;;D;1;1;
AccurioPress C4080;105;28;AC57897000;Drive  Plate  /D;;D;1;1;KOM230031E1
AccurioPress C4080;105;a;V118033003;Screw;;V;;100;
AccurioPress C4080;105;b;V127030604;Screw;;V;;100;
AccurioPress C4080;105;c;V127030803;screw;;V;;100;
AccurioPress C4080;105;d;V127040603;Screw;;V;;100;
AccurioPress C4080;105;e;V145030803;screw;;V;;100;
AccurioPress C4080;105;f;V207030003;washer;;V;;100;
AccurioPress C4080;105;g;V217040003;E-ring;;V;;100;
AccurioPress C4080;105;h;V217060003;E-ring;;V;;100;
AccurioPress C4080;105;k;V500020098;Mini Locking wire saddle;;D;;5;
AccurioPress C4080;105;m;V500020099;Mini Locking wire saddle;;D;;5;
AccurioPress C4080;105;n;V234201450;Pin;;V;;100;
AccurioPress C4080;106;1;4470402401;Stopper;;D;2;5;
AccurioPress C4080;106;2;13QA40610;Gear Spacer;;C;4;1;
AccurioPress C4080;106;3;13QA10330;SHAFT SPACER;;C;1;1;KOM211131E0
AccurioPress C4080;106;4;65AA48360;Paper Holding Part /1;;C;9;1;
AccurioPress C4080;106;5;65AA48460;PAPER HOLDING PART 2;;C;18;1;
AccurioPress C4080;106;6;A00J617800;Ball Bearing;;A;6;1;
AccurioPress C4080;106;7;A03TM50000;Photoreflector;;I;1;1;
AccurioPress C4080;106;8;A03U892701;Positioning Cam;;C;2;5;
AccurioPress C4080;106;9;A03U893000;Slide Plate;;C;1;1;
AccurioPress C4080;106;10;A03U893101;Spacer /Rear;;C;1;5;
AccurioPress C4080;106;11;A03U893200;Stopper Spring;;C;1;5;
AccurioPress C4080;106;12;A03U893502;Regulating Cam;;C;1;1;
AccurioPress C4080;106;13;A03U909502;PAPER EXIT GEAR /5 40T;;C;1;1;
AccurioPress C4080;106;14;A1RF517300;bearing;;C;2;1;
AccurioPress C4080;106;15;A50U890102;Fixing Shaft /2;;D;1;1;
AccurioPress C4080;106;16;A50U890201;Fixing Shaft /6;;D;1;1;
AccurioPress C4080;106;17;A50U890300;Fixing Shaft /1;;D;1;1;
AccurioPress C4080;106;18;A50U890600;Regulating Shaft;;D;1;1;
AccurioPress C4080;106;19;A50U890700;Paper exit  Shaft;;D;1;1;
AccurioPress C4080;106;20;AC57890800;Paper Exit Decurler Roller;;A;1;1;
AccurioPress C4080;106;21;A50U891302;Paper exit  Plate  /Front;;D;1;1;
AccurioPress C4080;106;22;A50U891500;Support Side plate /Front;;D;1;5;
AccurioPress C4080;106;23;A50U891600;Support Side plate /Rear;;D;1;1;
AccurioPress C4080;106;24;A50U891900;Fixing Shaft /5;;D;1;1;
AccurioPress C4080;106;25;A50U892001;Paper exit  Plate  /Rear;;D;1;1;
AccurioPress C4080;106;26;A50U892101;Idling  Gear  /1 68T;;C;1;1;
AccurioPress C4080;106;27;A50U893201;Adjusting  Plate  /1;;D;1;1;
AccurioPress C4080;106;28;A50U894000;Plate /Rear;;D;1;5;
AccurioPress C4080;106;29;A50U899700;Paper exit Gear /3 23T;;B;1;1;
AccurioPress C4080;106;30;A50U899801;Paper exit Gear /2 29T;;C;1;1;
AccurioPress C4080;106;31;A85C895500;Positioning Roll;;D;1;1;
AccurioPress C4080;106;32;A85CM55500;Photo   Sensor;;C;1;1;
AccurioPress C4080;106;33;A9VE890400;Guide Plate /Upper;;D;1;1;
AccurioPress C4080;106;34;A9VE890900;Guide  Plate  /Lower;;D;1;1;
AccurioPress C4080;106;35;A9VE892800;Support  Plate  /A;;D;1;1;
AccurioPress C4080;106;36;A9VEN15200;Drive   Wiring   /3;;D;1;1;
AccurioPress C4080;106;a;V121030303;screw;;V;;100;
AccurioPress C4080;106;b;V127030604;Screw;;V;;100;
AccurioPress C4080;106;c;V127030803;screw;;V;;100;
AccurioPress C4080;106;d;V217040003;E-ring;;V;;100;
AccurioPress C4080;106;e;V217060003;E-ring;;V;;100;
AccurioPress C4080;106;f;V234200850;Pin;;V;;100;
AccurioPress C4080;106;g;V234201250;Pin;;V;;100;
AccurioPress C4080;106;h;V234201450;Pin;;V;;100;
AccurioPress C4080;106;k;V500020098;Mini Locking wire saddle;;D;;5;
AccurioPress C4080;106;m;V570010056;Locking Edge Saddle;;D;;5;
AccurioPress C4080;106;n;V500010057;Locking Wire Saddle;;D;;5;
AccurioPress C4080;107;1;A5AWM15101;Cooling Fan;;B;2;1;
AccurioPress C4080;107;2;A65U186600;Cover  Part  /2;;D;1;1;
AccurioPress C4080;107;3;A85C898701;Connecting  Plate  /2;;D;2;1;
AccurioPress C4080;107;4;A85C898801;Connecting  Plate  /4;;D;2;1;
AccurioPress C4080;107;5;A85CN21600;Relay   Wiring   /6;;D;1;1;
AccurioPress C4080;107;6;A9VP906400;Cover  /Middle;;C;1;1;KOM251063E0
AccurioPress C4080;107;a;V118033503;Screw;;V;;100;
AccurioPress C4080;107;b;V125041001;Screw;;D;;100;
AccurioPress C4080;107;c;V126040603;Screw;;V;;100;
AccurioPress C4080;107;d;V127040803;Screw;;V;;100;
AccurioPress C4080;107;e;V500020099;Mini Locking wire saddle;;D;;5;
AccurioPress C4080;107;f;V570010046;Locking Edge Holder;;D;;5;
AccurioPress C4080;108;1;4470402401;Stopper;;D;1;5;
AccurioPress C4080;108;2;65AAR72700;Powering Block /1 Assy;;C;1;1;
AccurioPress C4080;108;3;A50UM51000;Photointerrupter;;C;1;1;
AccurioPress C4080;108;4;A85C897400;Sensor  Actuator  /1;;D;1;1;
AccurioPress C4080;108;5;A85C897900;Sensor  Cover  /1;;D;1;1;
AccurioPress C4080;108;6;AC57M40900;HV   Board   /3;;C;1;1;
AccurioPress C4080;108;7;AC57N21301;Relay Harness /3;;D;1;1;
AccurioPress C4080;108;8;AC57N21400;HV Harness /20;;D;1;1;
AccurioPress C4080;108;9;A85CN21700;Relay   Wiring   /7;;D;1;1;
AccurioPress C4080;108;10;AC57898500;Protection Cover /1;;D;1;1;
AccurioPress C4080;108;11;A8AK101503;Stay  /Middle;;D;1;1;
AccurioPress C4080;108;12;A8AK101700;Protection  Plate  /1;;D;1;1;
AccurioPress C4080;108;13;A8AK107100;Protection  Cover  /2;;D;1;1;
AccurioPress C4080;108;14;A8AW106900;Drive  Cover;;D;1;1;
AccurioPress C4080;108;15;AC57891400;Cover /Rear;;D;1;1;
AccurioPress C4080;108;16;A8AW162500;Lock  Guide;;D;1;5;
AccurioPress C4080;108;17;A8AW162600;Thermal insulation  Sheet  /1;;D;1;1;
AccurioPress C4080;108;18;A8AW941002;Processing  Label;;C;1;1;
AccurioPress C4080;108;19;A9VE942102;Caution  Label;;D;1;1;KOM221500E1
AccurioPress C4080;108;20;AC57895600;Protection Cover /2;;D;1;1;
AccurioPress C4080;108;21;AC57891700;Thermal insulation Sheet /4;;D;1;1;
AccurioPress C4080;108;22;A85C898302;Cover /Middle;;D;1;1;KOM250245E0
AccurioPress C4080;108;23;A85C898100;Sealing  Part  /1;;D;2;5;KOM230022E0
AccurioPress C4080;108;24;A85C898200;Sealing  Part  /2;;D;1;1;KOM230022E0
AccurioPress C4080;108;25;A85C896501;Connecting  Plate  /1;;D;2;1;KOM230022E0
AccurioPress C4080;108;26;A85C896601;Connecting  Plate  /3;;D;2;1;KOM230022E0
AccurioPress C4080;108;a;V127030603;Screw;;V;;100;
AccurioPress C4080;108;b;V127030604;Screw;;V;;100;
AccurioPress C4080;108;c;V500020098;Mini Locking wire saddle;;D;;5;
AccurioPress C4080;108;d;V570010046;Locking Edge Holder;;D;;5;
AccurioPress C4080;108;e;V125041001;Screw;;D;;100;
AccurioPress C4080;109;1;12QV40650;Spacer;;B;1;1;
AccurioPress C4080;109;2;65AAR74600;Powering Block /A Assy;;C;1;1;
AccurioPress C4080;109;3;A00J617900;Ball Bearing;;B;2;1;
AccurioPress C4080;109;4;A0G6739300;Operation Bushing /Front;;C;2;1;
AccurioPress C4080;109;5;A1RF508900;Transfer Powering Bearing;;B;1;1;
AccurioPress C4080;109;6;A1RF509000;Power supply  Block  /C;;D;1;1;
AccurioPress C4080;109;7;A1RF820000;Ball Bearing;;C;1;1;
AccurioPress C4080;109;8;A5AW510400;Transfer Powering Plate /Front;;D;1;1;
AccurioPress C4080;109;9;A85C895300;Insulating  Collar  /Front;;D;1;1;
AccurioPress C4080;109;10;A85C895400;Insulating  Collar  /Rear;;D;1;1;
AccurioPress C4080;109;11;A85C895800;Cover  Guide;;D;1;1;
AccurioPress C4080;109;12;A85C895900;Conveyance  Guide  /1;;D;1;1;
AccurioPress C4080;109;13;A85C896301;Thermal insulation  Sheet  /1;;D;1;1;
AccurioPress C4080;109;14;A85C896400;Thermal insulation  Sheet  /3;;D;1;1;
AccurioPress C4080;109;15;A85C896800;Fixing  Plate;;D;1;1;
AccurioPress C4080;109;16;A85C896900;Support  Shaft;;D;1;1;
AccurioPress C4080;109;17;A85C897201;Charging Roller Bushing /Fr;;B;1;1;
AccurioPress C4080;109;18;A85C897300;High voltage Powering Block /C;;D;1;1;
AccurioPress C4080;109;19;A85C897700;Insulating  Duct  /Middle;;D;1;1;
AccurioPress C4080;109;20;A85C897800;Conveyance  Guide  /2;;D;1;1;
AccurioPress C4080;109;21;AC57899000;Charging Roller /Up;;A;1;1;
AccurioPress C4080;109;22;A85C899100;Neutralizing  Roller  /Lower;;D;1;1;
AccurioPress C4080;109;23;A8AK103200;Power supply  Spring;;C;2;5;
AccurioPress C4080;109;24;A8AK103502;Conveyance  Guide  /1;;D;1;1;
AccurioPress C4080;109;25;A8AK103601;Conveyance  Guide  /2;;D;1;1;
AccurioPress C4080;109;26;A8AK103702;Mounting  Plate  /Front;;D;1;1;
AccurioPress C4080;109;27;A8AK104100;Drive  Gear  20T;;C;1;1;
AccurioPress C4080;109;28;A8AK108001;Holding  Plate;;D;1;1;
AccurioPress C4080;109;29;A8AK108100;Guide Block;;D;1;5;
AccurioPress C4080;109;30;A8AK108200;Guide  Shaft;;D;1;5;
AccurioPress C4080;109;31;A8AK108302;Positioning  Shaft;;D;1;1;
AccurioPress C4080;109;32;A8AK108400;Lock  Handle;;C;1;1;
AccurioPress C4080;109;33;A8AK108500;Lock  Spring;;D;1;5;
AccurioPress C4080;109;34;A8AK941302;Processing Label /1;;C;1;5;KOM242412E0
AccurioPress C4080;109;35;A8AKN10501;HV   Wiring   /2;;D;1;1;
AccurioPress C4080;109;36;A8AKR70511;Lower Roller Contact Assy;;C;1;1;
AccurioPress C4080;109;37;AC57896400;Neutralizing  Brush;;D;1;1;
AccurioPress C4080;109;38;A9VP893500;Guide Sheet;;D;4;5;KOM230198E1
AccurioPress C4080;109;a;V116041003;Screw;;V;;100;
AccurioPress C4080;109;b;V121030403;Screw;;V;;100;
AccurioPress C4080;109;c;V126030803;Screw;;V;;100;
AccurioPress C4080;109;d;V127030604;Screw;;V;;100;
AccurioPress C4080;109;e;V127030803;screw;;V;;100;
AccurioPress C4080;109;f;V149030803;Screw;;V;;100;
AccurioPress C4080;109;g;V153030604;screw;;V;;100;
AccurioPress C4080;109;h;V153030803;Screw;;V;;100;
AccurioPress C4080;109;k;V217030003;E-ring;;V;;100;
AccurioPress C4080;109;m;V217040003;E-ring;;V;;100;
AccurioPress C4080;109;n;V217060003;E-ring;;V;;100;
AccurioPress C4080;109;p;V234201450;Pin;;V;;100;
AccurioPress C4080;109;q;V211040080;washer;;V;;100;
AccurioPress C4080;110;1;ACVXM40H00;Noise Filter;;D;1;1;KOM221614E0
AccurioPress C4080;110;2;A00JM60300;Rocker switch;;C;1;1;
AccurioPress C4080;110;3;A07TM60100;Power source Relay;;C;2;1;
AccurioPress C4080;110;4;A4EUM60401;Breaker;;D;1;1;
AccurioPress C4080;110;5;A50U131503;Bottom plate;;D;1;1;
AccurioPress C4080;110;6;A50U131700;Mounting  Plate;;D;1;1;
AccurioPress C4080;110;7;A50U131800;Fixing  Plate  /D;;D;1;1;
AccurioPress C4080;110;8;A50U133700;Wiring  Guide  /Rear;;D;1;1;
AccurioPress C4080;110;9;A50U133800;Wiring  Guide  /Left Rear;;D;1;1;
AccurioPress C4080;110;10;A79J136000;Mounting  Plate;;D;1;5;
AccurioPress C4080;110;11;AC57R72900;Power Code ASSY;B,G2;D;1;1;
AccurioPress C4080;110;11;AC57R73000;Power Code ASSY;C,D1,E,F2,G1,H,I,K,J;D;1;1;KOM210386E0
AccurioPress C4080;110;11;AC57R74000;Power Code ASSY;D3;D;1;1;KOM201625E0
AccurioPress C4080;110;11;AC57R74222;Power Code ASSY;D1(Only INDIA);D;1;1;KOM251171E1
AccurioPress C4080;110;12;56AA97140;CORD LABEL;B,G2;D;1;1;
AccurioPress C4080;110;13;AC57133800;Protection  Plate;;D;1;1;KOM251709E0
AccurioPress C4080;110;14;AC57133900;Cushion;;D;2;5;KOM251709E0
AccurioPress C4080;110;a;V111042003;screw;;D;;100;
AccurioPress C4080;110;b;V116050803;Screw;;V;;100;
AccurioPress C4080;110;c;V127030604;Screw;;V;;100;
AccurioPress C4080;110;d;V127040603;Screw;;V;;100;
AccurioPress C4080;110;e;V158030803;Screw;;V;;100;
AccurioPress C4080;110;f;V500010081;Locking Wire Saddle;;D;;5;
AccurioPress C4080;110;g;V500010082;Locking Wire Saddle;;D;;5;
AccurioPress C4080;110;h;V500010083;Locking Wire Saddle;;D;;5;
AccurioPress C4080;110;k;V500010088;Reuse spacing clamp;;D;;1;
AccurioPress C4080;110;m;V570010059;Wing Edge Saddle;;D;;5;
AccurioPress C4080;110;n;V570010060;Wing Edge Saddle;;D;;5;
AccurioPress C4080;110;p;V500010085;Locking Wire Saddle;;D;;5;
AccurioPress C4080;111;1;A799M45300;Noise filter;C,D1,D3,E,F2,G1,H,I,K,J;D;1;1;KOM210386E0
AccurioPress C4080;111;2;AC57108100;Power supply Panel /F;;D;1;5;
AccurioPress C4080;111;3;AC57134100;Mounting Plate /2;C,D1,D3,E,F2,G1,H,I,K,J;D;1;1;KOM210386E0
AccurioPress C4080;111;4;AC57M46111;AC Drive Board /230V;;I;1;1;KOM241873E0
AccurioPress C4080;111;5;AC57N11400;AC Harness /2;;D;1;1;
AccurioPress C4080;111;6;AC57N11600;Fusing Relay Harness /2;;D;1;1;
AccurioPress C4080;111;7;V502010033;Circuit Board Spacer;;D;4;5;
AccurioPress C4080;111;8;V502010033;Circuit Board Spacer;C,D1,D3,E,F2,G1,H,I,K,J;D;5;5;KOM210386E0
AccurioPress C4080;111;a;V127030603;Screw;;V;;100;
AccurioPress C4080;111;b;V127030604;Screw;;V;;100;
AccurioPress C4080;111;c;V500010063;Oval Wide Clamp;;V;;1;
AccurioPress C4080;111;d;V500010072;Locking Wire Saddle;;V;;5;
AccurioPress C4080;111;e;V500010081;Locking Wire Saddle;C,D1,D3,E,F2,G1,H,I,K,J;D;;5;KOM210386E0
AccurioPress C4080;111;f;V500010082;Locking Wire Saddle;;D;;5;
AccurioPress C4080;111;g;V500010083;Locking Wire Saddle;;D;;5;
AccurioPress C4080;111;h;V500020098;Mini Locking wire saddle;;D;;5;
AccurioPress C4080;111;k;V570010038;bushing;;D;;1;
AccurioPress C4080;111;m;V570010057;Wing Edge Saddle;;D;;5;
AccurioPress C4080;111;n;V570010059;Wing Edge Saddle;;D;;5;
AccurioPress C4080;111;p;V570010060;Wing Edge Saddle;;D;;5;
AccurioPress C4080;111;q;V500020100;Mini Locking wire saddle;;D;;5;
AccurioPress C4080;112;1;A9VEN11500;Main body   Wiring   /5;;D;1;1;
AccurioPress C4080;112;2;A50U104801;Connecting  Frame;;D;1;1;
AccurioPress C4080;112;3;A50U131002;Casing  /1;;D;1;1;
AccurioPress C4080;112;4;A50U131400;Ground  Plate  /1;;D;1;5;
AccurioPress C4080;112;5;A50U131900;Ground  Plate  /2;;D;1;5;
AccurioPress C4080;112;6;A50U133102;Support Plate /B;;D;1;1;KOM250053E0
AccurioPress C4080;112;7;A50UM40112;HV Board /1;;D;1;1;KOM241746E0
AccurioPress C4080;112;8;A50UN12900;Toner  Relay harness  /1;;D;1;1;
AccurioPress C4080;112;9;A50UN17400;Drive  Relay harness  /2;;D;1;1;
AccurioPress C4080;112;10;A50UN23200;HV  Wiring  /3;;D;1;1;
AccurioPress C4080;112;11;A50UN23300;HV  Wiring  /4;;D;1;1;
AccurioPress C4080;112;12;A50UN23400;HV  Wiring  /5;;D;1;1;
AccurioPress C4080;112;13;A50UN23500;HV  Wiring  /6;;D;1;1;
AccurioPress C4080;112;14;A50UN23600;HV  Wiring  /7;;D;1;1;
AccurioPress C4080;112;15;A50UN23700;HV  Wiring  /8;;D;1;1;
AccurioPress C4080;112;16;A50UN23800;HV  Wiring  /9;;D;1;1;
AccurioPress C4080;112;17;A50UN23900;HV  Wiring  /10;;D;1;1;
AccurioPress C4080;112;18;A50UN24100;HV  Wiring  /12;;D;1;1;
AccurioPress C4080;112;19;A50UN24200;HV  Wiring  /13;;D;1;1;
AccurioPress C4080;112;20;A50UN24300;HV  Wiring  /14;;D;2;1;
AccurioPress C4080;112;21;A9VE133000;Support Plate;;D;1;1;
AccurioPress C4080;112;22;AC57H03002;Printer Control Board ASSY;;I;1;1;KOM210385E7
AccurioPress C4080;112;22;AC57H03013;Printer Control Board ASSY;;I;1;1;KOM210385E7/KOM211686E1
AccurioPress C4080;112;22;AC57H83004;Printer Control Board ASSY;;I;1;1;KOM231445E0
AccurioPress C4080;112;a;V500020099;Mini Locking wire saddle;;D;;5;
AccurioPress C4080;112;b;V127030603;Screw;;V;;100;
AccurioPress C4080;112;c;V127030604;Screw;;V;;100;
AccurioPress C4080;112;d;V127040603;Screw;;V;;100;
AccurioPress C4080;112;e;V158030803;Screw;;V;;100;
AccurioPress C4080;112;f;V500010082;Locking Wire Saddle;;D;;5;
AccurioPress C4080;112;g;V500010084;Locking Wire Saddle;;D;;5;
AccurioPress C4080;112;h;V500010085;Locking Wire Saddle;;D;;5;
AccurioPress C4080;112;k;V570010048;Saddle;;D;;1;
AccurioPress C4080;112;m;V570010058;Wing Edge Saddle;;D;;5;
AccurioPress C4080;112;n;V570010059;Wing Edge Saddle;;D;;5;
AccurioPress C4080;112;p;V570010060;Wing Edge Saddle;;D;;5;
AccurioPress C4080;113;1;AA2JM10500;Fan Motor;;C;1;1;
AccurioPress C4080;113;2;A1DU622200;Mounting  Screw;;D;2;1;KOM210783E0
AccurioPress C4080;113;3;A50U112901;Mounting  Tray;;D;1;1;
AccurioPress C4080;113;4;A50U131100;Hold  Casing  /2;;D;1;1;
AccurioPress C4080;113;5;A50U131200;Ground  Plate  /4;;D;1;1;
AccurioPress C4080;113;6;A50U131300;Ground  Plate  /3;;D;1;1;
AccurioPress C4080;113;7;A50U136700;Cover Part;;D;1;1;
AccurioPress C4080;113;8;A50U136800;Filter;;C;1;1;
AccurioPress C4080;113;9;A50UM40201;HV  Board  /2;;D;1;1;
AccurioPress C4080;113;10;A50UN15101;ADU  Relay harness  /2;;D;1;1;
AccurioPress C4080;113;11;A50UN24400;HV  Wiring  /15;;D;1;1;
AccurioPress C4080;113;12;A50UN24600;HV  Wiring  /16;;D;1;1;
AccurioPress C4080;113;13;A50UN24800;HV  Wiring  /17;;D;1;1;
AccurioPress C4080;113;14;A50UN25000;HV  Wiring  /18;;D;1;1;
AccurioPress C4080;113;15;A50UN25200;HV  Wiring  /19;;D;1;1;
AccurioPress C4080;113;16;A50UN25300;HV  Wiring  /G;;D;1;1;
AccurioPress C4080;113;17;A50UN25500;HV  Wiring  /S;;D;1;1;
AccurioPress C4080;113;18;A93EM10000;Fan motor;;C;1;1;
AccurioPress C4080;113;19;AC57120700;Mounting Plate;;D;1;1;
AccurioPress C4080;113;20;AC57132001;Mounting Plate;;D;1;1;
AccurioPress C4080;113;21;AC57132202;Cover;;D;1;1;KOM251667E0
AccurioPress C4080;113;22;AC57132500;Fixing Plate /1;;D;2;1;
AccurioPress C4080;113;23;AC57132800;Fixing Plate /4;;D;1;1;
AccurioPress C4080;113;24;AC57132900;Duct;;D;1;1;
AccurioPress C4080;113;25;AC57133400;Cover;;D;1;5;
AccurioPress C4080;113;26;AC57133500;Seal;;D;1;5;KOM211542E1
AccurioPress C4080;113;27;AC57M15000;Cooling  Fan;;C;1;1;
AccurioPress C4080;113;28;AC57V13015;Power Supply Assy (200-240V);;I;2;1;KOM241259E0
AccurioPress C4080;113;29;AC57133700;Cushion;;D;1;1;
AccurioPress C4080;113;a;V118033003;Screw;;V;;100;
AccurioPress C4080;113;b;V121033003;screw;;V;;100;
AccurioPress C4080;113;c;V127030603;Screw;;V;;100;
AccurioPress C4080;113;d;V127030604;Screw;;V;;100;
AccurioPress C4080;113;e;V146040804;Screw;;V;;100;
AccurioPress C4080;113;f;V158030803;Screw;;V;;100;
AccurioPress C4080;113;g;V500010084;Locking Wire Saddle;;D;;5;
AccurioPress C4080;113;h;V500020098;Mini Locking wire saddle;;D;;5;
AccurioPress C4080;113;k;V570010057;Wing Edge Saddle;;D;;5;
AccurioPress C4080;113;m;V570010058;Wing Edge Saddle;;D;;5;
AccurioPress C4080;113;n;V570010056;Locking Edge Saddle;;D;;5;
AccurioPress C4080;113;p;V500010085;Locking Wire Saddle;;D;;5;
AccurioPress C4080;113;q;V500010063;Oval Wide Clamp;;V;;1;
AccurioPress C4080;114;1;55VA32480;MAGNET CATCH;;C;4;1;
AccurioPress C4080;114;2;AA2JM10500;Fan Motor;;C;1;1;
AccurioPress C4080;114;3;AC57130500;Processing Cover;;D;1;1;
AccurioPress C4080;114;4;A50U734100;Guide Screw;;D;4;1;
AccurioPress C4080;114;5;A50U737302;Fixing  Screw  /1;;D;4;1;
AccurioPress C4080;114;6;A50U737401;Mounting  Stay  /2;;D;1;1;
AccurioPress C4080;114;7;A50U737601;Guide  Part  /11;;D;1;1;
AccurioPress C4080;114;8;A50U737700;Guide  Part  /12;;D;1;1;
AccurioPress C4080;114;9;A50U749401;Mounting  Stay  /Rear;;D;1;1;
AccurioPress C4080;114;10;A50U749502;Mounting  Stay  /1;;D;1;1;
AccurioPress C4080;114;11;A50U749600;Idler  Sleeve  /1;;D;2;5;
AccurioPress C4080;114;12;A50U749700;Idler  Sleeve  /2;;D;1;5;
AccurioPress C4080;114;13;A50U749801;Positioning  Sleeve  /3;;D;1;1;
AccurioPress C4080;114;14;A50U753100;Pressing  Spring;;D;3;5;
AccurioPress C4080;114;15;AC57N11300;Fusing Relay Harness /D;;D;1;1;
AccurioPress C4080;114;16;AC57134000;Fixing Plate;;D;1;1;
AccurioPress C4080;114;a;V116040603;Screw;;V;;100;
AccurioPress C4080;114;b;V116033003;Screw;;V;;100;
AccurioPress C4080;114;c;V126030603;Screw;;V;;100;
AccurioPress C4080;114;d;V127030516;Screw;;V;;100;
AccurioPress C4080;114;e;V127030604;Screw;;V;;100;
AccurioPress C4080;114;f;V217060003;E-ring;;V;;100;
AccurioPress C4080;114;g;V500010082;Locking Wire Saddle;;D;;5;
AccurioPress C4080;114;h;V500010072;Locking Wire Saddle;;V;;5;
AccurioPress C4080;114;k;V500020098;Mini Locking wire saddle;;D;;5;
AccurioPress C4080;114;m;V500010084;Locking Wire Saddle;;D;;5;
AccurioPress C4080;114;n;V500020085;Harness Lifter;;V;;1;
AccurioPress C4080;114;p;V500020089;CodeClamp;;D;;5;
AccurioPress C4080;114;q;V570010063;Locking Edge Saddle;;D;;5;
AccurioPress C4080;114;r;V501010018;BAND;;D;;5;
AccurioPress C4080;114;s;V570010059;Wing Edge Saddle;;D;;5;
AccurioPress C4080;115;1;4025228301;Screw;;D;2;1;
AccurioPress C4080;115;2;40LA73840;Contact Protection Cover;;D;2;1;KOM211128E1
AccurioPress C4080;115;3;A50U133902;Wiring  Guide  /Right rear;;D;1;1;
AccurioPress C4080;115;4;A50U136303;Wiring  Guide  /2;;D;1;1;
AccurioPress C4080;115;5;AC57130400;Cover  /1;;D;1;1;
AccurioPress C4080;115;6;AC57134800;Cover Plate /1;;D;1;1;
AccurioPress C4080;115;7;AC57135800;Cover /1;;D;1;1;
AccurioPress C4080;115;8;AC57H01109;Main body Control Board assy;;I;1;1;KOM230639E0
AccurioPress C4080;115;9;AC57N27400;Image Processing Relay Harness /1;;D;1;1;
AccurioPress C4080;115;10;AC57N28600;Image Processing Relay Harness /2;;D;1;1;
AccurioPress C4080;115;11;AC57N29200;Relay Harness /U;;D;1;1;
AccurioPress C4080;115;12;V503010002;Connector Cover;;D;1;5;KOM210378E0
AccurioPress C4080;115;13;A0E7946700;Caution  Label;D1,E,F2,G1,H,I(Except South Africa),K;C;1;1;KOM210154E0
AccurioPress C4080;115;14;AC57H01011;Main Body Control Board ASSY;B,C,D1,D3,E,F2,G1,G2,H,I,K;I;1;1;KOM250911E0
AccurioPress C4080;115;14;AC57H01011;Main Body Control Board ASSY;J;I;1;1;KOM250911E0
AccurioPress C4080;115;15;AC57130200;Processing  Plate  /Side;;D;1;1;KOM251330E0
AccurioPress C4080;115;a;V500010083;Locking Wire Saddle;;D;;5;
AccurioPress C4080;115;b;V111030603;screw;;V;;100;
AccurioPress C4080;115;c;V127030516;Screw;;V;;100;
AccurioPress C4080;115;d;V127030604;Screw;;V;;100;
AccurioPress C4080;115;e;V500010063;Oval Wide Clamp;;V;;1;
AccurioPress C4080;115;f;V500010076;Locking Wire Saddle;;V;;1;
AccurioPress C4080;115;g;V500010081;Locking Wire Saddle;;D;;5;
AccurioPress C4080;115;h;V500010082;Locking Wire Saddle;;D;;5;
AccurioPress C4080;115;k;V500010084;Locking Wire Saddle;;D;;5;
AccurioPress C4080;115;m;V500020098;Mini Locking wire saddle;;D;;5;
AccurioPress C4080;115;n;V500020100;Mini Locking wire saddle;;D;;5;
AccurioPress C4080;115;p;V570010058;Wing Edge Saddle;;D;;5;
AccurioPress C4080;115;q;V570010059;Wing Edge Saddle;;D;;5;
AccurioPress C4080;116;1;AC57N10A01;AC Harness /A;B,G2;D;1;1;
AccurioPress C4080;116;1;AC57N10F01;AC   Harness  /F;C,D1,D3,E,F2,G1,H,I,K,J;D;1;1;KOM210386E0
AccurioPress C4080;116;a;V116040603;Screw;;V;;100;
AccurioPress C4080;117;1;AC57N10201;Main Body Harness /1;;D;1;1;
AccurioPress C4080;117;2;AC57N10400;Main Body Harness /2;;D;1;1;
AccurioPress C4080;117;3;A1DU622200;Mounting  Screw;;D;4;1;KOM210783E0
AccurioPress C4080;117;4;A79JM90A00;Ferritecore;;D;1;1;
AccurioPress C4080;117;5;AC57M90100;Ferritecore;;D;1;1;
AccurioPress C4080;118;1;AC57N12701;Main Body Harness /4;;D;1;1;
AccurioPress C4080;118;2;AC57N10302;DC Power Source Harness /1;;D;1;1;
AccurioPress C4080;118;3;57AA15600;Electric Mounting Screw;;C;2;1;
AccurioPress C4080;119;1;AC57N10501;Main Body Harness /3;;D;1;1;KOM211581E1
AccurioPress C4080;119;1;AC57N10513;Main Body Harness /3;;D;1;1;KOM211581E1
AccurioPress C4080;119;2;57AA15600;Electric Mounting Screw;;C;2;1;
AccurioPress C4080;119;a;V116040603;Screw;;V;;100;
AccurioPress C4080;120;1;A50UPP0100;Setting Toner No.2;;S;1;1;
AccurioPress C4080;120;2;A5AWP00100;Cleaning  Pad;;S;1;1;
AccurioPress C4080;120;3;65AA-9920;Hydrowipe;;S;1;1;
AccurioPress C4080;120;4;00GR00260;Grease(Multemp FF-RM);;S;1;1;
AccurioPress C4080;120;5;00GR00020;Grease(Plas Guard No.1);;S;1;1;
AccurioPress C4080;120;6;00GR00220;Grease(Molykote EM-30L Grease);;S;1;1;
AccurioPress C4080;120;7;A4EUPP0000;MHSURF FT-240;C,D3(only NEW ZEALAND),I;S;1;1;KOM240498E0
AccurioPress C4080;120;8;A50UPJG300;Positioning Jig /C (Temperature Sensor);;S;1;1;
AccurioPress C4080;120;9;A50UPJG100;Positioning Jig /A (TS1/2);;S;1;1;
AccurioPress C4080;120;10;A50UPJG200;Positioning Jig /B (TS3);;S;1;1;
AccurioPress C4080;120;11;9J06PJP100;Color chart/A3 size;;S;1;1;
AccurioPress C4080;120;12;9J06PJP200;Color chart/11x17size;;S;1;1;
AccurioPress C4080;120;13;A79JPJP000;Test chart/A3 size;;S;1;1;
AccurioPress C4080;120;14;A79JPJP100;Test chart/11x17 size;;S;1;1;
AccurioPress C4080;120;15;120A97110;Adjustment chart/For DF;;S;1;1;
AccurioPress C4080;120;16;65AA99500;Ajust Paper For Fixing Unit(16Sheets);;S;1;16;
AccurioPress C4080;120;17;00VC-2-00;Drum Cover;;S;4;1;
AccurioPress C4080;120;18;00VD-1000;Blower Brush;;S;1;1;KOM240334E0
AccurioPress C4080;120;19;9J06PJG100;DF reading chart;;S;1;1;
AccurioPress C4080;120;20;A782945003;Adjusting  Sheet;;S;1;1;
AccurioPress C4080;120;21;A8WC707100;Adjusting  Sheet;;S;1;5;
AccurioPress C4080;120;22;A1DUPJG100;Cleaning  Jig;;S;1;1;
AccurioPress C4080;120;23;AE94PGJ000;HANARL KM-712;C,D3(only NEW ZEALAND),I;S;1;1;KOM242478E1
AccurioPress C4080;121;1;A1RF945501;Replacement Label /5;;D;3;5;KOM230345E0
AccurioPress C4080;121;2;A8AK941001;Processing  Label  /2;;C;1;1;KOM230345E0
AccurioPress C4080;121;3;A8AK941200;Processing  Label  /3;;C;1;1;KOM230345E0
AccurioPress C4080;121;4;A9CE955000;Heat blocking  Plate  /1;;D;1;1;
AccurioPress C4080;121;5;A9CE955100;Heat blocking  Plate  /2;;D;1;1;
AccurioPress C4080;121;6;A9VE168800;Click Cover;;D;7;5;
AccurioPress C4080;121;7;A9VE169000;Cover;;D;1;1;
AccurioPress C4080;121;8;A9VE942200;Caution  Label;;D;1;1;KOM230345E0
AccurioPress C4080;121;9;A9VE946300;Input  Label;;D;1;1;KOM230345E0
AccurioPress C4080;121;10;V114040604;Screw;;V;13;100;
AccurioPress C4080;121;11;V121030604;Screw;;V;3;100;
AccurioPress C4080;121;12;V127030516;Screw;;V;6;100;
AccurioPress C4080;121;13;V118030604;screw;;V;6;100;
AccurioPress C4080;121;14;AC57R73200;Drum(K) Replacement Coil spring Assy;;D;1;1;
AccurioPress C4080;121;15;A00J169100;Cover;;D;2;5;
AccurioPress C4080;121;16;A0GD944100;Indicating Label /6;;D;1;1;KOM220669E0
AccurioPress C4080;121;17;A0GD944200;Indicating  Label  /9;;D;1;1;KOM220669E0
AccurioPress C4080;121;18;V500010075;Locking Wire Saddle;;V;1;1;
AccurioPress C4080;121;19;A9VE945900;Paper feed  Label  /3;B,G2 (Service Part Only);D;1;1;
AccurioPress C4080;121;20;AC57942200;Label  /B;;D;1;1;KOM230345E0
AccurioPress C4080;121;21;AC57944100;Indicating  Label  /6;;D;1;1;KOM220669E0
AccurioPress C4080;122;1;AC57898000;Cover /Inside;;D;1;1;
AccurioPress C4080;122;2;A50U343600;Coupling  /D;;D;1;1;
AccurioPress C4080;122;3;A50U502801;Hold  Guide;;D;1;1;
AccurioPress C4080;122;4;A50U506500;Support  Shaft;;D;2;1;
AccurioPress C4080;122;5;A85CN19900;Interface   Wiring   /1;;D;1;1;
AccurioPress C4080;122;6;A9VE168000;Duct;;D;1;1;
AccurioPress C4080;122;7;A9VE194200;Operation  Cover  /A;;D;1;1;
AccurioPress C4080;122;8;A9VE194300;Operation Cover /B;;D;1;1;
AccurioPress C4080;122;9;V217040003;E-ring;;V;2;100;
AccurioPress C4080;122;10;V153031004;screw;;V;7;100;
AccurioPress C4080;122;11;A7PU169900;Holder;;C;1;1;KOM211037E1
AccurioPress C4080;122;12;AC57896001;Cover /Upper;;D;1;1;
AccurioPress C4080;122;13;A9VE197100;Operation  Cover  /R;;D;1;1;
AccurioPress C4080;122;14;V501010006;band;;D;1;5;
