model;section_name;page_number;ref_number;part_code;name;destination;class;quantity;ship_unit;pmn_no
C5070;External Parts;1;1;40AA32320;Toner Supply Spacer;;C;1;10;
C5070;External Parts;1;2;55VA90840;MAIN EARTH WIRE;;D;1;1;
C5070;External Parts;1;3;56AA12241;EXTERNAL LOCK PLATE;;D;1;1;
C5070;External Parts;1;4;A50U160500;Fixing  Plate;;D;1;1;
C5070;External Parts;1;5;A50U161502;Reinforce  Door  /Right;;D;1;1;
C5070;External Parts;1;6;AC57161600;Cover Duct /Front;;D;1;1;
C5070;External Parts;1;7;A50U161700;Sealing  Cushion  /1;;D;1;5;
C5070;External Parts;1;8;AC57161800;Seal;;D;2;5;
C5070;External Parts;1;9;A50U164100;Detecting  Actuator;;D;1;1;
C5070;External Parts;1;10;A50U164200;Detecting  Part;;D;1;1;
C5070;External Parts;1;11;A50U164901;Suction Dust-proof Filter;;A;1;1;
C5070;External Parts;1;12;A50U165500;Reinforce  Hinge;;D;1;1;
C5070;External Parts;1;13;A50U165600;Sealing  Cushion  /2;;D;1;5;
C5070;External Parts;1;14;A50U166100;Hinge  /Lower;;D;1;1;
C5070;External Parts;1;15;A50U166200;Support  Shaft  /Lower;;D;1;1;
C5070;External Parts;1;16;A50U167201;Lock  Cover;;D;1;1;
C5070;External Parts;1;17;A50U167500;Lock  Plate;;D;1;5;
C5070;External Parts;1;18;A50U167601;Detecting  Part;;D;1;1;
C5070;External Parts;1;19;A50U169900;Reinforce  Wire;;D;1;1;
C5070;External Parts;1;20;AC57174400;Mounting Part;;D;1;1;
C5070;External Parts;1;21;A50U945601;Operation  Label;;D;1;1;
C5070;External Parts;1;22;A50U946503;Operation  Label  /A;;D;1;1;
C5070;External Parts;1;23;A50UF16000;Left Door Support Plate / Upper Caulking;;D;1;1;
C5070;External Parts;1;24;A50UF16101;Right Door Support Plate / Lower Caulkin;;D;1;1;
C5070;External Parts;1;25;A50UF16201;Right Door Support Plate / Upper Caulkin;;D;1;1;
C5070;External Parts;1;26;A50UF16301;Collection Box Door Support Plate / L;;D;1;1;
C5070;External Parts;1;27;A50UF16400;Collection Box Door Support Plate / Uppe;;D;1;1;
C5070;External Parts;1;28;AC57160100;Door /Front;;D;1;1;
C5070;External Parts;1;29;A9VE160300;Toner supply  Door;;D;1;1;
C5070;External Parts;1;30;A9VE160600;Collection  Door;;D;1;1;
C5070;External Parts;1;31;A9VE164800;Toner supply  Duct;;D;1;1;
C5070;External Parts;1;32;A9VE944901;Toner supply  Label;;D;1;1;
C5070;External Parts;1;33;AC57174100;Seal;;D;1;5;
C5070;External Parts;1;34;AC57174200;Seal;;D;1;5;
C5070;External Parts;1;35;A5AW162000;Indicating Plate;;C;1;1;
C5070;External Parts;1;36;A9JT944200;Label /KONICA MINOLTA;;D;1;1;
C5070;External Parts;1;37;AEEJ947000;Indicating  Label;;D;1;1;
C5070;External Parts;2;1;AC57162700;Reinforce  Plate;;D;1;1;
C5070;External Parts;2;2;AC57162600;Cover;;D;1;1;
C5070;External Parts;2;3;AC57162001;Cover /Right;;D;1;1;
C5070;External Parts;2;4;AC57162101;Protection Cover /1;;D;1;1;
C5070;External Parts;2;5;AC57162201;Cover /Right;;D;1;1;
C5070;External Parts;2;6;A9VE162500;Protection  Cover  /Lower;;D;1;1;
C5070;External Parts;2;7;A9VE162800;Bypass  Cover;;D;1;1;
C5070;External Parts;2;8;AEEH163200;Protection  Cover;;D;1;1;
C5070;External Parts;3;1;A1DU163402;Protection  Cover;;D;1;1;
C5070;External Parts;3;2;AC57161002;Cover Part;;D;1;1;
C5070;External Parts;3;3;A9VE162400;Cover  Part  /Inside;;D;1;1;
C5070;External Parts;3;4;A9VE163900;Replacement  Cover;;D;1;1;
C5070;External Parts;3;5;A50U175001;Reinforce  Plate;;D;1;1;
C5070;External Parts;3;6;A9VE168800;Click Cover;;D;6;5;
C5070;External Parts;3;7;A9VE161400;Read  Cover  /Right;;D;1;1;
C5070;External Parts;3;8;A9VE161301;Read  Cover  /Right rear;;D;1;1;
C5070;External Parts;3;9;A9VE161200;Read  Cover  /Rear;;D;1;1;
C5070;External Parts;3;10;A795167800;Read  Cover  /Upper;;C;1;1;
C5070;External Parts;3;11;A9JT170601;Read  Cover;;D;1;1;
C5070;External Parts;3;12;A9VE161100;Cover  Plate  /Left;;D;1;1;
C5070;External Parts;3;13;AC57942101;Label  /A;;D;1;1;
C5070;External Parts;4;1;A00J945401;Label Dehumidifier SW.;;C;1;5;
C5070;External Parts;4;2;A50U163700;Mounting  Plate  /Upper;;D;1;1;
C5070;External Parts;4;3;A50U167801;Holding  Part;;D;3;5;
C5070;External Parts;4;4;AC57163101;Cover;;D;1;1;
C5070;External Parts;4;5;A9VE162300;Paper exit Cover /2;;D;1;1;
C5070;External Parts;4;6;AC57163002;Paper exit Cover /Left;;D;1;1;
C5070;External Parts;4;7;AC57163501;Protection Cover /1;;D;1;1;
C5070;External Parts;4;8;A9VE163601;Cover /Rear;;D;1;1;
C5070;External Parts;4;9;A9VE163801;Entrance Plate;;D;1;1;
C5070;External Parts;4;11;A9VE942600;Caution  Label;;D;1;1;
C5070;External Parts;4;12;A9JT942401;Caution  Label;C;D;1;1;
C5070;Frame Section;5;1;AE1KM10200;Cooling  Fan;;C;4;1;
C5070;Frame Section;5;2;65AA11300;Support Part;;D;1;1;
C5070;Frame Section;5;3;65AA11430;FAN SEALING PART 3;;C;1;1;
C5070;Frame Section;5;4;A0P0M50400;Humidity sensor;;C;1;1;
C5070;Frame Section;5;5;AC57M15800;Cooling Fan;;C;1;1;
C5070;Frame Section;5;6;A0G6411200;Magnet /X;;D;2;1;
C5070;Frame Section;5;7;AEEHM60000;Power source   Switch;;C;1;1;
C5070;Frame Section;5;8;AEEH102901;Mounting  Plate;;D;1;1;
C5070;Frame Section;5;9;A50U120600;Fixing  Plate;;D;1;5;
C5070;Frame Section;5;10;AC57121000;Duct;;D;1;1;
C5070;Frame Section;5;11;A50U121300;Cooling  Seal  /Front;;D;3;5;
C5070;Frame Section;5;12;AC57121400;Duct  /2;;D;1;1;
C5070;Frame Section;5;13;A50U122103;Cooling  Duct;;D;1;1;
C5070;Frame Section;5;14;A50U949600;Replacement  Label;;D;2;5;
C5070;Frame Section;5;15;AC57123800;Cover;;D;1;1;
C5070;Frame Section;5;16;A50U124100;Duct;;D;1;1;
C5070;Frame Section;5;17;A50U124900;Cover  Sheet;;D;1;5;
C5070;Frame Section;5;18;A50UF12000;Fusing Front Cooling Duct Support Shaft;;D;1;1;
C5070;Frame Section;5;19;A50U125901;Fixing  Screw;;D;1;1;
C5070;Frame Section;5;20;A50U126501;Mounting Plate;;D;1;1;
C5070;Frame Section;5;21;A50U126600;Mounting  Plate;;D;1;1;
C5070;Frame Section;5;22;AEEH127400;Mounting  Plate;;D;1;1;
C5070;Frame Section;5;23;A50U127901;Cover;;D;1;1;
C5070;Frame Section;5;24;A50U164000;Cooling  Seal  /1;;D;3;5;
C5070;Frame Section;5;25;A50U167901;Cooling  Cover;;D;1;1;
C5070;Frame Section;5;26;A50U172100;PH Dust-proof Filter;;B;1;1;
C5070;Frame Section;5;27;A50U172200;Deve. Dust-proof Filter/1;;B;1;1;
C5070;Frame Section;5;28;AEEHM60300;Power source   Switch;;C;1;1;
C5070;Frame Section;5;29;A50U172300;Deve. Dust-proof Filter/2;;B;1;1;
C5070;Frame Section;5;30;AEEH179500;Protection  Sheet;;D;1;5;
C5070;Frame Section;5;31;A50UN12602;Cooling  Relay harness  /1;;D;1;1;
C5070;Frame Section;5;32;AC57121100;Filter;;A;1;1;
C5070;Frame Section;5;33;A50U944302;Processing Label /2;;D;1;1;
C5070;Frame Section;5;34;AC57R75200;Fusing Front Cooling Duct Assy;;C;1;1;
C5070;Frame Section;5;35;AEEH946500;ID Label;;D;1;5;
C5070;Frame Section;5;36;9J06M60100;Micro Switch;;C;1;1;
C5070;Frame Section;5;37;A50UM51000;Photointerrupter;;C;1;1;
C5070;Frame Section;5;38;AEEH179000;Support  Plate;;D;1;1;
C5070;Frame Section;5;39;AEEH179100;Actuator;;D;1;1;
C5070;Frame Section;5;40;AEEH179300;Sensor  Coil spring;;D;1;5;
C5070;Frame Section;6;1;A50U109101;Writing  Cover;;D;3;5;
C5070;Frame Section;6;2;A50U123200;Ozone  Cover;;D;3;5;
C5070;Frame Section;6;3;A50U123300;Suction  Seal;;D;1;5;
C5070;Frame Section;6;4;AEEH123400;Duct  /Cyan;;D;3;1;
C5070;Frame Section;6;5;AEEH123500;Duct;;D;1;1;
C5070;Frame Section;6;6;A50U123600;Suction  Cover;;D;1;5;
C5070;Frame Section;6;7;A50U123900;Suction  Seal;;D;3;5;
C5070;Frame Section;6;8;A50U124000;Suction  Seal;;D;1;5;
C5070;Frame Section;6;9;A50U126200;Duct;;D;1;1;
C5070;Frame Section;6;10;A50U126800;Sheet  /1;;D;1;5;
C5070;Frame Section;6;11;A50U127201;Suction  Seal  /Rear;;D;4;5;
C5070;Frame Section;6;12;A50U127300;Suction  Duct;;D;1;1;
C5070;Frame Section;6;13;A50U127500;Seal;;D;4;5;
C5070;Frame Section;6;14;A50U127800;Seal;;D;1;5;
C5070;Frame Section;6;15;A50U128000;Sheet  /2;;D;4;5;
C5070;Frame Section;6;16;A50U128700;Duct  /1;;D;4;1;
C5070;Frame Section;6;17;A50U341800;Pressing  Spring  /D;;D;8;5;
C5070;Frame Section;6;18;A50U342200;Pressing  Pedestal;;D;8;5;
C5070;Frame Section;6;19;A50U342400;Charge Pressing Block;;D;8;5;
C5070;Frame Section;7;1;56AA10300;Slide Rail /A;;C;2;1;
C5070;Frame Section;7;2;65AA509900;Mounting  Plate  /Left;;D;1;1;
C5070;Frame Section;7;3;A1RF815702;Slide  Rail  /Left;;D;1;1;
C5070;Frame Section;7;4;A50U103200;Reinforce  Rail;;D;1;1;
C5070;Frame Section;7;5;A50U103403;Fixing  Plate  /Left rear;;D;1;1;
C5070;Frame Section;7;6;A50U103500;Separating  Duct;;D;1;1;
C5070;Frame Section;7;7;AEEH104600;Mounting  Plate;;D;1;1;
C5070;Frame Section;7;8;A50U105100;Support Plate /A;;D;1;1;
C5070;Frame Section;7;9;A50U105201;Support  Rail  /Front;;D;1;1;
C5070;Frame Section;7;10;A50U105600;Rail  /Rear;;D;1;1;
C5070;Frame Section;7;11;A50U107501;Sealing  Part  /Front;;D;1;5;
C5070;Frame Section;7;12;A50U107600;Sealing  Part  /Rear;;D;1;5;
C5070;Frame Section;7;13;A50U107801;Fan duct;;D;2;1;
C5070;Frame Section;7;14;A50U109400;Guide  Pin  /Left;;D;1;1;
C5070;Frame Section;7;15;A50U109900;Electric Comp. Cooling Filter;;B;1;1;
C5070;Frame Section;7;16;A50U120300;Fixing  Plate;;D;1;1;
C5070;Frame Section;7;17;A50U129200;Fixing  Plate;;D;1;1;
C5070;Frame Section;7;18;A50U342900;Protection  Cover;;D;2;1;
C5070;Frame Section;7;19;A50U832100;Reinforce  Rail  /A;;D;1;1;
C5070;Frame Section;7;20;A50U833000;Mounting  Collar  /1;;C;4;1;
C5070;Frame Section;7;21;A50U881500;Slide  Rail;;D;1;1;
C5070;Frame Section;7;22;A50UN15400;Drive harness  /F;;D;1;1;
C5070;Frame Section;7;23;AC57M15300;Cooling Fan;;C;1;1;
C5070;Frame Section;7;24;AC57120500;Seal /4;;D;2;5;
C5070;Frame Section;7;25;AC57175900;Seal;;D;1;5;
C5070;Frame Section;7;26;AC57105900;Screw;;D;4;1;
C5070;Frame Section;7;27;AC57M15800;Cooling Fan;;C;2;1;
C5070;Frame Section;7;28;A9VE114600;Seal;;D;2;5;
C5070;Frame Section;7;29;57AA15600;Electric Mounting Screw;;C;2;1;
C5070;Frame Section;7;30;AEEH105700;Shoulder screw;;D;2;1;
C5070;Frame Section;7;31;A93EM11000;Fan Motor;;C;1;1;
C5070;Frame Section;7;32;A4EUM96011;Gasket;;D;1;1;
C5070;Frame Section;7;33;AEEH946500;ID Label;;D;1;5;
C5070;Frame Section;8;1;13NG45200;Conveyance Driven Roller;;C;2;1;
C5070;Frame Section;8;2;56AA10300;Slide Rail /A;;C;4;1;
C5070;Frame Section;8;3;A50U855200;Lifting  Base frame;;D;1;1;
C5070;Frame Section;8;4;65AA10470;Mounting Plate /4;;D;2;1;
C5070;Frame Section;8;5;65AA50400;Guide Shaft;;D;2;5;
C5070;Frame Section;8;6;A50U101602;Auxiliary  Plate  /Left;;D;1;1;
C5070;Frame Section;8;7;A50U102704;Protection  Plate;;D;1;1;
C5070;Frame Section;8;8;A50U624503;Support  Stay  /2;;D;2;1;
C5070;Frame Section;8;9;A50U105800;Writing  Guide  /Front;;D;2;5;
C5070;Frame Section;8;10;A50U624904;Support  Stay  /2;;D;2;1;
C5070;Frame Section;8;11;A50U107101;Hold  Plate  /Front;;D;1;1;
C5070;Frame Section;8;12;A50U136501;Cover;;D;5;5;
C5070;Frame Section;8;13;A50U314800;Receiving  Sheet;;D;2;5;
C5070;Frame Section;8;14;A50U363900;Collection  Guide;;D;1;1;
C5070;Frame Section;8;15;A50U366601;Regulating  Plate;;D;1;1;
C5070;Frame Section;8;16;A50U368000;Collection  Seal  /2;;D;1;1;
C5070;Frame Section;8;17;A50U624000;Lock  Claw;;D;1;5;
C5070;Frame Section;8;18;AC57133400;Cover;;D;1;5;
C5070;Frame Section;9;1;4038351102;SHOULDER SCREW;;C;2;5;
C5070;Frame Section;9;2;26NA82513;Paper Feed Solenoid;;B;1;1;
C5070;Frame Section;9;3;40AA32320;Toner Supply Spacer;;C;1;10;
C5070;Frame Section;9;4;A1DU111101;Connecting  Plate  /F;;D;2;1;
C5070;Frame Section;9;5;A1DU764000;Spring;;D;2;5;
C5070;Frame Section;9;6;A50U102801;Mounting  Stay  /Middle;;D;1;1;
C5070;Frame Section;9;7;A50U103602;Mounting  Plate  /Rear;;D;1;1;
C5070;Frame Section;9;8;A50U104901;Inner partition;;D;1;1;
C5070;Frame Section;9;9;A50U106800;Mounting  Shaft  /Inside;;D;2;1;
C5070;Frame Section;9;10;A50U108900;Receiving  Part  /1;;D;4;5;
C5070;Frame Section;9;11;AC57133200;Mounting Plate /Upper;;D;1;1;
C5070;Frame Section;9;12;A50U508301;Solenoid Release Spring;;D;1;5;
C5070;Frame Section;9;13;A50U509300;Separating  Cam;;D;1;1;
C5070;Frame Section;9;14;A50U510400;Cover;;D;1;1;
C5070;Frame Section;9;15;A50U731700;Insulating  Seal  /1;;D;1;5;
C5070;Frame Section;9;16;A50U731900;Lifting  Spacer  /1;;D;2;5;
C5070;Frame Section;9;17;A50U737800;Protection  Sheet  /1;;D;1;5;
C5070;Frame Section;9;18;A50U738001;Shutter;;D;1;1;
C5070;Frame Section;9;19;A50U738100;Cushion;;D;3;5;
C5070;Frame Section;9;20;A50U739000;Mounting  Plate;;D;1;1;
C5070;Frame Section;9;21;A50UF50700;Mounting Stay Caulking;;D;1;1;
C5070;Frame Section;9;22;AC57M15300;Cooling Fan;;C;1;1;
C5070;Frame Section;9;23;A5AWM15101;Cooling Fan;;B;3;1;
C5070;Frame Section;9;24;A85CN12800;Fixing   Relay harness   /2;;D;1;1;
C5070;Frame Section;9;25;A9VP735100;Auxiliary  Seal  /A;;D;6;5;
C5070;Frame Section;9;26;A9VP735200;Auxiliary  Seal  /B;;D;6;5;
C5070;Frame Section;9;27;AC57M15000;Cooling  Fan;;C;1;1;
C5070;Frame Section;9;28;A93EM11000;Fan Motor;;C;1;1;
C5070;Frame Section;9;29;AC57N13601;Cooling Relay Harness /3;;D;1;1;
C5070;Frame Section;10;1;25AA10091F;Mainbody Fixing Stopper;;C;4;1;
C5070;Frame Section;10;2;A9VE110100;Castor  /A;;D;3;1;
C5070;Frame Section;10;3;A9VE110200;Castor  /B;;D;1;1;
C5070;Frame Section;10;4;56AA17630;ADJUSTING PART;;C;1;1;
C5070;Frame Section;10;5;56AA17640;ADJUSTING PART 2;;C;1;1;
C5070;Frame Section;10;6;A85C102000;Adjusting  Part;;C;1;1;
C5070;Frame Section;10;7;A50U832201;Guide  Pin  /Right front;;D;1;1;
C5070;Frame Section;10;8;A50U103301;Support  Part  /Middle;;D;1;1;
C5070;Frame Section;10;9;A50U103801;Guide Part /Front;;D;3;1;
C5070;Frame Section;10;10;A50U104401;Positioning  Shaft  /Front;;D;2;1;
C5070;Frame Section;10;11;A50U106300;Lock  Screw;;D;12;1;
C5070;Frame Section;10;12;A50U110000;Positioning  Shaft  /Upper;;D;1;1;
C5070;Frame Section;10;13;A4F3744400;Torque limiter;;C;1;1;
C5070;Frame Section;10;14;A9VE641700;Gear 15T;;C;1;1;
C5070;Frame Section;10;15;A50U624113;Lock  Part;;D;1;1;
C5070;Frame Section;10;16;A50U624300;Reinforce  Plate;;D;1;5;
C5070;Frame Section;10;17;A50U628001;Lock  Claw;;D;1;1;
C5070;Frame Section;10;18;A50U634200;Lock  Part;;D;1;5;
C5070;Frame Section;10;19;A50U640200;Mounting  Plate;;D;1;1;
C5070;Frame Section;10;20;A50U640400;Reinforce  Part;;D;1;1;
C5070;Frame Section;10;21;A9VE641600;Mounting Plate;;D;1;1;
C5070;Frame Section;10;22;AEEH946500;ID Label;;D;1;5;
C5070;Frame Section;11;1;65AA10190;FAN SEALING PART 1;;C;1;1;
C5070;Frame Section;11;2;A50UR70A12;Filter Box;;B;1;1;
C5070;Frame Section;11;3;A5AWM15101;Cooling Fan;;B;1;1;
C5070;Frame Section;11;4;A50U106502;Fusing  Plate;;D;1;1;
C5070;Frame Section;11;5;A50U106600;Fusing  Plate  /B;;D;1;1;
C5070;Frame Section;11;6;A50U106700;Swing  Shaft;;D;3;1;
C5070;Frame Section;11;7;A50U108001;Protection  Plate  /P;;D;1;1;
C5070;Frame Section;11;8;A50U108200;Guide  Part  /Rear;;D;1;1;
C5070;Frame Section;11;9;A50U120900;Mounting  Frame  /2;;D;1;1;
C5070;Frame Section;11;10;A50U121800;Mounting  Frame  /Right Rear;;D;1;1;
C5070;Frame Section;11;11;A50U121901;Fixing Plate /1;;D;1;1;
C5070;Frame Section;11;12;A50U122900;Fusing  Duct  /4;;D;1;1;
C5070;Frame Section;11;13;A50U125000;Fusing  Duct  /2;;D;1;1;
C5070;Frame Section;11;14;A50U125101;Fusing  Duct  /1;;D;1;1;
C5070;Frame Section;11;15;A50U125500;Heat blocking  Plate;;D;1;1;
C5070;Frame Section;11;16;A50U125600;Suction  Duct  /Lower;;D;1;1;
C5070;Frame Section;11;17;A50U125801;Connecting Duct;;D;1;1;
C5070;Frame Section;11;18;A50U126300;Cooling  Seal;;D;1;5;
C5070;Frame Section;11;19;A50U126400;Suction  Seal;;D;1;5;
C5070;Frame Section;11;20;A50U128801;Fusing  Duct  /3;;D;1;1;
C5070;Frame Section;11;21;A50U128900;Fusing  Duct  /5;;D;1;1;
C5070;Frame Section;11;22;A50U129100;Suction  Cover  /Lower;;D;1;1;
C5070;Frame Section;11;23;A50U129300;Fusing  Duct  /6;;D;1;1;
C5070;Frame Section;11;24;A50U129401;Fusing  Duct;;D;1;1;
C5070;Frame Section;11;25;A50U129801;Fusing  Duct  /7;;D;1;1;
C5070;Frame Section;11;26;AC57M15400;Cooling Fan;;C;1;1;
C5070;Frame Section;11;27;AEEH107900;Mounting  Plate  /P;;D;1;1;
C5070;Frame Section;11;28;1154467001;PROTECTION;;C;1;10;
C5070;Frame Section;12;1;A50U104000;Support  Plate  /P;;D;1;1;
C5070;Frame Section;12;2;A50U122701;Suction  Cover  /Upper;;D;1;1;
C5070;Frame Section;12;3;A50U127000;Suction  Duct  /Upper;;D;1;1;
C5070;Frame Section;12;4;AC57314300;Seal  /4;;D;4;1;
C5070;Frame Section;12;5;A50U318500;Positioning  Pin  /Front;;D;4;1;
C5070;Frame Section;12;6;A50U318601;Positioning  Pin  /Rear;;D;4;1;
C5070;Frame Section;12;7;A50UR70H00;PH Protection Glass Assy;;D;4;1;
C5070;Frame Section;12;8;AC57N27000;Polygon Relay Harness /1;;D;1;1;
C5070;Frame Section;13;1;A50UR71W01;Terminal 3 Assy / HV;;C;1;1;
C5070;Frame Section;13;2;A50U104300;Drive  Shaft;;D;5;1;
C5070;Frame Section;13;3;A50U104500;Positioning  Shaft  /Rear;;D;2;1;
C5070;Frame Section;13;4;A50U105000;Lock  Plate;;D;1;1;
C5070;Frame Section;13;5;A50UR71V01;Terminal 2 Assy / HV;;C;4;1;
C5070;Frame Section;13;6;A50U407300;Positioning  Shaft  /Rear;;D;2;1;
C5070;Frame Section;13;7;A50U811300;Guide Holder /Rear;;D;2;1;
C5070;Frame Section;13;8;A50U811500;Guide Holder /1;;D;2;5;
C5070;Frame Section;13;9;AEEH813700;Ground  Plate;;D;2;5;
C5070;Frame Section;13;10;A50U817700;Guide  Pin  /Right rear;;D;2;1;
C5070;Frame Section;13;11;A50UR71U12;Terminal 1 Assy / HV;;C;4;1;
C5070;Operation Panel Section;14;1;A03U190900;Ope. unit Mounting Stay /1;;D;1;1;
C5070;Operation Panel Section;14;2;A03U191400;Support Plate /Upper;;D;1;1;
C5070;Operation Panel Section;14;3;A03U191500;Support Plate /Lower;;D;1;1;
C5070;Operation Panel Section;14;4;A03U191600;Mounting Plate /T;;D;4;1;
C5070;Operation Panel Section;14;5;A03U191700;Rotation Spring /T;;D;4;1;
C5070;Operation Panel Section;14;6;A03U191800;Rotation Spacer /1;;D;8;5;
C5070;Operation Panel Section;14;7;A03U191900;Rotation Spacer /2;;D;4;5;
C5070;Operation Panel Section;14;8;A03U192000;Fixing Part /T;;D;2;5;
C5070;Operation Panel Section;14;9;A03U192100;Fixing Shaft /U;;D;2;1;
C5070;Operation Panel Section;14;10;A03U192200;Rotation Shaft /T;;D;2;1;
C5070;Operation Panel Section;14;11;A03U193400;Operation Cover /E;;C;1;1;
C5070;Operation Panel Section;14;12;A03U193600;Swing Cover /Lower;;C;1;1;
C5070;Operation Panel Section;14;13;A03U193700;Swing Cover /Upper;;C;1;1;
C5070;Operation Panel Section;14;14;AC57N29001;Ope. Unit Control Harness /1;;D;1;1;
C5070;Operation Panel Section;14;15;AC57N29100;Ope. Unit Control Harness /2;;D;1;1;
C5070;Operation Panel Section;14;16;A9VE193300;Operation Cover /C;;D;1;1;
C5070;Operation Panel Section;14;17;A9VE193500;Operation Cover /D;;D;1;1;
C5070;Operation Panel Section;14;18;A9VE193800;Operation Cover /I;;D;1;1;
C5070;Operation Panel Section;14;19;A9VE194000;Operation Cover /F;;D;1;1;
C5070;Operation Panel Section;14;20;A9VE194100;Operation Cover /G;;D;1;1;
C5070;Operation Panel Section;14;21;A9VPR77700;Operation Unit;;I;1;1;KOM251783E0
C5070;Operation Panel Section;15;1;65AA75010E;DRUM SUPPORT BEARING;;D;2;1;
C5070;Operation Panel Section;15;2;A03U190500;Ope. unit Mounting Arm /Lower;;D;1;1;
C5070;Operation Panel Section;15;3;A03U190600;Ope. unit Mounting Arm /Upper;;D;1;1;
C5070;Operation Panel Section;15;4;A03U190700;Support Plate /1;;D;1;1;
C5070;Operation Panel Section;15;5;A03U190802;Support Plate /2;;D;2;1;
C5070;Operation Panel Section;15;6;A03U191100;Support Plate /3;;D;1;1;
C5070;Operation Panel Section;15;7;A03U191201;Support Spring;;C;1;1;
C5070;Operation Panel Section;15;8;A03U191301;Ope. unit Support Pipe;;D;1;1;
C5070;Operation Panel Section;15;9;A03U192300;Stopper Screw /A;;C;1;1;
C5070;Operation Panel Section;15;10;A03U195302;REGULATING PLATE;;D;2;5;
C5070;Operation Panel Section;15;11;A03U195400;Regulating Part;;D;2;5;
C5070;Operation Panel Section;15;12;A03U195500;Rotation Stopper;;D;1;5;
C5070;Operation Panel Section;15;13;A03UF19100;Main Body Attachment Caulking;;D;1;1;
C5070;Operation Panel Section;15;14;A1DU190101;Installing  Plate;;D;1;1;
C5070;Operation Panel Section;15;15;A1DUH11000;Relay Board/U ASSY;;C;1;1;
C5070;Operation Panel Section;15;16;A9VE193100;Operation Cover /Upper;;D;1;1;
C5070;Operation Panel Section;15;17;A9VE193200;Operation Cover /Lower;;D;1;1;
C5070;Operation Panel Section;15;18;A9VE193900;Operation Cover /J;;D;1;1;
C5070;Operation Panel Section;16;1;AC57190301;Operation  Casing  /1;;D;1;1;
C5070;Operation Panel Section;16;2;A0G6192700;Ground Plate /1;;D;2;1;
C5070;Operation Panel Section;16;3;A0G6192900;Ground Plate /2;;D;2;1;
C5070;Operation Panel Section;16;4;A0G6N18400;Ope.Unit Control Harness /3;;D;1;1;
C5070;Operation Panel Section;16;5;A1RFN28300;Ope.unit  Wiring  /1;;D;1;1;
C5070;Operation Panel Section;16;6;A0G6192400;Holding Cushion /Upper;;C;2;5;
C5070;Operation Panel Section;16;7;A0G6192500;Holding Cushion /Right;;C;2;5;
C5070;Operation Panel Section;16;8;A0G6H06000;Operation Board /3 Assy;;C;1;1;
C5070;Operation Panel Section;16;9;A0P0M73100;Speaker;;D;1;1;
C5070;Operation Panel Section;16;10;A4EU190414;Operation Plate;;D;1;1;
C5070;Operation Panel Section;16;11;A9VPM75800;Ope. Unit  LCD;;C;1;1;
C5070;Operation Panel Section;16;12;A9VPN28600;Ope. Unit  Harness  /4;;D;1;1;
C5070;Operation Panel Section;16;13;A9VEM75500;Ope. Unit  Touch Panel;;C;1;1;
C5070;Operation Panel Section;16;14;AC57190102;Operation  Cover  /Front;;D;1;1;
C5070;Operation Panel Section;16;15;AC57190201;Operation  Cover  /Rear;;D;1;1;
C5070;Operation Panel Section;16;16;56UA70330;Ope. Unit Button /S;;C;1;1;
C5070;Operation Panel Section;16;17;A0G6193700;Operation Button /7;;C;1;1;
C5070;Operation Panel Section;16;18;A0G6194000;Operation Button /9;;C;1;1;
C5070;Operation Panel Section;16;19;A4EU194200;Fixing  Holder;;D;1;5;
C5070;Operation Panel Section;16;20;A799H04001;Operation Board /1 ASSY;;I;1;1;
C5070;Operation Panel Section;16;21;AC57194101;Operation  Knob  /1;;D;1;1;
C5070;Operation Panel Section;16;22;AC57193100;Operation  Button  /1;;D;1;1;
C5070;Operation Panel Section;16;23;AC57193200;Operation  Button  /2;;D;1;1;
C5070;Operation Panel Section;16;24;AC57193400;Operation  Button  /4;;D;1;1;
C5070;Operation Panel Section;16;25;AC57193500;Operation  Button  /5;;D;1;5;
C5070;Operation Panel Section;16;26;AC57193600;Indicating  Part  /1;;D;1;1;
C5070;Operation Panel Section;16;27;AC57193800;Operation  Button  /10;;D;2;1;
C5070;Operation Panel Section;16;28;AC57193900;Operation  Button  /8;;D;1;5;
C5070;Scanner Section;17;1;A00J265300;Regulating Plate;;C;1;5;
C5070;Scanner Section;17;2;A161268200;Holding  Plate;;D;1;5;
C5070;Scanner Section;17;3;A161268300;Holding  Plate;;D;1;5;
C5070;Scanner Section;17;4;A161278600;Cover;;D;1;1;
C5070;Scanner Section;17;5;A161278900;Plate spring;;D;2;5;
C5070;Scanner Section;17;6;AA2JN14500;CCD   Cable;;D;1;1;
C5070;Scanner Section;17;7;AA2JR73200;Slit Glass ASSY;;C;1;1;
C5070;Scanner Section;17;8;AA2JR73300;Original Glass ASSY;;C;1;1;
C5070;Scanner Section;17;9;AA7NR72522;CCD Assy;;I;1;1;
C5070;Scanner Section;18;1;4036307501;Tape;;D;1;1;
C5070;Scanner Section;18;2;AA7NH01A01;Scana Drive Board Assy;;C;1;1;
C5070;Scanner Section;18;3;A161261902;Frame;;D;1;1;
C5070;Scanner Section;18;4;A161262002;Frame;;D;1;1;
C5070;Scanner Section;18;5;A161280211;Lever;;D;1;5;
C5070;Scanner Section;18;6;A161280300;Compressing  Coil spring;;C;1;5;
C5070;Scanner Section;18;7;A161281600;Guide;;D;1;1;
C5070;Scanner Section;18;8;A5C1280101;Mounting  Plate;;D;1;5;
C5070;Scanner Section;18;9;A5C1M50100;Photointerrupter;;B;1;1;
C5070;Scanner Section;18;10;A85CN27800;Scanner   Wiring   /1;;D;1;1;
C5070;Scanner Section;19;1;4581162501;SEAL;;C;9;1;
C5070;Scanner Section;19;2;A0ED273600;Pulley;;C;2;5;
C5070;Scanner Section;19;3;A0ED276301;Pulling Spring;;D;1;5;
C5070;Scanner Section;19;4;A161262200;Cover;;D;1;5;
C5070;Scanner Section;19;5;A161263000;Seal;;D;1;5;
C5070;Scanner Section;19;6;A161275300;Pulley;;D;2;5;
C5070;Scanner Section;19;7;A161275400;Shaft;;D;1;1;
C5070;Scanner Section;19;8;A161275500;Pulley 103T;;D;1;5;
C5070;Scanner Section;19;9;A161275600;Timing belt 335L;;D;1;1;
C5070;Scanner Section;19;10;A161276000;Mounting  Plate;;D;1;1;
C5070;Scanner Section;19;11;A161276500;Bearing;;D;2;5;
C5070;Scanner Section;19;12;A161281100;Guide;;D;1;5;
C5070;Scanner Section;19;13;A161281300;Seal;;D;1;5;
C5070;Scanner Section;19;14;A161M50A00;APS  Photoreflector;;C;1;1;
C5070;Scanner Section;19;15;A161N14201;Scanner Wiring  /2;;D;1;1;
C5070;Scanner Section;19;16;A1UDM50200;Lead  Switch;;C;1;1;
C5070;Scanner Section;19;17;A5C1263300;Seal;;C;1;5;
C5070;Scanner Section;19;18;A5C1263400;Seal;;C;1;5;
C5070;Scanner Section;19;19;A5C1M50100;Photointerrupter;;B;1;1;
C5070;Scanner Section;19;20;A5C1N14300;Scanner Wiring;;D;1;1;
C5070;Scanner Section;19;21;A795275700;Pulling  Spring;;D;1;5;
C5070;Scanner Section;19;22;AC57M10A00;Stepping Motor;;C;1;1;
C5070;Scanner Section;20;1;A0ED271200;Mirror;;D;1;1;
C5070;Scanner Section;20;2;A0ED271300;Plate spring;;D;2;5;
C5070;Scanner Section;20;3;A0ED273600;Pulley;;C;4;5;
C5070;Scanner Section;20;4;A0ED274200;Vibrationproof  Plate;;D;1;1;
C5070;Scanner Section;20;5;A0ED274300;Mirror;;D;2;1;
C5070;Scanner Section;20;6;A0ED274400;Plate spring;;D;3;5;
C5070;Scanner Section;20;7;A161270102;Frame;;D;1;1;
C5070;Scanner Section;20;8;A161270600;Guide;;D;1;5;
C5070;Scanner Section;20;9;A161271000;Bushing;;D;6;5;
C5070;Scanner Section;20;10;A161271100;Bushing;;D;2;5;
C5070;Scanner Section;20;11;A161273113;Frame;;D;1;1;
C5070;Scanner Section;20;12;A161273401;Mounting  Plate;;D;2;1;
C5070;Scanner Section;20;13;A161273500;Guide  Part;;D;1;5;
C5070;Scanner Section;20;14;A161273701;Mounting  Plate;;D;1;1;
C5070;Scanner Section;20;15;A161273800;Mounting  Plate;;D;1;1;
C5070;Scanner Section;20;16;A161274500;Plate spring  /1;;D;1;5;
C5070;Scanner Section;20;17;A161274600;Adjusting  Screw;;C;1;5;
C5070;Scanner Section;20;18;A161N14000;Scanner  Wiring  /4;;D;1;1;
C5070;Scanner Section;20;19;A795273900;Vibrationproof  Plate;;D;2;1;
C5070;Scanner Section;20;20;AA7NM31200;Lamp;;I;1;1;
C5070;Write Section;21;1;A50U121501;Cooling Guide /Front;;D;3;1;
C5070;Write Section;21;2;A50U318101;Pressing  Stay  /Color;;D;3;1;
C5070;Write Section;21;3;A50U318201;Pressing  Stay  /Black;;D;1;1;
C5070;Write Section;21;4;A50U318300;Pressing  Spring  /R;;D;8;5;
C5070;Write Section;21;5;A50U318700;Auxiliary  Pad;;D;6;5;
C5070;Write Section;21;6;A50U318900;Pressing  Guide;;D;8;5;
C5070;Write Section;21;7;A50U319301;Connecting  Plate  /1;;D;2;1;
C5070;Write Section;21;8;AC57N26500;LD Harness /1;;D;1;1;
C5070;Write Section;21;9;AEEHR72700;PHUNIT;;I;4;1;
C5070;Charging Section;22;1;AEEHR70500;Charging Pole Unit;;B;4;1;
C5070;Photo Conductor Section;23;1;ACE6333500;Collection  Gear 40T;;C;4;1;
C5070;Photo Conductor Section;23;2;ACE6333601;Cleaning  Gear  /2 30T;;C;4;1;
C5070;Photo Conductor Section;23;3;ACE6333700;Cleaning  Idler 16/29T;;C;4;1;
C5070;Photo Conductor Section;23;4;ACE6334500;Spacer;;D;4;5;
C5070;Photo Conductor Section;23;5;A4F3903700;Stopper  Ring  /1;;D;8;5;
C5070;Developing Section;24;1;AEEHR70711;Developing Unit;;A;4;1;
C5070;Developing Section;25;1;A0TKH00200;PWB Assembly(PWB-TCR ASSY);;I;4;1;
C5070;Developing Section;25;2;A50U372902;Collection Cover;;D;4;5;
C5070;Developing Section;25;3;A50U373100;Compressing  Coil spring /1;;D;4;5;
C5070;Developing Section;25;4;AAK7374101;Scatteringprevention Sheet /Front;;D;4;1;
C5070;Developing Section;25;5;A50U374501;Seal  /J;;D;8;5;
C5070;Developing Section;25;6;AAK7376001;Scatteringprevention Sheet /Rear;;D;4;1;
C5070;Developing Section;25;7;AEEH377200;Auxiliary  Seal;;D;8;5;
C5070;Toner Supply Section;26;1;4470402401;Stopper;;D;1;5;
C5070;Toner Supply Section;26;2;A04HM60100;Micro Switch;;B;1;1;
C5070;Toner Supply Section;26;3;A85CM90411;Gasket /4;;D;1;5;
C5070;Toner Supply Section;26;4;A50UN12101;Toner  Wiring  /1;;D;1;1;
C5070;Toner Supply Section;26;5;A50UM51000;Photointerrupter;;C;1;1;
C5070;Toner Supply Section;26;6;65AA91101E;INTER LOCK WIRING;;D;1;1;
C5070;Toner Supply Section;26;7;A50UF41500;Toner Supply Support Shaft Caulking ASSY;;D;1;1;
C5070;Toner Supply Section;26;8;A50U442100;Switch Plate;;D;1;1;
C5070;Toner Supply Section;26;9;A50U408101;Receiving  Lower tray;;D;1;1;
C5070;Toner Supply Section;26;10;A50U318700;Auxiliary  Pad;;D;2;5;
C5070;Toner Supply Section;26;11;A50U400600;Toner supply  Seal  /Upper;;D;1;5;
C5070;Toner Supply Section;26;12;A50U400900;Toner supply  Frame  /Upper;;D;1;1;
C5070;Toner Supply Section;26;13;A50U401401;Seal  /Rear;;D;1;1;
C5070;Toner Supply Section;26;14;AEEHR72600;Toner Supply Unit ASSY;C;S;1;1;
C5070;Toner Supply Section;26;15;A50UR71600;Toner Bottle Guide Assy;;D;1;1;
C5070;Toner Supply Section;27;1;07BA12352;Magnet Catch;;C;1;1;
C5070;Toner Supply Section;27;2;26NA32870;CARTRIDGE PRESSING SPRING 2;;C;4;1;
C5070;Toner Supply Section;27;3;26TA32970;CARTRIDGE REGULATING SPRING;;C;4;1;
C5070;Toner Supply Section;27;4;26TA32990;COVER PART;;C;4;1;
C5070;Toner Supply Section;27;5;A1RF441500;Pressing  Part  /Front;;D;4;1;
C5070;Toner Supply Section;27;6;A50U408501;Pressing  Handle;;D;4;1;
C5070;Toner Supply Section;27;7;A50U408600;Toner supply Open/close Spring /A;;D;4;5;
C5070;Toner Supply Section;27;8;A50U408700;Support  Shaft;;D;4;5;
C5070;Toner Supply Section;27;9;A50U408900;Support  Part;;D;4;5;
C5070;Toner Supply Section;27;10;A50U410200;Lock  Spring;;D;4;5;
C5070;Toner Supply Section;27;11;A50U440301;Pressing  Pedestal  /Front;;D;4;1;
C5070;Toner Supply Section;27;12;A50U440601;Pressing  Part  /Rear;;D;4;1;
C5070;Toner Supply Section;27;13;A50U944500;Toner supply  Label  /Y;;D;1;1;
C5070;Toner Supply Section;27;14;A50U944600;Toner supply  Label  /M;;D;1;1;
C5070;Toner Supply Section;27;15;A50U944700;Toner supply  Label  /C;;D;1;1;
C5070;Toner Supply Section;27;16;AEEH944800;Toner supply  Label  /K;;D;1;1;
C5070;Toner Supply Section;27;17;A85C409600;Regulating  Plate;;D;4;1;
C5070;Toner Supply Section;27;18;A9VE400200;Guide  Part;C;D;1;1;
C5070;Toner Supply Section;28;1;26NA32660;TONER SUPPLY SHAFT HOLDER;;C;4;1;
C5070;Toner Supply Section;28;2;56AA40490;Shaft Stopper /4;;C;4;1;
C5070;Toner Supply Section;28;3;65AA77390;Toner Supply Gear /B 56T;;C;4;1;
C5070;Toner Supply Section;28;4;A7AHM20501;Clutch;;C;4;1;
C5070;Toner Supply Section;28;5;A50U400503;Toner supply  Coupling;;D;4;1;
C5070;Toner Supply Section;28;6;A50U401200;Holding  Seal  /A;;D;4;5;
C5070;Toner Supply Section;28;7;A50U401301;Connecting  Shaft;;D;4;1;
C5070;Toner Supply Section;28;8;A50U407600;Toner supply Holding Seal /A;;D;4;1;
C5070;Toner Supply Section;28;9;A50U420400;Toner supply  Gear  /4 25T;;C;4;5;
C5070;Toner Supply Section;28;10;A50U420800;Toner supply  Gear  /8 52T;;C;3;1;
C5070;Toner Supply Section;28;11;A50U421000;Toner supply  Gear  /10 45T;;C;4;5;
C5070;Toner Supply Section;28;12;A50UN12203;Toner  Wiring  /2;;D;1;1;
C5070;Toner Supply Section;29;1;466076020;Paper Feed Feeding Bearing;;B;26;10;
C5070;Toner Supply Section;29;2;25BA77171;Toner Supply Gear /2 13/31T;;C;4;1;
C5070;Toner Supply Section;29;3;40AA32320;Toner Supply Spacer;;C;1;10;
C5070;Toner Supply Section;29;4;56AA77330;Screw Gear 15T;;C;8;1;
C5070;Toner Supply Section;29;5;9J07500201;GEAR 17T;;C;4;5;
C5070;Toner Supply Section;29;6;A7PUM11100;brushless Motor /30;;C;1;1;
C5070;Toner Supply Section;29;7;AEEH404000;Drive  Shaft  /A;;D;4;1;
C5070;Toner Supply Section;29;8;A50U404200;Drive  Shaft  /C;;D;4;1;
C5070;Toner Supply Section;29;9;A50U404600;Drive  Shaft  /B;;D;4;1;
C5070;Toner Supply Section;29;10;A50U406400;Drive  Shaft  /D;;D;1;1;
C5070;Toner Supply Section;29;11;A50U420300;Toner supply  Gear  /3 25/65T;;C;1;1;
C5070;Toner Supply Section;29;12;A50U420900;Toner supply  Gear  /9 35T;;C;2;1;
C5070;Toner Supply Section;29;13;A50U421000;Toner supply  Gear  /10 45T;;C;4;5;
C5070;Toner Supply Section;30;1;40AA88031;Level Detection Sensor;;C;4;1;
C5070;Toner Supply Section;30;2;A9VER71700;Toner Conveyance Assy;;D;4;1;
C5070;Toner Supply Section;30;3;A00JM12100;Stepping motor;;C;4;1;
C5070;Toner Supply Section;30;4;65AA78040;AGITATING GEAR A 18T;;C;4;1;
C5070;Toner Supply Section;30;5;A4EU538400;Release  Gear  /4 15T;;C;8;5;
C5070;Toner Collection Section;31;1;26NA17580;Agitating Coupling /B;;C;1;1;
C5070;Toner Collection Section;31;2;40AA32320;Toner Supply Spacer;;C;1;10;
C5070;Toner Collection Section;31;3;50GA250100;SPACER;;C;1;5;
C5070;Toner Collection Section;31;4;A1RG569900;Suction Gear /2 21T;;C;1;5;
C5070;Toner Collection Section;31;5;A50U361900;Collection Gear /2 14T;;C;1;1;
C5070;Toner Collection Section;31;6;A50U362300;Insulating  Cover;;D;1;1;
C5070;Toner Collection Section;31;7;A50U363300;Open/close  Spring;;D;2;5;
C5070;Toner Collection Section;31;8;A50U365400;Collection  Gear 19T;;C;1;1;
C5070;Toner Collection Section;31;9;A50UF36500;Toner Collection Gate ASSY;;D;1;1;
C5070;Toner Collection Section;31;10;AC57R74500;Collection Pipe Assy;;S;1;1;
C5070;Toner Collection Section;31;11;A9VER71800;Toner Collection Conveyance Assy;;S;1;1;
C5070;Toner Collection Section;31;12;AC57R74600;Collection Pipe / 1 Assy;;D;1;1;
C5070;Toner Collection Section;31;13;A9VP368401;Seal;;D;1;1;
C5070;Toner Collection Section;32;1;4004457301;Stopper;;D;1;5;
C5070;Toner Collection Section;32;2;4470402401;Stopper;;D;1;5;
C5070;Toner Collection Section;32;3;9335140051;Solid State Switch;;B;1;1;
C5070;Toner Collection Section;32;4;55VA47840;Belt Hold Part /3;;D;1;1;
C5070;Toner Collection Section;32;5;56AA12270;EXTERNAL LOCKING PART;;C;1;1;
C5070;Toner Collection Section;32;6;A1RF363500;Control  Spring;;C;1;5;
C5070;Toner Collection Section;32;7;A1RF363801;Detecting  Part  /2;;D;1;1;
C5070;Toner Collection Section;32;8;A50U363200;Collection  Shaft;;D;1;5;
C5070;Toner Collection Section;32;9;A50U363400;Protection  Cover  /Lower;;D;1;1;
C5070;Toner Collection Section;32;10;A50U363701;Cover  Outside;;D;1;1;
C5070;Toner Collection Section;32;11;A50U366800;Cover  /2;;D;1;1;
C5070;Toner Collection Section;32;12;A50U367100;Card;;D;1;5;
C5070;Toner Collection Section;32;13;A50U367400;Cover;;D;1;1;
C5070;Toner Collection Section;32;14;A50U368400;Cover;;D;1;1;
C5070;Toner Collection Section;32;15;A50U369900;Cover  /Front;;D;1;1;
C5070;Toner Collection Section;32;16;A50UM51000;Photointerrupter;;C;1;1;
C5070;Toner Collection Section;32;17;A50UN11801;Detection  Relay harness  /3;;D;1;1;
C5070;Toner Collection Section;32;18;A50UN12000;Detection  Relay harness  /1;;D;1;1;
C5070;Toner Collection Section;32;19;A50UR70115;Waste Toner Box;B,G2,C;A;1;1;
C5070;Toner Collection Section;33;1;466076020;Paper Feed Feeding Bearing;;B;2;10;
C5070;Toner Collection Section;33;2;AC57363000;Collection Gear/4  29T;;C;1;1;
C5070;Toner Collection Section;33;3;A1RF372300;Agitating  Coupling  /1;;D;1;1;
C5070;Toner Collection Section;33;4;A1RG569900;Suction Gear /2 21T;;C;1;5;
C5070;Toner Collection Section;33;5;A50U360700;Collection  Gear  /1 75/23T;;C;2;1;
C5070;Toner Collection Section;33;6;A50U361200;Collection  Gear  /3 32/22T;;C;1;1;
C5070;Toner Collection Section;33;7;A50U361401;Collection  Gear  /2 29/25T;;C;1;1;
C5070;Toner Collection Section;33;8;A7PUM11000;brushless   Motor   /20;;C;1;1;
C5070;Toner Collection Section;33;9;AC57R70700;Toner Collection Drive ASSY;;S;1;1;
C5070;Toner Collection Section;33;10;AC57R74700;Collection Drive Assy;;S;1;1;
C5070;Toner Collection Section;34;1;4038254001;GEAR 37T;;C;1;5;
C5070;Toner Collection Section;34;2;466076020;Paper Feed Feeding Bearing;;B;1;10;
C5070;Toner Collection Section;34;3;13QA40610;Gear Spacer;;C;3;1;
C5070;Toner Collection Section;34;4;A7PUM11000;brushless   Motor   /20;;C;1;1;
C5070;Toner Collection Section;34;5;55GA77050;Conveyance Drive Gear /2 35T;;B;1;10;
C5070;Toner Collection Section;34;6;56UA77280;ADU Conveyance Gear 17T;;C;1;1;
C5070;Toner Collection Section;34;7;56UA77710;Toner Supply Drive Gear /B 16/40T;;C;1;1;
C5070;Toner Collection Section;34;8;65AA77410;Toner Supply Gear /D 31T;;C;1;1;
C5070;Toner Collection Section;34;9;A1RF368500;Collection Gear 14/43T;;C;1;1;
C5070;Toner Collection Section;34;10;A50U367001;Collection  Coupling;;D;1;1;
C5070;Toner Collection Section;34;11;A50U365800;Collection  Gear  /1 62/28T;;C;1;1;
C5070;Toner Collection Section;34;12;A1UD210500;Gear 28T;;C;1;5;
C5070;Toner Collection Section;34;13;A50U365600;Collection  Spring;;D;1;5;
C5070;Toner Collection Section;34;14;A50U362200;Gear  /1 34/14T;;C;2;1;
C5070;Intermediate Transfer Section;35;1;AC57R75144;Transfer Belt Cleaning Unit;;A;1;1;
C5070;Intermediate Transfer Section;35;2;A50UR71P22;Separating Claw Unit;;I;1;1;
C5070;Intermediate Transfer Section;35;3;AC57R74933;Middle Transfer Assy;;I;1;1;
C5070;Intermediate Transfer Section;35;4;AC57R75011;Drive Plate Assy;;C;1;1;
C5070;Intermediate Transfer Section;35;5;07BA15871;Spacer /A;;C;2;10;
C5070;Intermediate Transfer Section;35;6;65AA26600;Slide Spring;;C;1;1;
C5070;Intermediate Transfer Section;35;7;A1DUR71900;Separation Claw Assy;;B;3;1;
C5070;Intermediate Transfer Section;35;8;A50U503200;Bushing;;D;2;1;
C5070;Intermediate Transfer Section;35;9;A50U506900;Release Plate;;D;1;1;
C5070;Intermediate Transfer Section;36;1;4470402401;Stopper;;D;2;5;
C5070;Intermediate Transfer Section;36;2;40AA32320;Toner Supply Spacer;;C;4;10;
C5070;Intermediate Transfer Section;36;3;65AA11300;Support Part;;D;1;1;
C5070;Intermediate Transfer Section;36;4;A0P0M50400;Humidity sensor;;C;1;1;
C5070;Intermediate Transfer Section;36;5;A03U515100;Insulating Sheet;;D;1;5;
C5070;Intermediate Transfer Section;36;6;A50U500800;Hold  Part;;D;2;5;
C5070;Intermediate Transfer Section;36;7;A50U503600;Stopper  Plate;;D;2;1;
C5070;Intermediate Transfer Section;36;8;A50U503700;Spring;;D;2;5;
C5070;Intermediate Transfer Section;36;9;A50U505202;Plate;;D;1;5;
C5070;Intermediate Transfer Section;36;10;A50U506200;Stopper  Plate;;D;2;5;
C5070;Intermediate Transfer Section;36;11;A50U506300;Transfer  Bushing /Rear;;D;2;1;
C5070;Intermediate Transfer Section;36;12;A50U508600;Transfer Support Plate;;D;2;5;
C5070;Intermediate Transfer Section;36;13;A50U508800;Transfer  Bushing /Front;;D;2;1;
C5070;Intermediate Transfer Section;36;14;A85CM55600;Photo   Sensor;;I;2;1;
C5070;Intermediate Transfer Section;36;15;A9VP513600;Protection  Sheet  /2;;D;2;1;
C5070;Intermediate Transfer Section;36;16;A9VP517800;Protection  Sheet  /3;;D;1;1;
C5070;Intermediate Transfer Section;36;17;A9VP517900;Guide  Cover;;D;1;1;
C5070;Intermediate Transfer Section;37;1;12QV40650;Spacer;;B;4;1;
C5070;Intermediate Transfer Section;37;2;55VA42120;Shaft Stopper;;C;3;1;
C5070;Intermediate Transfer Section;37;3;56AA17321;PIN A D2X12;;B;1;1;
C5070;Intermediate Transfer Section;37;4;65AA26870;REGULATING COLLAR;;C;2;1;
C5070;Intermediate Transfer Section;37;5;A50UR72100;Insulating Holder / Rear Assy;;D;1;1;
C5070;Intermediate Transfer Section;37;6;A00J617900;Ball Bearing;;B;2;1;
C5070;Intermediate Transfer Section;37;7;A00V240600;Ball Bearing;;B;2;1;
C5070;Intermediate Transfer Section;37;8;A03U512300;Fixing  Screw;;C;4;1;
C5070;Intermediate Transfer Section;37;9;AC57M10300;DC   Brushless Motor  /25;;C;1;1;
C5070;Intermediate Transfer Section;37;10;A1DUR73500;Power Supply Block  / A Assy;;D;3;1;
C5070;Intermediate Transfer Section;37;11;A9VE500200;Transfer Belt / C;;A;1;1;
C5070;Intermediate Transfer Section;37;12;A1RF517300;bearing;;C;2;1;
C5070;Intermediate Transfer Section;37;13;A50U500401;2nd Transfer Roller/Up;;A;1;1;
C5070;Intermediate Transfer Section;37;14;A50U502500;Transfer Release Cam /C;;D;1;1;
C5070;Intermediate Transfer Section;37;15;A50U502600;Transfer Release Cam /C;;D;1;1;
C5070;Intermediate Transfer Section;37;16;AC57503900;Drive Plate;;D;1;1;
C5070;Intermediate Transfer Section;37;17;AC57504000;Cover;;D;1;1;
C5070;Intermediate Transfer Section;37;18;A50U504400;Pressure  Gear  /M 18T;;C;1;1;
C5070;Intermediate Transfer Section;37;19;A50U504500;Compressing  Gear  /1 35/18T;;C;1;1;
C5070;Intermediate Transfer Section;37;20;A50U504600;Pressure  Gear  /2 43/18T;;C;1;1;
C5070;Intermediate Transfer Section;37;21;A50U504700;Pressure  Gear  /3 56/18T;;C;1;1;
C5070;Intermediate Transfer Section;37;22;A50U505000;Pressure  Gear  /4 44T;;C;1;1;
C5070;Intermediate Transfer Section;37;23;A50U505100;Pressure  Shaft;;D;1;1;
C5070;Intermediate Transfer Section;37;24;A50U505300;Light blocking  Plate;;D;1;1;
C5070;Intermediate Transfer Section;37;25;A50U505901;Insulating  Holder  /Front;;D;1;1;
C5070;Intermediate Transfer Section;37;26;A50U506101;Positioning  Shaft  /Upper;;D;1;1;
C5070;Intermediate Transfer Section;37;27;A50U506701;Idler  Roller;;C;1;1;
C5070;Intermediate Transfer Section;37;28;A50U507000;Positioning  Shaft  /Lower;;D;1;1;
C5070;Intermediate Transfer Section;37;29;A50U509100;Lifting  Collar  /8;;D;1;5;
C5070;Intermediate Transfer Section;37;30;A50U517301;Control Plate;;D;1;1;
C5070;Intermediate Transfer Section;37;31;A50UN24501;HV  Relay harness  /1;;D;1;1;
C5070;Intermediate Transfer Section;37;32;A50UN24701;HV  Relay harness  /2;;D;1;1;
C5070;Intermediate Transfer Section;37;33;A50UN24901;HV  Relay harness  /3;;D;1;1;
C5070;Intermediate Transfer Section;38;1;07BA15871;Spacer /A;;C;4;10;
C5070;Intermediate Transfer Section;38;2;40AA32320;Toner Supply Spacer;;C;4;10;
C5070;Intermediate Transfer Section;38;3;65AA26380;Transfer Powering Bushing;;B;6;1;
C5070;Intermediate Transfer Section;38;4;A50U509701;Slide Plate /Rear;;D;1;1;
C5070;Intermediate Transfer Section;38;5;65AA26690D;Transfer Powering Plate /K;;D;1;5;
C5070;Intermediate Transfer Section;38;6;65AA26900D;High voltage Powering Block /C;;D;3;1;
C5070;Intermediate Transfer Section;38;7;A00J617800;Ball Bearing;;A;4;1;
C5070;Intermediate Transfer Section;38;8;A50U500601;Slide Plate /Front;;D;1;1;
C5070;Intermediate Transfer Section;38;9;A50U501201;1st Transfer Roller;;A;4;1;
C5070;Intermediate Transfer Section;38;10;A50U501900;Transfer Pressure Roller /K;;C;1;1;
C5070;Intermediate Transfer Section;38;11;A9VP513400;Stopper;;D;2;1;
C5070;Intermediate Transfer Section;38;12;A9VP505400;Transfer Pressure Roller /Y;;C;1;1;
C5070;Intermediate Transfer Section;38;13;A50U505500;Release Arm;;D;2;5;
C5070;Intermediate Transfer Section;38;14;A50U505601;Power supply  Block  /D;;D;1;1;
C5070;Intermediate Transfer Section;38;15;A50U505700;Transfer Roller Bearing /K;;B;2;1;
C5070;Intermediate Transfer Section;38;16;A50U505800;High voltage Powering Block /B;;D;1;1;
C5070;Intermediate Transfer Section;38;17;AC57N13700;Transfer  Detection Harness  /4;;D;1;1;
C5070;Intermediate Transfer Section;38;18;A50U507600;Transfer Powering Plate /L;;D;1;5;
C5070;Intermediate Transfer Section;38;19;A50U507801;Pressure  Spring  /C;;D;6;5;
C5070;Intermediate Transfer Section;38;20;A50U507900;Pressure  Spring  /Black;;D;2;5;
C5070;Intermediate Transfer Section;38;21;A50U508001;Pressing Spring /Front;;D;1;5;
C5070;Intermediate Transfer Section;38;22;A50U508102;Pressing Spring /Rear;;D;1;5;
C5070;Intermediate Transfer Section;38;23;A50U510100;High voltage Powering Block /C;;D;3;1;
C5070;Intermediate Transfer Section;38;24;A50U510200;Transfer Powering Plate /Front;;D;3;5;
C5070;Intermediate Transfer Section;38;25;A50UN13203;Transfer  Drive harness  /1;;D;1;1;
C5070;Intermediate Transfer Section;39;1;A1RF508000;Tension  Pulley;;D;2;1;
C5070;Intermediate Transfer Section;39;2;A1RF508100;Pulling  Wire;;D;2;1;
C5070;Intermediate Transfer Section;39;3;A1RF508200;Tension  Shaft;;D;2;1;
C5070;Intermediate Transfer Section;39;4;55VA15190;Fixing Drive Pin;;B;1;1;
C5070;Intermediate Transfer Section;39;5;A50U501401;Drive Gear 108T;;C;1;1;
C5070;Intermediate Transfer Section;39;6;A50U501702;Tension  Spring;;D;1;1;
C5070;Intermediate Transfer Section;39;7;A9VP502101;Auxiliary  Roller  /C;;C;4;1;
C5070;Intermediate Transfer Section;39;8;A50U502700;Handle  /Rear;;D;1;5;
C5070;Intermediate Transfer Section;39;9;A50U502900;Handle;;D;1;1;
C5070;Intermediate Transfer Section;39;10;A50U503001;Mounting  Plate;;D;1;1;
C5070;Intermediate Transfer Section;39;11;A50U503500;Bushing;;D;8;1;
C5070;Intermediate Transfer Section;39;12;A50UR73J00;Cleaning Sheet Assy;;D;1;1;
C5070;Intermediate Transfer Section;39;13;AC57R75500;Drive Roller Assy;;C;1;1;
C5070;Intermediate Transfer Section;39;14;40AA32320;Toner Supply Spacer;;C;2;10;
C5070;Intermediate Transfer Section;39;15;A00J617800;Ball Bearing;;A;2;1;
C5070;Intermediate Transfer Section;39;16;A9VP518000;Auxiliary Roller /1;;C;1;1;
C5070;Intermediate Transfer Section;40;1;40AA32320;Toner Supply Spacer;;C;10;10;
C5070;Intermediate Transfer Section;40;2;65AA20060;COLLECTING COVER;;C;1;1;
C5070;Intermediate Transfer Section;40;3;65AA20300;TONER COLLECTING SPRING;;C;1;1;
C5070;Intermediate Transfer Section;40;4;A9CE716000;Ball bearing /S;;C;9;1;
C5070;Intermediate Transfer Section;40;5;A9VP534900;Lower Side Seal/Fr;;A;1;1;
C5070;Intermediate Transfer Section;40;6;A9VP535000;Lower Side Seal/Rr;;A;1;1;
C5070;Intermediate Transfer Section;40;7;A9VP535300;Seal;;A;1;1;
C5070;Intermediate Transfer Section;40;8;A9VP535400;Seal;;A;1;1;
C5070;Intermediate Transfer Section;40;9;A9VP545100;Gear  /1  22T;;C;1;1;
C5070;Intermediate Transfer Section;40;10;A9VP545200;Mounting  Plate;;D;1;1;
C5070;Intermediate Transfer Section;40;11;A9VP545302;Collection  Pipe  /Upper;;D;1;1;
C5070;Intermediate Transfer Section;40;12;A9VP545400;Gear  /2  35T;;C;1;1;
C5070;Intermediate Transfer Section;40;13;A9VP545500;Drive  Shaft  /1;;D;1;1;
C5070;Intermediate Transfer Section;40;14;A9VP545600;Drive  Shaft  /6;;D;1;1;
C5070;Intermediate Transfer Section;40;15;A9VP545700;Gear  /3  40T;;C;1;1;
C5070;Intermediate Transfer Section;40;16;A9VP545800;Gear  /4  33T;;C;1;1;
C5070;Intermediate Transfer Section;40;17;A9VP545900;Gear  /5  25T;;C;1;1;
C5070;Intermediate Transfer Section;40;18;A9VP546000;Gear  /7  35T;;C;1;1;
C5070;Intermediate Transfer Section;40;19;A9VP546100;Collection  Pipe  /Lower;;D;1;1;
C5070;Intermediate Transfer Section;40;20;A9VP546200;Gear  /6  31T;;C;1;1;
C5070;Intermediate Transfer Section;40;21;A9VP546300;Collection  Seal  /1;;D;1;1;
C5070;Intermediate Transfer Section;40;22;A9VP546400;Gear  /1  19T;;C;1;1;
C5070;Intermediate Transfer Section;40;23;A9VP546500;Gear  /2  22T;;C;2;1;
C5070;Intermediate Transfer Section;40;24;A9VP546600;Drive  Shaft  /4;;D;1;1;
C5070;Intermediate Transfer Section;40;25;A9VP546700;Cleaning  Seal  /2;;D;1;5;
C5070;Intermediate Transfer Section;40;26;A9VP546800;Positioning  Lever;;D;1;1;
C5070;Intermediate Transfer Section;40;27;A9VP546900;Positioning  Lever  /1;;D;1;5;
C5070;Intermediate Transfer Section;40;28;A9VP547100;Gear  /8  32T;;C;1;1;
C5070;Intermediate Transfer Section;40;29;A9VP547900;Rotation  Roll;;D;1;1;
C5070;Intermediate Transfer Section;41;1;56AA20940D;Toner Dust-proof Seal /D;;D;2;5;
C5070;Intermediate Transfer Section;41;2;56AA40490;Shaft Stopper /4;;C;3;1;
C5070;Intermediate Transfer Section;41;3;AC57533400;Blade Fulcrum Shaft;;D;1;1;
C5070;Intermediate Transfer Section;41;4;A1DUR71C11;Sheet /1 Assy;;A;1;1;
C5070;Intermediate Transfer Section;41;5;A1DUR71D00;Sheet /2 Assy;;C;1;1;
C5070;Intermediate Transfer Section;41;6;A9VP536600;Pressing  Plate;;D;1;1;
C5070;Intermediate Transfer Section;41;7;A9VP536700;Holding  Plate;;D;1;1;
C5070;Intermediate Transfer Section;41;8;A9VP540100;Collection Scraper/C;;A;1;1;
C5070;Intermediate Transfer Section;41;9;A9VP543600;Pulling  Coil spring /C;;D;2;5;
C5070;Intermediate Transfer Section;41;10;A9VP543700;Transfer  Spring  /C;;D;2;5;
C5070;Intermediate Transfer Section;41;11;AC57946500;ID Label;;D;1;5;
C5070;Intermediate Transfer Section;41;12;A9VPR71600;Belt Cleaning Blade /C;;A;1;1;
C5070;Intermediate Transfer Section;41;13;A9VPR73800;Positioning Plate Assy /C;;A;1;1;
C5070;Intermediate Transfer Section;41;14;A9VP544001;Holding  Part  /1;;D;2;1;
C5070;Intermediate Transfer Section;41;15;AC57533200;Spacer;;D;1;1;
C5070;Intermediate Transfer Section;41;16;AC57533300;Regulating  Seal;;D;1;5;
C5070;Secondary Transfer Section;42;1;A50U529100;Transfer  Roller;;A;1;1;
C5070;Secondary Transfer Section;42;2;A50U525900;Entrance  Sheet;;D;1;5;
C5070;Secondary Transfer Section;42;3;A50U716500;Ball Bearing;;C;2;1;
C5070;Secondary Transfer Section;42;4;A50U945601;Operation  Label;;D;2;1;
C5070;Secondary Transfer Section;42;5;AEEHR70200;2nd Transfer Unit;;I;1;1;
C5070;Secondary Transfer Section;42;6;AEEHR70300;Separating Neutralizing Plate ASSY;;B;1;1;
C5070;Secondary Transfer Section;42;7;A50UR71Q00;Transfer Guide / Upper Assy;;D;1;1;
C5070;Secondary Transfer Section;42;8;A50UR71R11;Transfer Side Plate / Front Assy;;D;1;1;
C5070;Secondary Transfer Section;42;9;A50UR71S11;Transfer Side Plate / Rear Assy;;D;1;1;
C5070;Secondary Transfer Section;42;10;A50UR70G01;2nd Transfer Earth Plate Assy;;B;2;1;
C5070;Color Resist Section;43;1;40AA32320;Toner Supply Spacer;;C;3;10;
C5070;Color Resist Section;43;2;A1DUR71600;Solenoid Assy;;C;1;1;
C5070;Color Resist Section;43;3;A50U516800;Spring;;D;1;5;
C5070;Color Resist Section;43;4;A50U516900;Scatteringprevention  Pad;;D;2;1;
C5070;Color Resist Section;43;5;A9VP515200;Mounting  Plate;;D;2;1;
C5070;Color Resist Section;43;6;A9VP515300;Mounting  Plate;;D;1;1;
C5070;Color Resist Section;43;7;A9VP515400;Lever;;D;1;1;
C5070;Color Resist Section;43;8;A9VP515500;Open/close  Shutter  /ASSY;;D;1;1;
C5070;Color Resist Section;43;9;A9VP515600;Bushing;;D;2;1;
C5070;Color Resist Section;43;10;A9VP515900;Positioning  Plate;;D;1;1;
C5070;Color Resist Section;43;11;A9VP517000;Pressing  Spring  /Rear;;D;2;1;
C5070;Color Resist Section;43;12;A9VPR71900;Color Registration Unit;;S;1;1;
C5070;Color Resist Section;43;13;A9VPN20000;Sensor  Harness  /1;;D;1;1;
C5070;Color Resist Section;43;14;AC57M50200;Photo Sensing Element;;I;2;1;
C5070;Color Resist Section;43;15;A9VP516401;Hinge;;D;1;1;
C5070;Color Resist Section;43;16;A9VP516500;Fixing  Plate;;D;1;1;
C5070;Color Resist Section;43;17;A9VP516600;Shaft  /1;;D;1;1;
C5070;Color Resist Section;43;18;A9VP516700;Shaft  /2;;D;1;1;
C5070;Color Resist Section;43;19;A9VP516800;Pulling  Spring;;D;1;5;
C5070;Color Resist Section;43;20;A9VP516901;Mounting  Plate;;D;1;1;
C5070;Fusing Section;44;1;20AL48470G;Jam Release Knob;;C;1;1;
C5070;Fusing Section;44;2;56AA42690;By-Pass Spacer;;C;4;1;
C5070;Fusing Section;44;3;A00V240600;Ball Bearing;;B;3;1;
C5070;Fusing Section;44;4;AC57M10300;DC   Brushless Motor  /25;;C;1;1;
C5070;Fusing Section;44;5;AC57736201;Positioning Shaft /11;;D;2;1;
C5070;Fusing Section;44;6;A1RF758100;Pin  /B;;D;1;1;
C5070;Fusing Section;44;7;A1RF809400;Pressure Gear /1 22T;;C;1;1;
C5070;Fusing Section;44;8;A4EU265000;Ball bearing;;B;1;1;
C5070;Fusing Section;44;9;A50U742901;Pressure  Gear  /2 90T;;C;1;1;
C5070;Fusing Section;44;10;A50U743100;Pressure  Gear  /4 23/110T;;C;1;1;
C5070;Fusing Section;44;11;A50U743200;Pressure  Gear  /5 87T;;C;1;1;
C5070;Fusing Section;44;12;A50U745600;Fixing  Plate  /1;;D;1;1;
C5070;Fusing Section;44;13;A50U745700;Processing  Shaft  /A;;D;1;1;
C5070;Fusing Section;44;14;AC57749002;Fusing Cover /A;;D;1;1;
C5070;Fusing Section;44;15;A50U751101;Spacer  /1;;D;1;5;
C5070;Fusing Section;44;16;A50U751200;Positioning  Plate  /A;;D;1;5;
C5070;Fusing Section;44;17;A50U751301;Spacer  /2;;D;1;1;
C5070;Fusing Section;44;18;A50U752600;Processing  Shaft;;D;1;1;
C5070;Fusing Section;44;19;A50U755900;Spacer  /3;;D;1;5;
C5070;Fusing Section;44;20;A50U756002;Auxiliary  Side plate;;D;1;1;
C5070;Fusing Section;44;21;A50U756500;Part  /1;;D;2;1;
C5070;Fusing Section;44;22;A50U757000;Connecting  Gear  /A 41/22T;;C;1;1;
C5070;Fusing Section;44;23;A50U757100;Idling  Gear  /A 22T;;C;1;1;
C5070;Fusing Section;44;24;A50U943503;Release Label /5;;D;1;5;
C5070;Fusing Section;44;25;A50U949600;Replacement  Label;;D;1;5;
C5070;Fusing Section;44;26;A50UN10903;Fixing   Wiring   /5;;D;1;1;
C5070;Fusing Section;44;27;A9VE742500;Pressure  Shaft  /B;;D;1;1;
C5070;Fusing Section;44;28;A9VP742800;Pressure  Gear  /1;;C;1;1;
C5070;Fusing Section;44;29;A9VE743000;Pressure Gear /3 23/85T;;C;1;1;
C5070;Fusing Section;44;30;AEEH745300;Fixing  Plate  /5;;D;1;1;
C5070;Fusing Section;44;31;AEEHR72F00;Fusing Unit (EU);C;I;1;1;
C5070;Fusing Section;45;1;07BA12352;Magnet Catch;;C;4;1;
C5070;Fusing Section;45;2;4470402401;Stopper;;D;3;5;
C5070;Fusing Section;45;3;56AA42690;By-Pass Spacer;;C;5;1;
C5070;Fusing Section;45;4;AC57768600;Guide Collar;;D;1;5;
C5070;Fusing Section;45;5;A00V240600;Ball Bearing;;B;2;1;
C5070;Fusing Section;45;6;A9VE744300;Drive  Shaft  /2;;D;1;1;
C5070;Fusing Section;45;7;A9VE743800;Drive Gear /4 74T;;C;1;1;
C5070;Fusing Section;45;8;A9VE742400;Pin  /4;;D;1;1;
C5070;Fusing Section;45;9;A85CM55600;Photo   Sensor;;I;3;1;
C5070;Fusing Section;45;10;A50U732100;Protection  Seal  /1;;D;1;1;
C5070;Fusing Section;45;11;A50U743302;Drive  Plate  /4;;D;1;1;
C5070;Fusing Section;45;12;A50U743600;Drive  Gear  /2 33/58T;;C;1;1;
C5070;Fusing Section;45;13;A50U743700;Drive  Gear  /3 36/74T;;C;1;1;
C5070;Fusing Section;45;14;A50U743900;Drive  Gear  /5 26T;;C;1;1;
C5070;Fusing Section;45;15;AC57744600;Sensor Plate;;D;1;1;
C5070;Fusing Section;45;16;A50U754700;Fusing  Gear  /6 16T;;C;1;1;
C5070;Fusing Section;45;17;A50U749300;Mounting  Plate  /2;;D;1;1;
C5070;Fusing Section;45;18;A50U749200;Mounting  Plate  /1;;D;1;1;
C5070;Fusing Section;45;19;A50U748506;Fusing  Cover  /Rear;;D;1;1;
C5070;Fusing Section;45;20;A9VPM10500;Brushless Motor;;C;1;1;
C5070;Fusing Section;46;1;A85C789200;Hold  Part  /A;;D;2;1;
C5070;Fusing Section;46;2;A85C789300;Insulating  Sheet  /F;;D;2;5;
C5070;Fusing Section;46;3;A03U723301;Open/close Lever;;C;1;1;
C5070;Fusing Section;46;4;A50U763900;Paper exit Open/shut Spring /A;;D;1;1;
C5070;Fusing Section;46;5;AC57754900;Support Shaft /Front;;D;1;1;
C5070;Fusing Section;46;6;AC57746700;Support Shaft /Rear;;D;1;1;
C5070;Fusing Section;46;7;55VA20520;Cleaner Locking Screw;;C;2;1;
C5070;Fusing Section;46;8;A9VP762100;Support  Shaft  /11;;D;2;1;
C5070;Fusing Section;46;9;A9VP764700;Holding  Spring  /4;;D;1;5;
C5070;Fusing Section;46;10;AEEH748700;Paper exit  Actuator;;D;1;1;
C5070;Fusing Section;46;11;AEEH758800;Holding  Spring  /2;;D;1;1;
C5070;Fusing Section;46;12;A50U943702;Release Label /7;;D;2;5;
C5070;Fusing Section;46;13;AEEH764301;Paper exit  Actuator  /2;;D;1;1;
C5070;Fusing Section;46;14;AEEHR70400;Fusing Separating Claw Assy;;B;5;1;
C5070;Fusing Section;46;15;AEEH760801;Support  Plate;;D;1;1;
C5070;Fusing Section;46;16;AEEHR71300;Fusing Paper Exit Door Duct Assy;;D;1;1;
C5070;Fusing Section;46;17;65AA53991;Fixing Papaer Exit Lever;;C;1;1;
C5070;Fusing Section;46;18;A50U763800;Paper exit Open/shut Spring /B;;D;1;1;
C5070;Fusing Section;46;19;AEEHR73000;Fusing Separating Plate / B Assy;;C;1;1;
C5070;Fusing Section;47;1;A9VP762200;Protection  Film;;D;1;1;
C5070;Fusing Section;47;2;A9VP760400;Insulating  Sheet  /11;;D;1;1;
C5070;Fusing Section;47;3;A9VP764500;Guide  Sheet  /A;;D;1;1;
C5070;Fusing Section;47;4;A9VP765200;Fusing Paper Exit Roller/Up;;A;1;1;
C5070;Fusing Section;47;5;A9VP759701;Support  Shaft  /1;;D;1;1;
C5070;Fusing Section;47;6;A4EU252000;Drive  Ball bearing /6;;B;2;1;
C5070;Fusing Section;47;7;A9VP759800;Paper exit  Spring;;D;2;5;
C5070;Fusing Section;47;8;A9VP762600;Positioning  Plate  /Rear;;D;1;1;
C5070;Fusing Section;47;9;A9VP762500;Positioning  Plate  /Front;;D;1;1;
C5070;Fusing Section;47;10;A9VP727500;Guide  Seal  /A;;D;3;1;
C5070;Fusing Section;47;11;A9VP727600;Guide  Seal  /B;;D;3;5;
C5070;Fusing Section;47;12;A9VP727700;Guide  Seal  /C;;D;6;5;
C5070;Fusing Section;47;13;A9VP757800;Guide  Plate  /E;;D;1;1;
C5070;Fusing Section;47;14;AEEH758001;Separating  Cell  /11;;D;3;1;
C5070;Fusing Section;47;15;AEEH765300;Insulating  Sheet  /12;;D;1;1;
C5070;Fusing Section;47;16;AEEH768900;Separating  Duct  /11;;D;1;1;
C5070;Fusing Section;47;17;AEEH769300;Reflecting  Plate  /3;;D;1;1;
C5070;Fusing Section;48;1;A9VP761000;Fusing Paper Exit Roller/Lw;;B;1;1;
C5070;Fusing Section;48;2;A00J211200;Ball Bearing;;C;2;1;
C5070;Fusing Section;48;3;A50U746500;Paper exit  Gear  /B 20T;;C;1;1;
C5070;Fusing Section;48;4;A9VP758701;Paper exit  Plate  /2;;D;1;1;
C5070;Fusing Section;48;5;A9VP764100;Holding  Sheet  /A;;D;1;1;
C5070;Fusing Section;48;6;AEEH760301;Paper exit  Plate  /Lower;;D;1;1;
C5070;Fusing Section;48;7;A9VP760400;Insulating  Sheet  /11;;D;1;1;
C5070;Fusing Section;48;8;A50U761300;Heat blocking  Plate  /Front;;D;1;1;
C5070;Fusing Section;48;9;A50U761400;Insulating  Sheet  /Front;;D;1;1;
C5070;Fusing Section;48;10;A50U761100;Heat blocking  Plate  /Rear;;D;1;1;
C5070;Fusing Section;48;11;A50U761200;Insulating  Sheet  /Rear;;D;1;1;
C5070;Fusing Section;49;1;A03U734500;Support Screw /A;;C;7;5;
C5070;Fusing Section;49;2;A50U763000;Support  Plate;;D;2;1;
C5070;Fusing Section;49;3;A50U763600;Insulating  Sheet  /6;;D;4;5;
C5070;Fusing Section;49;4;A9VER70900;Fusing Stay/ Upper Assy;;D;1;1;
C5070;Fusing Section;49;5;A9VP731501;Insulating  Sheet  /L;;D;1;1;
C5070;Fusing Section;49;6;A9VP768701;Reflecting  Plate  /4;;D;1;1;
C5070;Fusing Section;49;7;AEEH721501;Fusing  Frame  /Upper;;D;1;1;
C5070;Fusing Section;49;8;AEEH731600;Insulating  Sheet  /M;;D;1;1;
C5070;Fusing Section;49;9;AEEH738701;Cover  Part  /A;;D;1;1;
C5070;Fusing Section;49;10;A50U722202;Fusing  Cover  /2;;D;1;1;
C5070;Fusing Section;49;11;A50U731002;Insulating  Sheet  /F;;D;1;1;
C5070;Fusing Section;49;12;A50U731102;Insulating  Sheet  /G;;D;1;1;
C5070;Fusing Section;50;1;AC57M50001;Temperature Sensor /1;;I;1;1;
C5070;Fusing Section;50;2;A03U734500;Support Screw /A;;C;4;5;
C5070;Fusing Section;50;3;A03UN23200;Grounding Wiring /F;;D;1;5;
C5070;Fusing Section;50;4;A50U722100;Fusing  Cover  /1;;D;1;1;
C5070;Fusing Section;50;5;AC57768800;Holding Spring /11;;D;2;5;
C5070;Fusing Section;50;6;A50U723911;Stay  /2;;D;2;5;
C5070;Fusing Section;50;7;A50U725200;Tension  Spring  /1;;D;2;5;
C5070;Fusing Section;50;8;A50U726611;Guide  Part  /2;;D;2;1;
C5070;Fusing Section;50;9;A50U728500;Insulating  Sheet  /A;;D;1;1;
C5070;Fusing Section;50;10;A50U728800;Insulating  Sheet  /D;;D;1;5;
C5070;Fusing Section;50;11;A50U730900;Cover  Part  /1;;D;1;1;
C5070;Fusing Section;50;12;AC57723800;Sensor Stay /1;;D;1;1;
C5070;Fusing Section;50;13;A9VEN11000;Fixing   Relay harness   /1;B,G2,C;D;1;1;
C5070;Fusing Section;50;14;A50U733500;Protection  Part  /1;;D;2;1;
C5070;Fusing Section;50;15;A50UR70F00;Fusing Temperature Sensor/3;;B;1;1;
C5070;Fusing Section;50;16;SP00-0210;Thermostat  /Upper;;I;2;1;
C5070;Fusing Section;50;17;A9VE728400;Mounting  Plate  /B;B,G2,C;D;1;1;
C5070;Fusing Section;50;18;A9VE733400;Protection  Cover  /A;;D;1;1;
C5070;Fusing Section;50;19;A9VE769001;Fusing  Stay  /2;;D;1;1;
C5070;Fusing Section;50;20;A9VEN10601;Fixing   Wiring   /1;B,G2,C;D;1;1;
C5070;Fusing Section;50;21;AC57M50101;Temperature Sensor /2;;I;1;1;
C5070;Fusing Section;51;1;26NA53712;BALL BEARING;;A;2;1;
C5070;Fusing Section;51;2;55VA48500;PARALLEL PIN D3X18;;D;1;1;
C5070;Fusing Section;51;3;A00V240600;Ball Bearing;;B;2;1;
C5070;Fusing Section;51;4;A9VEM31F00;Fusing Heater Lamp Assy 1 /Up (220V);C;B;1;1;
C5070;Fusing Section;51;5;A03U809500;FIXING DRIVE GEAR /O 26T;;A;1;1;
C5070;Fusing Section;51;6;A9VEM33F00;Fusing Heater Lamp Assy 2 /Up (220V);C;B;1;1;
C5070;Fusing Section;51;7;A50U725001;Drive  Gear  /Upper 38T;;C;1;1;
C5070;Fusing Section;51;8;A50U739811;Drive  Gear  /Front 38T;;C;1;1;
C5070;Fusing Section;51;9;A50U739900;Connecting  Gear  /A 42/25T;;C;1;1;
C5070;Fusing Section;51;10;A50U744000;Drive  Gear  /6 36T;;C;1;1;
C5070;Fusing Section;51;11;A50U744100;Drive  Gear  /7 27T;;C;1;1;
C5070;Fusing Section;51;12;A50U744400;Drive  Shaft  /3;;D;1;1;
C5070;Fusing Section;51;13;A50U756300;Insulating Sleeve /Lower;;B;2;1;
C5070;Fusing Section;51;14;A9VE785500;Stopper  Stopper  /B;;D;1;1;
C5070;Fusing Section;51;15;AC58783400;Hold Plate /4;;D;1;1;
C5070;Fusing Section;51;16;A50U767000;Fusing  Belt  /D;B,G2,C;B;1;1;
C5070;Fusing Section;51;17;AC57745000;Fusing Ball bearing /Upper;;A;2;1;
C5070;Fusing Section;51;18;A9VE720300;Fusing  Roller  /1;;B;1;1;
C5070;Fusing Section;51;19;A9VE720500;Fusing Roller /2;;B;1;1;
C5070;Fusing Section;51;20;A9VE723500;Support  Plate  /1;;D;1;1;
C5070;Fusing Section;51;21;A9VE723600;Support  Plate  /2;;D;1;1;
C5070;Fusing Section;51;22;A9VE724100;Regulating  Sleeve  /1;;B;2;1;
C5070;Fusing Section;51;23;A9VE726800;Guide  Part  /3;;D;1;1;
C5070;Fusing Section;51;24;A9VE728300;Support  Plate  /11;;D;1;1;
C5070;Fusing Section;51;25;A9VE733000;Cover  /Front;;D;1;1;
C5070;Fusing Section;51;26;A9VP733100;Cover  /Rear;;D;1;1;
C5070;Fusing Section;51;27;A9VE743500;Drive  Plate  /6;;D;1;1;
C5070;Fusing Section;51;28;A9VE785400;Stopper  Stopper  /A;;D;1;1;
C5070;Fusing Section;51;29;A9VP744900;Insulating  Sleeve  /Upper;;B;2;1;
C5070;Fusing Section;51;30;A9VPR78400;Fixing belt/DAssy;B,G2,C;I;1;1;
C5070;Fusing Section;52;1;4470402401;Stopper;;D;1;5;
C5070;Fusing Section;52;2;26NA53712;BALL BEARING;;A;2;1;
C5070;Fusing Section;52;3;A03U734500;Support Screw /A;;C;1;5;
C5070;Fusing Section;52;4;A1RFM51000;Photointerrupter  /H;;C;1;1;
C5070;Fusing Section;52;5;A50U746800;Wiring  Part  /3;;D;1;1;
C5070;Fusing Section;52;6;A50U747803;Actuator  /A;;D;1;1;
C5070;Fusing Section;52;7;A50U747900;Shaft  /1;;D;1;1;
C5070;Fusing Section;52;8;A50U748200;Wiring  Part  /1;;D;1;1;
C5070;Fusing Section;52;9;A50U752700;Fusing Gear/1  38T;;B;1;1;
C5070;Fusing Section;52;10;A50U755100;Holding  Part  /F;;D;1;5;
C5070;Fusing Section;52;11;A50U755301;Sheet  /L;;D;1;1;
C5070;Fusing Section;52;12;A9VE741800;Hold  Plate  /2;B,G2,C;D;1;1;
C5070;Fusing Section;52;13;A50U756300;Insulating Sleeve /Lower;;B;2;1;
C5070;Fusing Section;52;14;AEEHR72800;Guide Plate/Assy;;D;1;1;
C5070;Fusing Section;52;15;A50U765500;Fusing Roller /Lw;;B;1;1;
C5070;Fusing Section;52;16;A50U787700;Sensor  Plate  /Front;;D;1;5;
C5070;Fusing Section;52;17;A9VE741700;Hold  Plate  /1;;D;1;1;
C5070;Fusing Section;52;18;A50U788900;Insulating  Plate  /Front;;D;1;1;
C5070;Fusing Section;52;19;A50U789100;Insulating  Plate  /Rear;;D;1;1;
C5070;Fusing Section;52;20;A50UM32F00;Fusing Heater Lamp/4 (220V);C;I;1;1;
C5070;Fusing Section;52;21;AC57N10700;Fusing Harness /2;B,G2,C;D;1;1;
C5070;Fusing Section;52;22;A00J617800;Ball Bearing;;A;2;1;
C5070;Fusing Section;52;23;A03U724200;Positioning Shaft;;D;2;1;
C5070;Fusing Section;52;24;A03U734500;Support Screw /A;;C;1;5;
C5070;Fusing Section;52;25;A03U808400;FIXING DRIVE GEAR /D 19T;;B;1;1;
C5070;Fusing Section;52;26;A1RF820000;Ball Bearing;;C;2;1;
C5070;Fusing Section;52;27;A50U744912;Mounting  Plate  /4;;D;1;1;
C5070;Fusing Section;52;28;A50U745501;Paper exit  Plate  /1;;D;1;5;
C5070;Fusing Section;52;29;A50U746400;Paper exit  Gear  /A 37T;;C;1;5;
C5070;Fusing Section;52;30;A50U752000;Drive Gear /C 36T;;D;1;1;
C5070;Fusing Section;52;31;A50U752200;Fusing Gear/3 30T;;B;1;1;
C5070;Fusing Section;52;32;A50U752300;Paper exit  Shaft  /A;;D;1;1;
C5070;Fusing Section;52;33;AC57747200;Hold Plate /2;;D;1;5;
C5070;Fusing Section;52;34;AC57747301;Wiring Part /5;B,G2,C;D;1;1;
C5070;Fusing Section;53;1;A03UN23200;Grounding Wiring /F;;D;1;5;
C5070;Fusing Section;53;2;A50U745100;Guide Screw;;D;1;1;
C5070;Fusing Section;53;3;A50U746200;Stay  /2;B,G2,C;D;1;1;
C5070;Fusing Section;53;4;A50U787500;Hold Arm /Front;;D;1;5;
C5070;Fusing Section;53;5;A50U787600;Hold  Arm  /Rear;;D;1;1;
C5070;Fusing Section;53;6;A50UR70E22;Fusing Temperature Sensor/4;;B;1;1;
C5070;Fusing Section;53;7;A50UR72Y00;Fusing Temperature Sensor/5;;C;1;1;
C5070;Fusing Section;53;8;A9VE741600;Pressure  Spring  /11;;D;2;1;
C5070;Fusing Section;53;9;A9VE745800;Sensor  Stay  /4;;D;1;1;
C5070;Fusing Section;53;10;SP00-0220;Thermostat  /Lower;B,G2,C;I;1;1;
C5070;Fusing Section;53;11;AC57767801;Mounting Plate /23;;D;1;5;
C5070;Fusing Section;53;12;AC57768000;Guide Shaft /22;;D;2;1;
C5070;Fusing Section;53;13;AC57768100;Guide Roll /11;;D;2;1;
C5070;Fusing Section;53;14;AC57768200;Pressure Spring /12;;C;2;5;
C5070;Fusing Section;53;15;AC57768300;Mounting Plate /24;;D;1;5;
C5070;Fusing Section;53;16;AC57768401;Support Plate /Front;;D;1;1;
C5070;Fusing Section;53;17;AC57768500;Mounting Plate /26;;D;1;5;
C5070;Fusing Section;53;18;AC57767600;Mounting Plate /21;;D;1;5;
C5070;Fusing Section;53;19;AC57767701;Support Plate /Rear;;D;1;1;
C5070;Fusing Section;53;20;A9VP788700;Protection  Sheet  /1;;D;1;5;
C5070;Fusing Section;53;21;AC57767500;Protection  Cover;;D;1;1;
C5070;Fusing Section;53;22;A03U734500;Support Screw /A;;C;1;5;
C5070;Fusing Section;54;1;A03U734500;Support Screw /A;;C;12;5;
C5070;Fusing Section;54;2;A1RF758100;Pin  /B;;D;2;1;
C5070;Fusing Section;54;3;A4EU265000;Ball bearing;;B;4;1;
C5070;Fusing Section;54;4;A50U642300;Mounting  Screw;;D;4;5;
C5070;Fusing Section;54;5;AC57744700;Pressure Actuator /1;;C;1;5;
C5070;Fusing Section;54;6;AC57767400;Pressure Cam /2;;C;2;1;
C5070;Fusing Section;54;7;AEEH788600;Sensor  Plate  /Rear;;D;1;1;
C5070;Fusing Section;54;9;A1RFM51000;Photointerrupter  /H;;C;1;1;
C5070;Fusing Section;54;10;A50U785000;Rotation  Shaft  /2;;D;2;1;
C5070;Fusing Section;54;11;A50U787003;Cover  Plate;;D;1;1;
C5070;Fusing Section;54;12;A50U788000;Cooling  Duct;;D;1;1;
C5070;Fusing Section;54;13;A50U788102;Wiring  Part  /2;;D;1;1;
C5070;Fusing Section;54;14;A50U792901;Wiring  Part  /D;;D;1;1;
C5070;Fusing Section;54;15;A50U794800;Wiring  Part;;D;5;1;
C5070;Fusing Section;54;16;A50U799200;Mounting  Plate;;D;1;1;
C5070;Fusing Section;54;17;A50U799601;Adjusting  Plate;;D;1;1;
C5070;Fusing Section;54;18;A50U799700;Regulating  Plate;;D;1;1;
C5070;Fusing Section;54;19;A50U799800;Wiring  Part;;D;2;1;
C5070;Fusing Section;54;20;AC57741900;Pressure Shaft /A;;D;1;1;
C5070;Fusing Section;54;21;AC57742000;Pressure Cam /1;;C;2;1;
C5070;Fusing Section;54;22;A9VE758400;Drive  Plate  /2;;D;2;5;
C5070;Fusing Section;54;23;A9VE758600;Pressure Gear /5 42T;;C;1;1;
C5070;Process Section;55;1;A50U221701;Guide  Handle;;D;1;1;
C5070;Process Section;55;2;A00J617800;Ball Bearing;;A;4;1;
C5070;Process Section;55;3;A00V240600;Ball Bearing;;B;4;1;
C5070;Process Section;55;4;A50U948001;Caution  Label;;D;1;1;
C5070;Process Section;55;5;A50U169602;Mounting  Screw;;D;2;1;
C5070;Process Section;55;6;A9VE222000;Collar;;D;4;1;
C5070;Process Section;55;7;A50U337101;Positioning  Rail  /1;;D;4;5;
C5070;Process Section;55;8;A50U337400;Ground  Plate spring  /Front;;D;4;5;
C5070;Process Section;55;9;AEEHN12400;Developing   Harness  /1;;D;1;1;
C5070;Process Section;55;10;AEEH169000;Cover  Duct  /B;;D;1;1;
C5070;Process Section;55;11;AC57220700;Drive Gear 28T;;C;4;5;
C5070;Process Section;55;12;A50U949600;Replacement  Label;;D;1;5;
C5070;Process Section;55;13;A50U945601;Operation  Label;;D;2;1;
C5070;Process Section;55;14;A50U949700;Replacement  Label  /1;;D;4;5;
C5070;Process Section;55;15;A9VE942700;Caution  Label;;D;1;1;
C5070;Process Section;55;16;A50U221500;Release  Lever;;D;1;1;
C5070;Process Section;55;17;AEEHR71700;Developing Drive Assy;;S;1;1;
C5070;Process Section;55;18;AEEH220300;Mounting  Plate;;D;1;1;
C5070;Process Section;55;19;AEEH225100;Protection  Cover;;D;1;1;
C5070;Process Section;55;20;A50U341002;Protection  Cover  /2;;D;1;1;
C5070;Process Section;56;1;13QA40610;Gear Spacer;;C;5;1;
C5070;Process Section;56;2;40AA32320;Toner Supply Spacer;;C;15;10;
C5070;Process Section;56;3;AC57222400;Idling Gear 31/42T;;C;3;1;
C5070;Process Section;56;4;AC57220500;Idling Gear 45T;;C;4;5;
C5070;Process Section;56;5;A50U220501;Idling  Gear  /C 63/34T;;C;4;1;
C5070;Process Section;56;6;A50U221800;Drive  Gear  /D 40T;;C;4;5;
C5070;Process Section;56;7;A00J617800;Ball Bearing;;A;8;1;
C5070;Process Section;56;8;A50U949700;Replacement  Label  /1;;D;4;5;
C5070;Process Section;56;9;A79JM11300;DC   Brushless motor   /30;;I;4;1;
C5070;Process Section;56;10;AEEH222500;Idling  Gear 31/45T;;C;1;1;
C5070;Process Section;56;11;AEEH225000;Guide  Rail;;D;4;1;
C5070;Process Section;57;1;A00J617800;Ball Bearing;;A;4;1;
C5070;Process Section;57;2;40AA32320;Toner Supply Spacer;;C;12;10;
C5070;Process Section;57;3;4139300301;BUSHING;;C;8;5;
C5070;Process Section;57;4;A92W223200;Charging  Spring;;D;4;5;
C5070;Process Section;57;5;A9VP222501;Charging Idler 20T;;C;4;1;
C5070;Process Section;57;6;A9VP222600;Drive  Shaft;;D;8;1;
C5070;Process Section;57;7;AEEH222300;Drive  Gear  /C 34T;;C;3;1;
C5070;Process Section;57;8;AEEH222600;Drive  Gear  /K 32T;;C;1;1;
C5070;Process Section;57;9;A9VP223901;Charging Idler /1 20T;;C;4;5;
C5070;Process Section;57;10;A9VP224001;Charging Gear 20T;;C;4;1;
C5070;Process Section;57;11;A9VPR75400;Cleaning Motor Worm Assy;;C;4;1;
C5070;Process Section;57;12;AEEH222700;Drive  Shaft;;D;4;1;
C5070;Process Section;57;13;AEEH222801;Drive  Pedestal;;D;4;1;
C5070;Process Section;57;14;AEEH222900;Charging  Coupling  /2;;D;4;1;
C5070;Process Section;58;1;4470402401;Stopper;;D;4;5;
C5070;Process Section;58;2;A50U335600;Cleaning  Seal  /A;;D;1;5;
C5070;Process Section;58;3;A85CM55600;Photo   Sensor;;I;5;1;
C5070;Process Section;58;4;AEEH345600;Mounting  Plate;;D;4;5;
C5070;Process Section;58;5;AEEH340800;Protection  Cover  /1;;D;1;1;
C5070;Process Section;58;6;AEEH340901;Protection  Cover  /2;;D;1;1;
C5070;Process Section;58;7;AEEH341000;Protection  Sheet;;D;1;1;
C5070;Process Section;58;8;A50U341401;Positioning  Collar  /1;;D;2;1;
C5070;Process Section;58;9;A50U341600;Transfer  Shaft;;D;2;1;
C5070;Process Section;58;10;A50U342502;Set  Collar;;D;3;1;
C5070;Process Section;58;11;A50U342600;Collar;;D;3;5;
C5070;Process Section;58;12;A50UR72K00;Adjusting Plate Caulking Assy;;D;1;1;
C5070;Process Section;58;13;A50U343400;Tray  /Front;;D;1;5;
C5070;Process Section;58;14;A50U343500;Tray  /Rear;;D;1;1;
C5070;Process Section;58;15;AEEHN12501;Developing   Harness  /2;;D;1;1;
C5070;Process Section;58;16;A50U343900;Transfer  Plate  /2;;D;1;1;
C5070;Process Section;58;17;AEEH946500;ID Label;;D;1;5;
C5070;Process Section;58;18;A9VP349400;Positioning  Plate;;D;1;1;
C5070;Process Section;58;19;A9VP349501;Receiving Film;;D;1;1;
C5070;Process Section;58;20;A50U945601;Operation  Label;;D;1;1;
C5070;Process Section;59;1;13QA10330;SHAFT SPACER;;C;8;1;
C5070;Process Section;59;2;A85CM55600;Photo   Sensor;;I;4;1;
C5070;Process Section;59;3;A92W343000;Pressing  Block;;D;16;1;
C5070;Process Section;59;4;A92W345400;Pressing  Spring;;D;16;5;
C5070;Process Section;59;5;A9VP347900;Torsion  Coil spring;;D;4;5;
C5070;Process Section;59;6;A9VP348200;Pulling  Coil spring;;D;4;5;
C5070;Process Section;59;7;AEEH340302;Charging  Rail  /2;;D;4;1;
C5070;Process Section;59;8;AEEH340401;Charging  Rail  /1;;D;4;1;
C5070;Process Section;59;9;AEEH340500;Fixing  Stay;;D;4;1;
C5070;Process Section;59;10;AEEH342100;Cover  Seal  /A;;D;4;5;
C5070;Process Section;59;11;AEEH342400;Charging  Duct  /3;;D;4;1;
C5070;Process Section;59;12;AEEH342500;Charging  Seal  /1;;D;4;1;
C5070;Process Section;59;13;AEEH345002;Detecting  Lever;;D;4;1;
C5070;Process Section;59;14;AEEH345100;Detecting  Actuator  /Front;;D;4;1;
C5070;Process Section;59;15;AEEH345200;Support  Shaft;;D;4;1;
C5070;Process Section;59;16;AEEH345300;Mounting  Plate;;D;4;5;
C5070;Process Section;59;17;AEEH345401;Mounting  Plate;;D;4;5;
C5070;Process Section;59;18;AEEH345700;Mounting  Part;;D;4;5;
C5070;Process Section;59;19;AEEH345800;Charging  Seal;;D;4;1;
C5070;Process Section;59;20;AEEH345500;Mounting  Plate;;D;4;1;
C5070;Process Section;59;21;A50U462700;Charging  Duct;;D;4;1;
C5070;Process Section;59;22;A50U462801;Charging  Seal;;D;4;1;
C5070;Process Section;59;23;A50UM30101;LED array;;D;4;1;
C5070;Process Section;59;24;A50U341900;Developing  Rail  /Front;;D;4;1;
C5070;Process Section;59;25;A50U342000;Developing  Rail  /Rear;;D;4;5;
C5070;Process Section;59;26;A50U463000;Charging  Seal  /2;;D;4;1;
C5070;Process Section;59;27;AEEH345900;Protection  Seal;;D;4;5;
C5070;Process Section;59;28;AEEH946500;ID Label;;D;4;5;
C5070;Process Section;59;29;AC57974400;Replacement  Label;;D;1;1;
C5070;Process Section;59;30;AEEH346000;Protection  Seal;;D;4;5;
C5070;Process Section;60;1;AEEH341200;Fixing  Stay  /3;;D;1;1;
C5070;Process Section;60;2;AC57343103;Cleaning Catch;;C;1;1;
C5070;Process Section;60;3;A50U337200;Positioning  Rail  /2;;D;4;1;
C5070;Process Section;60;4;A50U337300;Ground  Plate spring  /Rear;;D;4;5;
C5070;Process Section;60;5;A50U340501;Transfer  Hinge;;D;2;1;
C5070;Process Section;60;6;A50U949700;Replacement  Label  /1;;D;4;5;
C5070;Process Section;60;7;A50U341301;Positioning  Block  /1;;D;2;1;
C5070;Process Section;60;8;A50U344200;Positioning  Shaft;;D;2;1;
C5070;Process Section;60;9;A50U343000;Operation  Cover;;D;1;1;
C5070;Process Section;60;10;A50U343800;Transfer  Plate;;D;2;1;
C5070;Process Section;60;11;A50U343301;Receiving  Spring;;D;2;5;
C5070;Process Section;60;12;A50U342300;Reinforce  Plate;;D;4;5;
C5070;Process Section;60;13;AEEH340700;Mounting  Rail;;D;1;1;
C5070;Paper Feed Section (Tray 1);61;1;A161626800;Pulling  Coil spring;;C;1;5;
C5070;Paper Feed Section (Tray 1);61;2;A50U633002;Holding  Handle;;D;1;1;
C5070;Paper Feed Section (Tray 1);61;3;A50U633200;Release  Lever;;D;1;1;
C5070;Paper Feed Section (Tray 1);61;4;A50U633301;Lock  Lever;;D;1;1;
C5070;Paper Feed Section (Tray 1);61;5;A50U633400;Stable  Spring;;D;2;1;
C5070;Paper Feed Section (Tray 1);61;6;A50U633702;Receiving  Guide  /1;;D;1;5;
C5070;Paper Feed Section (Tray 1);61;7;A50U633800;Release  Shaft  /1;;D;1;1;
C5070;Paper Feed Section (Tray 1);61;8;A50U633900;Fixing  Plate;;D;1;1;
C5070;Paper Feed Section (Tray 1);61;9;A50U634300;Receiving  Guide  /2;;D;1;5;
C5070;Paper Feed Section (Tray 1);61;10;A50U637002;Fixing  Plate  /1;;D;1;1;
C5070;Paper Feed Section (Tray 1);61;11;A50U945702;Operation  Label  /1;;D;1;1;
C5070;Paper Feed Section (Tray 1);61;12;A9VE160700;Cover  Tray  /1;;D;1;1;
C5070;Paper Feed Section (Tray 1);61;13;A9VE628400;Mounting  Plate  /1;;D;2;1;
C5070;Paper Feed Section (Tray 1);61;14;A9VE628500;Hold  Part  /1;;D;1;5;
C5070;Paper Feed Section (Tray 1);61;15;A9VE630701;Regulating  Plate  /Right;;D;1;1;
C5070;Paper Feed Section (Tray 1);61;16;A9VE633100;Handle  /B;;D;1;1;
C5070;Paper Feed Section (Tray 1);61;17;A9VE634400;Paper feed  Handle;;D;1;1;
C5070;Paper Feed Section (Tray 1);61;18;A9VE945400;Indicating Label /1;;D;1;1;
C5070;Paper Feed Section (Tray 1);61;19;A9VEF63108;500 Paper Cassette ASSY;;S;1;1;
C5070;Paper Feed Section (Tray 1);61;20;A50U623600;Lock  Claw;;D;1;1;
C5070;Paper Feed Section (Tray 1);61;21;A50U623701;Lock  Claw;;D;1;5;
C5070;Paper Feed Section (Tray 1);61;22;A50U628100;Shoulder Screw;;D;2;5;
C5070;Paper Feed Section (Tray 1);61;23;A50U628300;Cover;;D;1;1;
C5070;Paper Feed Section (Tray 1);61;24;AEEHR71600;Paper Feed Assy;;S;1;1;
C5070;Paper Feed Section (Tray 1);62;1;4470402401;Stopper;;D;1;5;
C5070;Paper Feed Section (Tray 1);62;2;65AA49500;Paper Exit Spacer /1;;C;2;1;
C5070;Paper Feed Section (Tray 1);62;3;55VA40930;DOUBLE FEED PREVENTIVE PLATE;;C;1;1;
C5070;Paper Feed Section (Tray 1);62;4;65AA47310E;PAPER DETECTING SHAFT;;D;1;1;
C5070;Paper Feed Section (Tray 1);62;5;65AA47320;Paper Detecting Actuator;;C;1;1;
C5070;Paper Feed Section (Tray 1);62;6;65AA47820;REGULATING PART;;C;2;1;
C5070;Paper Feed Section (Tray 1);62;7;65AA47860;AUXILIARY SHEET;;C;4;1;
C5070;Paper Feed Section (Tray 1);62;8;A03X656203;Lock Screw;;C;2;1;
C5070;Paper Feed Section (Tray 1);62;9;A50U621001;Reinforce  Plate  /Rear;;D;1;1;
C5070;Paper Feed Section (Tray 1);62;10;A50U622600;Regulating  Plate  /Rear;;D;1;1;
C5070;Paper Feed Section (Tray 1);62;11;A50U622802;Reinforce  Plate  /Front;;D;1;1;
C5070;Paper Feed Section (Tray 1);62;12;A50U625000;Mounting  Plate  /2;;D;1;1;
C5070;Paper Feed Section (Tray 1);62;13;A50U625701;Regulating  Plate  /Front;;D;1;1;
C5070;Paper Feed Section (Tray 1);62;14;A50U626502;Support  Plate  /1;;D;2;1;
C5070;Paper Feed Section (Tray 1);62;15;A50U626601;Support  Plate  /2;;D;1;1;
C5070;Paper Feed Section (Tray 1);62;16;A50U626702;Support  Plate  /3;;D;1;1;
C5070;Paper Feed Section (Tray 1);62;17;A50U627601;Sheet;;D;1;5;
C5070;Paper Feed Section (Tray 1);62;18;A50U627701;Sheet;;D;1;5;
C5070;Paper Feed Section (Tray 1);62;19;A50U628200;Shoulder Screw;;D;2;5;
C5070;Paper Feed Section (Tray 1);62;20;A50U629300;Guide  Base frame;;D;1;1;
C5070;Paper Feed Section (Tray 1);62;21;A50U630203;Lifting  Plate;;D;1;1;
C5070;Paper Feed Section (Tray 1);62;22;A50U641500;Slide  Sheet;;D;6;5;
C5070;Paper Feed Section (Tray 1);62;23;A50U946000;Paper feed  Label;;D;1;1;
C5070;Paper Feed Section (Tray 1);62;24;A85CM55600;Photo   Sensor;;I;1;1;
C5070;Paper Feed Section (Tray 1);63;1;26NA47070;PAPER REGULATING CLAW;;C;2;1;
C5070;Paper Feed Section (Tray 1);63;2;40AA32320;Toner Supply Spacer;;C;1;10;
C5070;Paper Feed Section (Tray 1);63;3;55VA40600;Driving Up /Down Pulley;;B;2;1;
C5070;Paper Feed Section (Tray 1);63;4;65AA47131E;Paper Detecting Actuator;;C;1;1;
C5070;Paper Feed Section (Tray 1);63;5;65AA47600E;Detecting Gear 45T;;C;1;1;
C5070;Paper Feed Section (Tray 1);63;6;65AA47700D;Up/down Pin;;D;1;1;
C5070;Paper Feed Section (Tray 1);63;7;65AA47740E;Shaft Mounting Plate;;D;2;5;
C5070;Paper Feed Section (Tray 1);63;8;A93E365001;Label  /A;;D;2;5;
C5070;Paper Feed Section (Tray 1);63;9;A03U812800;Slide Shaft Holder;;B;2;5;
C5070;Paper Feed Section (Tray 1);63;10;A1UDM50100;Volume;;D;1;1;
C5070;Paper Feed Section (Tray 1);63;11;A50U620602;Guide Rack /Rear;;D;1;1;
C5070;Paper Feed Section (Tray 1);63;12;A50U620801;Regulating  Shaft;;D;1;1;
C5070;Paper Feed Section (Tray 1);63;13;A50U620902;Guide  Rack  /Front;;D;1;1;
C5070;Paper Feed Section (Tray 1);63;14;A50U621301;Stopper  Shaft;;D;1;1;
C5070;Paper Feed Section (Tray 1);63;15;A50U621400;Mounting  Plate;;D;1;5;
C5070;Paper Feed Section (Tray 1);63;16;A50U621800;Lifting Shaft;;D;1;1;
C5070;Paper Feed Section (Tray 1);63;17;A50U621900;Mounting Plate;;D;1;1;
C5070;Paper Feed Section (Tray 1);63;18;A50U622001;Stopper  Plate;;D;1;5;
C5070;Paper Feed Section (Tray 1);63;19;A50U622101;Positioning  Plate;;D;1;1;
C5070;Paper Feed Section (Tray 1);63;20;A50U622300;Brake  Knob;;D;1;1;
C5070;Paper Feed Section (Tray 1);63;21;A50U622400;Support  Plate;;D;1;1;
C5070;Paper Feed Section (Tray 1);63;22;A50U623201;Lock  Claw;;D;1;1;
C5070;Paper Feed Section (Tray 1);63;23;A50U623300;Slide Spring /1;;D;1;5;
C5070;Paper Feed Section (Tray 1);63;24;A50U625400;Up/down  Wire  /1;;D;2;1;
C5070;Paper Feed Section (Tray 1);63;25;A50U625500;Up/down  Wire  /2;;D;2;1;
C5070;Paper Feed Section (Tray 1);63;26;A50U642000;Guide  Spacer;;D;1;1;
C5070;Paper Feed Section (Tray 1);63;27;A50U945301;Regulating  Label;;D;1;5;
C5070;Paper Feed Section (Tray 1);63;28;A50U628400;Pinion;;C;1;1;
C5070;Paper Feed Section (Tray 1);63;29;A50U640800;Sheet;;D;2;5;
C5070;Paper Feed Section (Tray 1);64;1;4470402401;Stopper;;D;1;5;
C5070;Paper Feed Section (Tray 1);64;2;65AA47550;WIRE ROLLER;;C;4;1;
C5070;Paper Feed Section (Tray 1);64;3;65AA47630;WIRE GUIDE PART;;C;4;1;
C5070;Paper Feed Section (Tray 1);64;4;A50UN14100;Paperfeed  Wiring  /3;;D;1;1;
C5070;Paper Feed Section (Tray 1);64;5;65AA47900E;Mounting Plate  /2;;D;1;5;
C5070;Paper Feed Section (Tray 1);64;6;A03U621200;GUIDE COVER;;C;1;1;
C5070;Paper Feed Section (Tray 1);64;7;A1DUF62101;PULLEY FULCRUM PLATE CAULKING;;D;4;1;
C5070;Paper Feed Section (Tray 1);64;8;A50U621200;Slide  Guide;;D;4;1;
C5070;Paper Feed Section (Tray 1);64;9;A50U624600;Mounting  Plate;;D;1;5;
C5070;Paper Feed Section (Tray 1);64;10;A50U624700;Fixing  Cam;;D;1;1;
C5070;Paper Feed Section (Tray 1);64;11;A50U625100;Positioning  Plate;;D;2;5;
C5070;Paper Feed Section (Tray 1);64;12;A50U628200;Shoulder Screw;;D;8;5;
C5070;Paper Feed Section (Tray 1);64;13;A85CM55600;Photo   Sensor;;I;1;1;
C5070;Paper Feed Section (Tray 1);64;14;A50U629502;Plate spring;;D;1;1;
C5070;Paper Feed Section (Tray 1);64;15;A50U629702;Brake  Part  /Lower;;D;1;1;
C5070;Paper Feed Section (Tray 1);64;16;A50U629801;Brake  Part;;D;1;1;
C5070;Paper Feed Section (Tray 1);64;17;A50U629901;Regulating  Plate  /Rear;;D;1;1;
C5070;Paper Feed Section (Tray 1);64;18;A50U637600;Reinforce  Plate  /1;;D;1;5;
C5070;Paper Feed Section (Tray 1);64;19;A50U637700;Reinforce  Plate  /2;;D;1;1;
C5070;Paper Feed Section (Tray 1);64;20;A93E365001;Label  /A;;D;2;5;
C5070;Paper Feed Section (Tray 1);65;1;059076510;PULLEY 1 15T;;C;2;1;
C5070;Paper Feed Section (Tray 1);65;2;25AA40100;Feeding Roller /B;;B;1;1;
C5070;Paper Feed Section (Tray 1);65;3;25SA40960;DOUBLE FEED PREVENTION RUBBER;;A;1;10;
C5070;Paper Feed Section (Tray 1);65;4;55FA40320;COUPLING;;C;1;1;
C5070;Paper Feed Section (Tray 1);65;5;56AA17121;SEPARATE SPRING UPPER;;C;1;10;
C5070;Paper Feed Section (Tray 1);65;6;56AA17510;Pin /B;;C;2;1;
C5070;Paper Feed Section (Tray 1);65;7;56AA17760;COLLAR;;C;2;1;
C5070;Paper Feed Section (Tray 1);65;8;56AA40070;Paper feed Swing Plate;;D;1;1;
C5070;Paper Feed Section (Tray 1);65;9;56AA40300;PAPER QUANTITY ACTUATOR;;C;1;1;
C5070;Paper Feed Section (Tray 1);65;10;56AA40380;PAPER FEED REGULATING BLOCK;;B;1;1;
C5070;Paper Feed Section (Tray 1);65;11;56AA40490;Shaft Stopper /4;;C;5;1;
C5070;Paper Feed Section (Tray 1);65;12;56AA77590;PAPER FEED ROCKING BELT 111L;;C;1;1;
C5070;Paper Feed Section (Tray 1);65;13;AEEHM20000;Conveyance   Clutch 30T;;B;1;1;
C5070;Paper Feed Section (Tray 1);65;14;65AA40080E;Paper feed Auxiliary Plate;;D;1;1;
C5070;Paper Feed Section (Tray 1);65;15;56AA40390E;CAM PLATE;;C;1;1;
C5070;Paper Feed Section (Tray 1);65;16;A00J663200;Bushing;;B;6;1;
C5070;Paper Feed Section (Tray 1);65;17;A03U560500;Regulating  Plate  /Rear;;C;1;1;
C5070;Paper Feed Section (Tray 1);65;18;A03U812800;Slide Shaft Holder;;B;2;5;
C5070;Paper Feed Section (Tray 1);65;19;A1DUR71J00;Paper Feed Oscillate Roller;;B;1;1;
C5070;Paper Feed Section (Tray 1);65;20;A1DUR75200;Paper Feed Feeding Shaft Assy;;D;1;1;
C5070;Paper Feed Section (Tray 1);65;21;A85C635200;Swing  Shaft;;D;1;1;
C5070;Paper Feed Section (Tray 1);65;22;AEEH635300;Drive  Shaft;;D;1;1;
C5070;Paper Feed Section (Tray 1);65;23;A93E365001;Label  /A;;D;1;5;
C5070;Paper Feed Section (Tray 1);65;24;56AA40100G;Wiring Protection Cover;;D;1;1;
C5070;Paper Feed Section (Tray 1);66;1;4109553001;Stopper;;C;3;1;
C5070;Paper Feed Section (Tray 1);66;2;56AA40490;Shaft Stopper /4;;C;1;1;
C5070;Paper Feed Section (Tray 1);66;3;55VA75540;PAPER FEED SHAFT HOLDER B;;B;1;1;
C5070;Paper Feed Section (Tray 1);66;4;A85C635401;Adjusting  Plate;;D;1;1;
C5070;Paper Feed Section (Tray 1);66;5;56AA17760;COLLAR;;C;1;1;
C5070;Paper Feed Section (Tray 1);66;6;AC57560401;Guide Plate /ASSY;;D;1;1;
C5070;Paper Feed Section (Tray 1);66;7;AC57N14200;Paper Feed Harness;;D;1;1;
C5070;Paper Feed Section (Tray 1);66;8;56AA40120;PAPER FEED HOLDING SCREW;;C;1;1;
C5070;Paper Feed Section (Tray 1);66;9;A85CM55600;Photo   Sensor;;I;2;1;
C5070;Paper Feed Section (Tray 1);66;10;A50U836200;Plate  /23;;D;1;5;
C5070;Paper Feed Section (Tray 1);66;11;AEEH560000;Registration  Roller;;C;1;1;
C5070;Paper Feed Section (Tray 1);66;12;AAMPM50200;Photoreflector;;B;1;1;
C5070;Paper Feed Section (Tray 1);66;13;56AA40370;ADJUSTING PLATE;;D;1;1;
C5070;Paper Feed Section (Tray 1);66;14;A50U565100;Pressing  Spring;;D;1;5;
C5070;Paper Feed Section (Tray 1);66;15;A9VE560100;Ground  Plate;;C;1;1;
C5070;Paper Feed Section (Tray 1);66;16;A50U564500;Paper feed  Coupling;;B;1;1;
C5070;Paper Feed Section (Tray 1);66;17;56AA40520;EARTH SPRING;;C;1;1;
C5070;Paper Feed Section (Tray 1);66;18;56AA77720E;Paper Feed Reverse Gear /1 16/22T;;C;1;1;
C5070;Paper Feed Section (Tray 1);66;19;A50U562400;Input  Shaft;;D;1;1;
C5070;Paper Feed Section (Tray 1);66;20;AEEHM20000;Conveyance   Clutch 30T;;B;1;1;
C5070;Paper Feed Section (Tray 1);66;21;65AA40010;Regulating Plate;;D;1;1;
C5070;Paper Feed Section (Tray 1);66;22;A00J663200;Bushing;;B;2;1;
C5070;Paper Feed Section (Tray 1);66;23;A03U812800;Slide Shaft Holder;;B;1;5;
C5070;Paper Feed Section (Tray 1);66;24;A50U560902;Drive Side plate /1;;D;1;1;
C5070;Paper Feed Section (Tray 1);66;25;A50U561200;Drive  Side plate  /Assy;;D;1;1;
C5070;Paper Feed Section (Tray 1);66;26;AEEH946500;ID Label;;D;1;5;
C5070;Paper Feed Section (Tray 1);67;1;25SA40960;DOUBLE FEED PREVENTION RUBBER;;A;1;10;
C5070;Paper Feed Section (Tray 1);67;2;26NA42061;BY PASS FEED CONVEYING GEAR 21T;;B;1;1;
C5070;Paper Feed Section (Tray 1);67;3;26NA42560;By-Pass Idler Roller;;C;2;1;
C5070;Paper Feed Section (Tray 1);67;4;55VA79030;Paper Feed Reversal Gear /C 14T;;B;2;10;
C5070;Paper Feed Section (Tray 1);67;5;56AA17510;Pin /B;;C;1;1;
C5070;Paper Feed Section (Tray 1);67;6;AC57560301;Paper feed Main body;;D;1;1;
C5070;Paper Feed Section (Tray 1);67;7;56AA40360;Reverse Roller;;C;1;1;
C5070;Paper Feed Section (Tray 1);67;8;56AA40430;SPRING MOUNTING PLATE  1;;D;1;5;
C5070;Paper Feed Section (Tray 1);67;9;56AA40440;SPRING MOUNTING PLATE  2;;D;1;5;
C5070;Paper Feed Section (Tray 1);67;10;56AA40481;PAPERFEEDPRESSINGSPRING;;C;1;1;
C5070;Paper Feed Section (Tray 1);67;11;56AA40530;ENTRANCE GUIDE PART;;D;1;1;
C5070;Paper Feed Section (Tray 1);67;12;56AA40540;ENTRANCE GUIDE SHEET;;C;1;5;
C5070;Paper Feed Section (Tray 1);67;13;56QA40080;Multi-feed Preventing Plate;;C;1;1;
C5070;Paper Feed Section (Tray 1);67;14;56QA40250;MULTI FEED SUPPORT SHAFT;;D;1;1;
C5070;Paper Feed Section (Tray 1);67;15;56QA40270;MULTI FEED REVERSE SHAFT;;D;1;1;
C5070;Paper Feed Section (Tray 1);67;16;56QA40550;MULTI FEED ADJUSTMENT PLATE;;D;1;5;
C5070;Paper Feed Section (Tray 1);67;17;57AA40420;MULTI FEED PREVENTING SPRING;;C;1;5;
C5070;Paper Feed Section (Tray 1);67;18;A00J663200;Bushing;;B;5;1;
C5070;Paper Feed Section (Tray 1);67;19;A03U850101;Slide Bushing;;C;4;5;
C5070;Paper Feed Section (Tray 1);67;20;A03X565611;Torque Limiter  /A;;B;1;1;
C5070;Paper Feed Section (Tray 1);67;21;A1DUR71K00;Paper Feed Driven Shaft Assy;;D;1;1;
C5070;Paper Feed Section (Tray 1);67;22;A1RF620301;Stopper  Collar;;D;1;1;
C5070;Paper Feed Section (Tray 1);67;23;56AA77730;PAPER FEED REVERSING GEAR 2 33T;;C;1;1;
C5070;Paper Feed Section (Tray 1);67;24;56AA17760;COLLAR;;C;1;1;
C5070;Paper Feed Section (Tray 1);67;25;56AA40500;SHAFT HOLDER EARTH PLATE;;C;1;1;
C5070;Paper Feed Section (Tray 2);68;1;A161626800;Pulling  Coil spring;;C;1;5;
C5070;Paper Feed Section (Tray 2);68;2;A50U627002;Fixing  Plate  /2;;D;1;1;
C5070;Paper Feed Section (Tray 2);68;3;A50U627200;Fixing  Plate  /3;;D;1;1;
C5070;Paper Feed Section (Tray 2);68;4;A50U633002;Holding  Handle;;D;1;1;
C5070;Paper Feed Section (Tray 2);68;5;A50U633200;Release  Lever;;D;1;1;
C5070;Paper Feed Section (Tray 2);68;6;A50U633400;Stable  Spring;;D;2;1;
C5070;Paper Feed Section (Tray 2);68;7;A50U633601;Lock  Lever;;D;1;1;
C5070;Paper Feed Section (Tray 2);68;8;A50U633702;Receiving  Guide  /1;;D;1;5;
C5070;Paper Feed Section (Tray 2);68;9;A50U633800;Release  Shaft  /1;;D;1;1;
C5070;Paper Feed Section (Tray 2);68;10;A50U633900;Fixing  Plate;;D;1;1;
C5070;Paper Feed Section (Tray 2);68;11;A50U634300;Receiving  Guide  /2;;D;1;5;
C5070;Paper Feed Section (Tray 2);68;12;A50U945702;Operation  Label  /1;;D;1;1;
C5070;Paper Feed Section (Tray 2);68;13;A9VE160800;Cover  Tray  /2;;D;1;1;
C5070;Paper Feed Section (Tray 2);68;14;A9VE620701;Regulating  Plate  /Right;;D;1;1;
C5070;Paper Feed Section (Tray 2);68;15;A9VE628400;Mounting  Plate  /1;;D;2;1;
C5070;Paper Feed Section (Tray 2);68;16;A9VE633100;Handle  /B;;D;1;1;
C5070;Paper Feed Section (Tray 2);68;17;A9VE634400;Paper feed  Handle;;D;1;1;
C5070;Paper Feed Section (Tray 2);68;18;A9VE945500;Indicating Label /2;;D;1;1;
C5070;Paper Feed Section (Tray 2);68;19;A9VEF62109;1000 Paper Cassette ASSY;;S;1;1;
C5070;Paper Feed Section (Tray 2);68;20;A50U623900;Lock  Claw;;D;1;1;
C5070;Paper Feed Section (Tray 2);68;21;A50U624201;Lock  Part;;D;1;1;
C5070;Paper Feed Section (Tray 2);68;22;A50U628300;Cover;;D;1;1;
C5070;Paper Feed Section (Tray 2);68;23;AEEHR72200;Paper Feed Assy;;S;1;1;
C5070;Paper Feed Section (Tray 2);69;1;4470402401;Stopper;;D;4;5;
C5070;Paper Feed Section (Tray 2);69;2;65AA49500;Paper Exit Spacer /1;;C;2;1;
C5070;Paper Feed Section (Tray 2);69;3;55VA40930;DOUBLE FEED PREVENTIVE PLATE;;C;1;1;
C5070;Paper Feed Section (Tray 2);69;4;65AA47120D;Mounting Plate;;D;1;1;
C5070;Paper Feed Section (Tray 2);69;5;65AA47310E;PAPER DETECTING SHAFT;;D;2;1;
C5070;Paper Feed Section (Tray 2);69;6;65AA47320;Paper Detecting Actuator;;C;2;1;
C5070;Paper Feed Section (Tray 2);69;7;65AA47820;REGULATING PART;;C;2;1;
C5070;Paper Feed Section (Tray 2);69;8;65AA47860;AUXILIARY SHEET;;C;4;1;
C5070;Paper Feed Section (Tray 2);69;9;A03X656203;Lock Screw;;C;2;1;
C5070;Paper Feed Section (Tray 2);69;10;A1RF946000;Paper feed  Label  /1;;D;1;5;
C5070;Paper Feed Section (Tray 2);69;11;A50U621001;Reinforce  Plate  /Rear;;D;1;1;
C5070;Paper Feed Section (Tray 2);69;12;A50U622600;Regulating  Plate  /Rear;;D;1;1;
C5070;Paper Feed Section (Tray 2);69;13;A50U622802;Reinforce  Plate  /Front;;D;1;1;
C5070;Paper Feed Section (Tray 2);69;14;A50U625701;Regulating  Plate  /Front;;D;1;1;
C5070;Paper Feed Section (Tray 2);69;15;A50U626502;Support  Plate  /1;;D;2;1;
C5070;Paper Feed Section (Tray 2);69;16;A50U626601;Support  Plate  /2;;D;1;1;
C5070;Paper Feed Section (Tray 2);69;17;A50U626702;Support  Plate  /3;;D;1;1;
C5070;Paper Feed Section (Tray 2);69;18;A50U627601;Sheet;;D;1;5;
C5070;Paper Feed Section (Tray 2);69;19;A50U627701;Sheet;;D;1;5;
C5070;Paper Feed Section (Tray 2);69;20;A50U628200;Shoulder Screw;;D;2;5;
C5070;Paper Feed Section (Tray 2);69;21;A50U629001;Reinforce  Stay;;D;1;1;
C5070;Paper Feed Section (Tray 2);69;22;A50U629202;Up/down  Plate  /Rear;;D;1;1;
C5070;Paper Feed Section (Tray 2);69;23;A50U630203;Lifting  Plate;;D;1;1;
C5070;Paper Feed Section (Tray 2);69;24;A50U631200;Mounting  Plate  /Assy;;D;1;1;
C5070;Paper Feed Section (Tray 2);69;25;A50U631301;Up/down  Gear 60T;;C;1;1;
C5070;Paper Feed Section (Tray 2);69;26;A50U631600;Mounting  Plate;;D;1;1;
C5070;Paper Feed Section (Tray 2);69;27;A50U641500;Slide  Sheet;;D;8;5;
C5070;Paper Feed Section (Tray 2);69;28;A85CM55600;Photo   Sensor;;I;4;1;
C5070;Paper Feed Section (Tray 2);70;1;26NA47070;PAPER REGULATING CLAW;;C;2;1;
C5070;Paper Feed Section (Tray 2);70;2;40AA32320;Toner Supply Spacer;;C;1;10;
C5070;Paper Feed Section (Tray 2);70;3;A93E365001;Label  /A;;D;2;5;
C5070;Paper Feed Section (Tray 2);70;4;65AA47600E;Detecting Gear 45T;;C;1;1;
C5070;Paper Feed Section (Tray 2);70;5;65AA47700D;Up/down Pin;;D;1;1;
C5070;Paper Feed Section (Tray 2);70;6;65AA47740E;Shaft Mounting Plate;;D;2;5;
C5070;Paper Feed Section (Tray 2);70;7;A50U635500;Up/down  Wire  /2;;D;2;1;
C5070;Paper Feed Section (Tray 2);70;8;A03N621800;Slide Shoulder screw;;C;2;5;
C5070;Paper Feed Section (Tray 2);70;9;A03U812800;Slide Shaft Holder;;B;2;5;
C5070;Paper Feed Section (Tray 2);70;10;A1UDM50100;Volume;;D;1;1;
C5070;Paper Feed Section (Tray 2);70;11;A50U620801;Regulating  Shaft;;D;1;1;
C5070;Paper Feed Section (Tray 2);70;12;A50U621301;Stopper  Shaft;;D;1;1;
C5070;Paper Feed Section (Tray 2);70;13;A50U621400;Mounting  Plate;;D;1;5;
C5070;Paper Feed Section (Tray 2);70;14;A50U621900;Mounting Plate;;D;1;1;
C5070;Paper Feed Section (Tray 2);70;15;A50U622001;Stopper  Plate;;D;1;5;
C5070;Paper Feed Section (Tray 2);70;16;A50U622101;Positioning  Plate;;D;1;1;
C5070;Paper Feed Section (Tray 2);70;17;A50U622400;Support  Plate;;D;1;1;
C5070;Paper Feed Section (Tray 2);70;18;A50U623201;Lock  Claw;;D;1;1;
C5070;Paper Feed Section (Tray 2);70;19;A50U623300;Slide Spring /1;;D;1;5;
C5070;Paper Feed Section (Tray 2);70;20;A50U854600;Release  Gear  /1 24T;;C;1;1;
C5070;Paper Feed Section (Tray 2);70;21;A50U945301;Regulating  Label;;D;1;5;
C5070;Paper Feed Section (Tray 2);70;22;A50U626000;Pulley;;C;3;1;
C5070;Paper Feed Section (Tray 2);70;23;A50U640700;Sheet;;D;2;5;
C5070;Paper Feed Section (Tray 2);70;24;A50U642000;Guide  Spacer;;D;1;1;
C5070;Paper Feed Section (Tray 2);70;25;A50U628400;Pinion;;C;1;1;
C5070;Paper Feed Section (Tray 2);70;26;A50U630602;Guide Rack /Rear;;D;1;1;
C5070;Paper Feed Section (Tray 2);70;27;A50U630902;Guide  Rack  /Front;;D;1;1;
C5070;Paper Feed Section (Tray 2);70;28;A50U631000;Slide Plate;;D;1;1;
C5070;Paper Feed Section (Tray 2);70;29;A50U631100;Mounting Plate;;D;1;5;
C5070;Paper Feed Section (Tray 2);70;30;A50U631500;Auxiliary  Wire;;D;1;1;
C5070;Paper Feed Section (Tray 2);70;31;A50U631700;Slide Spring /1;;D;1;1;
C5070;Paper Feed Section (Tray 2);70;32;A50U631800;Up/down  Shaft;;D;1;1;
C5070;Paper Feed Section (Tray 2);70;33;A50U631900;Slide Spring /1;;D;1;1;
C5070;Paper Feed Section (Tray 2);70;34;A50U632300;Brake  Knob;;D;1;1;
C5070;Paper Feed Section (Tray 2);70;35;A50U635400;Up/down  Wire  /1;;D;2;1;
C5070;Paper Feed Section (Tray 2);71;1;65AA47550;WIRE ROLLER;;C;4;1;
C5070;Paper Feed Section (Tray 2);71;2;65AA47630;WIRE GUIDE PART;;C;4;1;
C5070;Paper Feed Section (Tray 2);71;3;A93E365001;Label  /A;;D;2;5;
C5070;Paper Feed Section (Tray 2);71;4;A03U621200;GUIDE COVER;;C;1;1;
C5070;Paper Feed Section (Tray 2);71;5;A03X622101;REGULATING RACK /1;;D;6;1;
C5070;Paper Feed Section (Tray 2);71;6;A03X622201;REGULATING RACK /2;;D;1;5;
C5070;Paper Feed Section (Tray 2);71;7;A1DUF62101;PULLEY FULCRUM PLATE CAULKING;;D;4;1;
C5070;Paper Feed Section (Tray 2);71;8;A50U621200;Slide  Guide;;D;4;1;
C5070;Paper Feed Section (Tray 2);71;9;A50U624600;Mounting  Plate;;D;1;5;
C5070;Paper Feed Section (Tray 2);71;10;A50U624700;Fixing  Cam;;D;1;1;
C5070;Paper Feed Section (Tray 2);71;11;A50U625100;Positioning  Plate;;D;2;5;
C5070;Paper Feed Section (Tray 2);71;12;A50U628200;Shoulder Screw;;D;8;5;
C5070;Paper Feed Section (Tray 2);71;13;A50UN14001;Paperfeed  Wiring  /2;;D;1;1;
C5070;Paper Feed Section (Tray 2);71;14;A50U629401;Regulating  Plate  /Rear;;D;1;1;
C5070;Paper Feed Section (Tray 2);71;15;A50U629502;Plate spring;;D;1;1;
C5070;Paper Feed Section (Tray 2);71;16;A50U629702;Brake  Part  /Lower;;D;1;1;
C5070;Paper Feed Section (Tray 2);71;17;A50U629801;Brake  Part;;D;1;1;
C5070;Paper Feed Section (Tray 2);71;18;A50U640100;Guide  Rail;;D;1;1;
C5070;Paper Feed Section (Tray 2);71;19;A50U642300;Mounting  Screw;;D;13;5;
C5070;Paper Feed Section (Tray 2);72;1;059076510;PULLEY 1 15T;;C;2;1;
C5070;Paper Feed Section (Tray 2);72;2;25AA40100;Feeding Roller /B;;B;1;1;
C5070;Paper Feed Section (Tray 2);72;3;25SA40960;DOUBLE FEED PREVENTION RUBBER;;A;1;10;
C5070;Paper Feed Section (Tray 2);72;4;55FA40320;COUPLING;;C;1;1;
C5070;Paper Feed Section (Tray 2);72;5;56AA17121;SEPARATE SPRING UPPER;;C;1;10;
C5070;Paper Feed Section (Tray 2);72;6;56AA17510;Pin /B;;C;2;1;
C5070;Paper Feed Section (Tray 2);72;7;56AA17760;COLLAR;;C;2;1;
C5070;Paper Feed Section (Tray 2);72;8;56AA40070;Paper feed Swing Plate;;D;1;1;
C5070;Paper Feed Section (Tray 2);72;9;56AA40300;PAPER QUANTITY ACTUATOR;;C;1;1;
C5070;Paper Feed Section (Tray 2);72;10;56AA40380;PAPER FEED REGULATING BLOCK;;B;1;1;
C5070;Paper Feed Section (Tray 2);72;11;56AA40490;Shaft Stopper /4;;C;5;1;
C5070;Paper Feed Section (Tray 2);72;12;56AA77590;PAPER FEED ROCKING BELT 111L;;C;1;1;
C5070;Paper Feed Section (Tray 2);72;13;AEEHM20000;Conveyance   Clutch 30T;;B;1;1;
C5070;Paper Feed Section (Tray 2);72;14;65AA40080E;Paper feed Auxiliary Plate;;D;1;1;
C5070;Paper Feed Section (Tray 2);72;15;56AA40390E;CAM PLATE;;C;1;1;
C5070;Paper Feed Section (Tray 2);72;16;A00J663200;Bushing;;B;6;1;
C5070;Paper Feed Section (Tray 2);72;17;A03U560500;Regulating  Plate  /Rear;;C;1;1;
C5070;Paper Feed Section (Tray 2);72;18;A03U812800;Slide Shaft Holder;;B;2;5;
C5070;Paper Feed Section (Tray 2);72;19;A1DUR71J00;Paper Feed Oscillate Roller;;B;1;1;
C5070;Paper Feed Section (Tray 2);72;20;A1DUR75200;Paper Feed Feeding Shaft Assy;;D;1;1;
C5070;Paper Feed Section (Tray 2);72;21;A85C635200;Swing  Shaft;;D;1;1;
C5070;Paper Feed Section (Tray 2);72;22;AEEH635300;Drive  Shaft;;D;1;1;
C5070;Paper Feed Section (Tray 2);72;23;A93E365001;Label  /A;;D;1;5;
C5070;Paper Feed Section (Tray 2);72;24;56AA40100G;Wiring Protection Cover;;D;1;1;
C5070;Paper Feed Section (Tray 2);73;1;4109553001;Stopper;;C;3;1;
C5070;Paper Feed Section (Tray 2);73;2;56AA40490;Shaft Stopper /4;;C;1;1;
C5070;Paper Feed Section (Tray 2);73;3;55VA75540;PAPER FEED SHAFT HOLDER B;;B;1;1;
C5070;Paper Feed Section (Tray 2);73;4;A85C635401;Adjusting  Plate;;D;1;1;
C5070;Paper Feed Section (Tray 2);73;5;56AA17760;COLLAR;;C;1;1;
C5070;Paper Feed Section (Tray 2);73;6;56AA40032F;Paper Feed Guide Plate /Upper;;C;1;1;
C5070;Paper Feed Section (Tray 2);73;7;A50UN14201;Paperfeed  Wiring  /1;;D;1;1;
C5070;Paper Feed Section (Tray 2);73;8;56AA40120;PAPER FEED HOLDING SCREW;;C;1;1;
C5070;Paper Feed Section (Tray 2);73;9;A85CM55600;Photo   Sensor;;I;3;1;
C5070;Paper Feed Section (Tray 2);73;10;56AA40190;PRESSING SPRING;;C;1;1;
C5070;Paper Feed Section (Tray 2);73;11;AEEH560000;Registration  Roller;;C;1;1;
C5070;Paper Feed Section (Tray 2);73;12;56AA40310;MOUNTING PLATE;;D;1;1;
C5070;Paper Feed Section (Tray 2);73;13;56AA40370;ADJUSTING PLATE;;D;1;1;
C5070;Paper Feed Section (Tray 2);73;14;A50U565100;Pressing  Spring;;D;1;5;
C5070;Paper Feed Section (Tray 2);73;15;A9VE560100;Ground  Plate;;C;1;1;
C5070;Paper Feed Section (Tray 2);73;16;A50U564500;Paper feed  Coupling;;B;1;1;
C5070;Paper Feed Section (Tray 2);73;17;56AA40520;EARTH SPRING;;C;1;1;
C5070;Paper Feed Section (Tray 2);73;18;56AA77720E;Paper Feed Reverse Gear /1 16/22T;;C;1;1;
C5070;Paper Feed Section (Tray 2);73;19;A50U562400;Input  Shaft;;D;1;1;
C5070;Paper Feed Section (Tray 2);73;20;AEEHM20000;Conveyance   Clutch 30T;;B;1;1;
C5070;Paper Feed Section (Tray 2);73;21;65AA40010;Regulating Plate;;D;1;1;
C5070;Paper Feed Section (Tray 2);73;22;A00J663200;Bushing;;B;2;1;
C5070;Paper Feed Section (Tray 2);73;23;A03U812800;Slide Shaft Holder;;B;1;5;
C5070;Paper Feed Section (Tray 2);73;24;A50U560902;Drive Side plate /1;;D;1;1;
C5070;Paper Feed Section (Tray 2);73;25;A50U561200;Drive  Side plate  /Assy;;D;1;1;
C5070;Paper Feed Section (Tray 2);73;26;AEEH946500;ID Label;;D;1;5;
C5070;Paper Feed Section (Tray 2);73;27;56AA40171;PAPER FEED DETECTING ACTUATOR;;C;1;1;
C5070;Paper Feed Section (Tray 2);74;1;25SA40960;DOUBLE FEED PREVENTION RUBBER;;A;1;10;
C5070;Paper Feed Section (Tray 2);74;2;26NA42061;BY PASS FEED CONVEYING GEAR 21T;;B;1;1;
C5070;Paper Feed Section (Tray 2);74;3;26NA42560;By-Pass Idler Roller;;C;2;1;
C5070;Paper Feed Section (Tray 2);74;4;55VA79030;Paper Feed Reversal Gear /C 14T;;B;2;10;
C5070;Paper Feed Section (Tray 2);74;5;56AA17510;Pin /B;;C;1;1;
C5070;Paper Feed Section (Tray 2);74;6;56AA40010E;Paper feed Main body;;C;1;1;
C5070;Paper Feed Section (Tray 2);74;7;56AA40360;Reverse Roller;;C;1;1;
C5070;Paper Feed Section (Tray 2);74;8;56AA40430;SPRING MOUNTING PLATE  1;;D;1;5;
C5070;Paper Feed Section (Tray 2);74;9;56AA40440;SPRING MOUNTING PLATE  2;;D;1;5;
C5070;Paper Feed Section (Tray 2);74;10;56AA40481;PAPERFEEDPRESSINGSPRING;;C;1;1;
C5070;Paper Feed Section (Tray 2);74;11;56AA40530;ENTRANCE GUIDE PART;;D;1;1;
C5070;Paper Feed Section (Tray 2);74;12;56AA40540;ENTRANCE GUIDE SHEET;;C;1;5;
C5070;Paper Feed Section (Tray 2);74;13;56QA40080;Multi-feed Preventing Plate;;C;1;1;
C5070;Paper Feed Section (Tray 2);74;14;56QA40250;MULTI FEED SUPPORT SHAFT;;D;1;1;
C5070;Paper Feed Section (Tray 2);74;15;56QA40270;MULTI FEED REVERSE SHAFT;;D;1;1;
C5070;Paper Feed Section (Tray 2);74;16;56QA40550;MULTI FEED ADJUSTMENT PLATE;;D;1;5;
C5070;Paper Feed Section (Tray 2);74;17;57AA40420;MULTI FEED PREVENTING SPRING;;C;1;5;
C5070;Paper Feed Section (Tray 2);74;18;A00J663200;Bushing;;B;5;1;
C5070;Paper Feed Section (Tray 2);74;19;A03U850101;Slide Bushing;;C;4;5;
C5070;Paper Feed Section (Tray 2);74;20;A03X565611;Torque Limiter  /A;;B;1;1;
C5070;Paper Feed Section (Tray 2);74;21;A1DUR71K00;Paper Feed Driven Shaft Assy;;D;1;1;
C5070;Paper Feed Section (Tray 2);74;22;A1RF620301;Stopper  Collar;;D;1;1;
C5070;Paper Feed Section (Tray 2);74;23;56AA77730;PAPER FEED REVERSING GEAR 2 33T;;C;1;1;
C5070;Paper Feed Section (Tray 2);74;24;56AA17760;COLLAR;;C;1;1;
C5070;Paper Feed Section (Tray 2);74;25;56AA40500;SHAFT HOLDER EARTH PLATE;;C;1;1;
C5070;Paper Feed Driving Section;75;1;12QV40650;Spacer;;B;2;1;
C5070;Paper Feed Driving Section;75;2;40AA32320;Toner Supply Spacer;;C;6;10;
C5070;Paper Feed Driving Section;75;3;A00V240600;Ball Bearing;;B;10;1;
C5070;Paper Feed Driving Section;75;4;A7PUM11100;brushless Motor /30;;C;2;1;
C5070;Paper Feed Driving Section;75;5;A50U252100;Paper feed  Gear  /1 46T;;C;3;1;
C5070;Paper Feed Driving Section;75;6;A50U252300;Paper feed  Gear  /3 45T;;C;2;1;
C5070;Paper Feed Driving Section;75;7;A50U252400;Paper feed  Gear  /4 74T;;C;2;1;
C5070;Paper Feed Driving Section;75;8;A50U252500;Paper feed  Gear  /5 47/60T;;C;2;1;
C5070;Paper Feed Driving Section;75;9;A50U252600;Paper feed  Gear  /6 29T;;C;2;1;
C5070;Paper Feed Driving Section;75;10;A50U252700;Paper feed  Gear  /2 35/41T;;C;2;1;
C5070;Paper Feed Driving Section;75;11;A50U252800;Stopper  Roll;;D;1;5;
C5070;Paper Feed Driving Section;75;12;AC57R71000;Paper Feed Drive ASSY;;S;1;1;
C5070;Tray Driving Section;76;1;65AA47360;CASSETTE LOCKING SHAFT;;D;2;1;
C5070;Tray Driving Section;76;2;65AA47370;FULCRUM PLATE;;D;2;1;
C5070;Tray Driving Section;76;3;65AA47390;GUIDE SPRING;;C;2;1;
C5070;Tray Driving Section;76;4;65AA47710;LOCKING PLATE;;D;2;1;
C5070;Tray Driving Section;76;5;65AA47970;SPACER;;C;2;1;
C5070;Tray Driving Section;76;6;A2X0M12101;Brush motor;;B;2;1;
C5070;Tray Driving Section;76;7;A1DU622200;Mounting  Screw;;D;6;1;
C5070;Tray Driving Section;76;8;A50U109300;Support  Shaft;;D;2;1;
C5070;Tray Driving Section;76;9;A50U112901;Mounting  Tray;;D;3;1;
C5070;Tray Driving Section;76;10;A50U629100;Mounting  Plate;;D;2;1;
C5070;Tray Driving Section;76;11;A9VE625800;Roll;;C;2;1;
C5070;Tray Driving Section;76;12;A50UN15101;ADU  Relay harness  /2;;D;1;1;
C5070;Drum Driving Section;77;1;A50UF21100;Drum Drive Fly Wheel / Y M C;;D;3;1;
C5070;Drum Driving Section;77;2;A50UR70Q00;Drum Drive Fly Wheel / K;;D;1;1;
C5070;Drum Driving Section;77;3;A85CR70C22;Drum Drive Assy;;S;1;1;
C5070;Drum Driving Section;78;1;4470402401;Stopper;;D;2;5;
C5070;Drum Driving Section;78;2;12QV40650;Spacer;;B;2;1;
C5070;Drum Driving Section;78;3;65AA15210;Coupling Pin;;D;1;5;
C5070;Drum Driving Section;78;4;A03U259600;Idling Gear 46/132T;;C;1;1;
C5070;Drum Driving Section;78;5;A03U259900;DRIVE GEAR 92T;;C;1;1;
C5070;Drum Driving Section;78;6;A1RF214100;Set  Washer  /1;;D;3;5;
C5070;Drum Driving Section;78;7;A50U210600;Pressing Spring;;D;1;5;
C5070;Drum Driving Section;78;8;A85CM55600;Photo   Sensor;;I;2;1;
C5070;Drum Driving Section;78;9;A50U212600;Ball Bearing /15;;C;2;1;
C5070;Drum Driving Section;78;10;A85CM10200;DC   Brushless motor   /20;;C;1;1;
C5070;Drum Driving Section;78;11;A50UR71K00;Encoder / YMC;;D;1;1;
C5070;Drum Driving Section;78;12;A50UR72X01;Drum Ground Assy;;D;1;1;
C5070;Drum Driving Section;78;13;A85CN19000;Drive   Wiring   /1;;D;1;1;
C5070;Drum Driving Section;79;1;4470402401;Stopper;;D;2;5;
C5070;Drum Driving Section;79;2;12QV40650;Spacer;;B;2;1;
C5070;Drum Driving Section;79;3;65AA15210;Coupling Pin;;D;1;5;
C5070;Drum Driving Section;79;4;A03U259600;Idling Gear 46/132T;;C;1;1;
C5070;Drum Driving Section;79;5;A03U259900;DRIVE GEAR 92T;;C;1;1;
C5070;Drum Driving Section;79;6;A1RF214100;Set  Washer  /1;;D;3;5;
C5070;Drum Driving Section;79;7;A50U210600;Pressing Spring;;D;1;5;
C5070;Drum Driving Section;79;8;A85CM55600;Photo   Sensor;;I;2;1;
C5070;Drum Driving Section;79;9;A50U212600;Ball Bearing /15;;C;2;1;
C5070;Drum Driving Section;79;10;A85CM10200;DC   Brushless motor   /20;;C;1;1;
C5070;Drum Driving Section;79;11;A50UR71K00;Encoder / YMC;;D;1;1;
C5070;Drum Driving Section;79;12;A50UR72X01;Drum Ground Assy;;D;1;1;
C5070;Drum Driving Section;80;1;4470402401;Stopper;;D;2;5;
C5070;Drum Driving Section;80;2;12QV40650;Spacer;;B;2;1;
C5070;Drum Driving Section;80;3;65AA15210;Coupling Pin;;D;1;5;
C5070;Drum Driving Section;80;4;A03U259600;Idling Gear 46/132T;;C;1;1;
C5070;Drum Driving Section;80;5;A03U259900;DRIVE GEAR 92T;;C;1;1;
C5070;Drum Driving Section;80;6;A1RF214100;Set  Washer  /1;;D;3;5;
C5070;Drum Driving Section;80;7;A50U210600;Pressing Spring;;D;1;5;
C5070;Drum Driving Section;80;8;A85CM55600;Photo   Sensor;;I;2;1;
C5070;Drum Driving Section;80;9;A50U212600;Ball Bearing /15;;C;2;1;
C5070;Drum Driving Section;80;10;A85CM10200;DC   Brushless motor   /20;;C;1;1;
C5070;Drum Driving Section;80;11;A50UR71K00;Encoder / YMC;;D;1;1;
C5070;Drum Driving Section;80;12;A50UR72X01;Drum Ground Assy;;D;1;1;
C5070;Drum Driving Section;81;1;65AA-9091E;Sensor Board Assy;;B;2;1;
C5070;Drum Driving Section;81;2;12QV40650;Spacer;;B;2;1;
C5070;Drum Driving Section;81;3;65AA15210;Coupling Pin;;D;1;5;
C5070;Drum Driving Section;81;4;A03U259600;Idling Gear 46/132T;;C;1;1;
C5070;Drum Driving Section;81;5;A03U259900;DRIVE GEAR 92T;;C;1;1;
C5070;Drum Driving Section;81;6;A1RF214100;Set  Washer  /1;;D;3;5;
C5070;Drum Driving Section;81;7;A50U210600;Pressing Spring;;D;1;5;
C5070;Drum Driving Section;81;8;A85CN19100;Drive   Wiring   /K;;D;1;1;
C5070;Drum Driving Section;81;9;A50U212600;Ball Bearing /15;;C;2;1;
C5070;Drum Driving Section;81;10;A85CM10100;DC   Brushless motor;;C;1;1;
C5070;Drum Driving Section;81;11;A50UR71M00;Encoder / K;;D;1;1;
C5070;Drum Driving Section;81;12;A50UR72X01;Drum Ground Assy;;D;1;1;
C5070;Drum Driving Section;81;13;A85C213100;Drive  Frame  /3;;D;1;5;
C5070;Vertical Conveyance Section;82;1;AEEHR71800;Vertical Conveyance Assy;;S;1;1;
C5070;Vertical Conveyance Section;83;1;26NA42560;By-Pass Idler Roller;;C;2;1;
C5070;Vertical Conveyance Section;83;2;A03U850101;Slide Bushing;;C;4;5;
C5070;Vertical Conveyance Section;83;3;A1RF701700;Lock  Spring  /Front;;D;1;1;
C5070;Vertical Conveyance Section;83;4;A9VP701900;Slide  Shaft;;D;6;1;
C5070;Vertical Conveyance Section;83;5;A9VP702000;Receiving  Plate  /B;;D;3;5;
C5070;Vertical Conveyance Section;83;6;A9VP872700;Ball bearing /10;;D;12;1;
C5070;Vertical Conveyance Section;83;7;A50U705100;Idler  Shaft;;D;1;1;
C5070;Vertical Conveyance Section;83;8;A50U705200;Open/close  Shaft;;D;1;1;
C5070;Vertical Conveyance Section;83;9;A50U705701;Support  Plate  /3;;D;1;1;
C5070;Vertical Conveyance Section;83;10;A50U706000;Regulating  Plate  /Front;;D;2;5;
C5070;Vertical Conveyance Section;83;11;A50U706900;Detecting  Plate;;D;1;5;
C5070;Vertical Conveyance Section;83;12;A50U707600;Idler  Spring;;D;2;5;
C5070;Vertical Conveyance Section;83;13;A50UF70800;Support Plate / 1 Caulking;;D;2;1;
C5070;Vertical Conveyance Section;83;14;A50UF70900;Connecting Plate Caulking;;D;1;1;
C5070;Vertical Conveyance Section;83;15;AC57705300;Support  Plate  /ASSY;;D;1;1;
C5070;Vertical Conveyance Section;83;16;A55C712000;Lock  Claw;;D;2;1;
C5070;Vertical Conveyance Section;83;17;A9VE700200;Conveyance Handle;;D;1;1;
C5070;Vertical Conveyance Section;83;18;A9VE701300;Cover  Door;;D;1;1;
C5070;Vertical Conveyance Section;83;19;A9VP704802;Guide Plate /A;;D;1;1;
C5070;Vertical Conveyance Section;84;1;4470402401;Stopper;;D;2;5;
C5070;Vertical Conveyance Section;84;2;25AA77730;CONVEYANCE IDLER RIGHT 24T;;C;1;1;
C5070;Vertical Conveyance Section;84;3;55VA20680;SEPARATION POSITIONING SCREW;;C;2;1;
C5070;Vertical Conveyance Section;84;4;56AA40490;Shaft Stopper /4;;C;1;1;
C5070;Vertical Conveyance Section;84;5;AEEHM20000;Conveyance   Clutch 30T;;B;1;1;
C5070;Vertical Conveyance Section;84;6;65AA44200;LOCKING PLATE;;C;2;1;
C5070;Vertical Conveyance Section;84;7;65AA44350;Stopper Roller;;C;1;1;
C5070;Vertical Conveyance Section;84;8;65AA44440;OPEN SHUT SPRING;;C;1;1;
C5070;Vertical Conveyance Section;84;9;A03U812800;Slide Shaft Holder;;B;5;5;
C5070;Vertical Conveyance Section;84;10;A50U700200;Idling  Shaft;;D;1;1;
C5070;Vertical Conveyance Section;84;11;A50U700300;Guide  Plate  /Upper;;D;1;1;
C5070;Vertical Conveyance Section;84;12;A50U700400;Rotation  Plate;;D;1;5;
C5070;Vertical Conveyance Section;84;13;A50U700500;Guide  Plate  /Inside;;D;1;1;
C5070;Vertical Conveyance Section;84;14;A50U700600;Positioning  Spring;;D;1;5;
C5070;Vertical Conveyance Section;84;15;13QA10330;SHAFT SPACER;;C;1;1;
C5070;Vertical Conveyance Section;84;16;AEEH704400;Conveyance  Roller  /1;;C;1;1;
C5070;Vertical Conveyance Section;84;17;A50U704700;Guide  Plate  /Middle;;D;1;1;
C5070;Vertical Conveyance Section;84;18;A50U700901;Side plate  /1;;D;1;1;
C5070;Vertical Conveyance Section;84;19;A50U704900;Open/shut Plate;;D;1;1;
C5070;Vertical Conveyance Section;84;20;A50U705000;Mounting  Plate  /Rear;;D;1;1;
C5070;Vertical Conveyance Section;84;21;A50U705400;Fixing  Plate  /1;;D;1;1;
C5070;Vertical Conveyance Section;84;22;A50U705500;Detection Actuator;;D;1;1;
C5070;Vertical Conveyance Section;84;23;A50U705600;Support  Shaft;;D;1;1;
C5070;Vertical Conveyance Section;84;24;A50U706800;Cushion;;D;2;5;
C5070;Vertical Conveyance Section;84;25;A50U707003;Lock Plate;;D;1;5;
C5070;Vertical Conveyance Section;84;26;A9VP707300;Guide  Plate;;D;1;1;
C5070;Vertical Conveyance Section;84;27;A50U707400;Pressing  Spring  /1;;D;1;5;
C5070;Vertical Conveyance Section;84;28;A50UM51000;Photointerrupter;;C;1;1;
C5070;Vertical Conveyance Section;84;29;A50UN14400;Conveyance  Wiring  /1;;D;1;1;
C5070;Vertical Conveyance Section;84;30;A85CM55600;Photo   Sensor;;I;1;1;
C5070;Vertical Conveyance Section;84;31;A50U701114;Side plate /2;;D;1;1;
C5070;Duplex/Reverse Section;85;1;56AA40490;Shaft Stopper /4;;C;1;1;
C5070;Duplex/Reverse Section;85;2;A9VE943101;Release Label /1;;D;1;1;
C5070;Duplex/Reverse Section;85;3;A50U818700;Wiring  Guide  /Front;;D;1;1;
C5070;Duplex/Reverse Section;85;4;A50U818800;Wiring  Guide  /Middle;;D;1;1;
C5070;Duplex/Reverse Section;85;5;A50U818900;Wiring  Guide  /Rear;;D;1;1;
C5070;Duplex/Reverse Section;85;6;A50U819201;Support  Shaft  /Rear;;D;1;1;
C5070;Duplex/Reverse Section;85;7;A50U819302;Support  Plate  /Rear;;D;1;1;
C5070;Duplex/Reverse Section;85;8;A50U832901;Wiring  Cover;;D;8;1;
C5070;Duplex/Reverse Section;85;9;A50U835001;Torsion  Coil spring;;D;1;5;
C5070;Duplex/Reverse Section;85;10;A50U837012;Cover Part /1;;D;1;1;
C5070;Duplex/Reverse Section;85;11;A50U837101;Cover  Part  /2;;D;1;1;
C5070;Duplex/Reverse Section;85;12;A50U837300;Cover  Part  /3;;D;1;1;
C5070;Duplex/Reverse Section;85;13;A50U855702;Pulling  Lever;;D;1;1;
C5070;Duplex/Reverse Section;85;14;A50U858200;Cover  Cover;;D;1;1;
C5070;Duplex/Reverse Section;85;15;A50U858300;Ground  Spring  /2;;D;1;5;
C5070;Duplex/Reverse Section;85;16;A50U858400;Ground  Spring  /1;;D;1;5;
C5070;Duplex/Reverse Section;85;17;A50U858500;Support  Shaft  /Middle;;D;2;5;
C5070;Duplex/Reverse Section;85;18;AC57160400;Duplex Cover;;D;1;1;
C5070;Duplex/Reverse Section;85;19;A50UN15500;ADU  Relay harness  /3;;D;1;1;
C5070;Duplex/Reverse Section;85;20;A50UN18700;ADU  Relay harness  /6;;D;1;1;
C5070;Duplex/Reverse Section;85;21;A50UR72S00;Support Plate / Front Caulking;;D;1;1;
C5070;Duplex/Reverse Section;86;1;AC57884500;Compressing  Coil spring;;D;2;5;
C5070;Duplex/Reverse Section;86;2;26NA54230;Terminal Fixing Screw;;C;4;1;
C5070;Duplex/Reverse Section;86;3;56AA42690;By-Pass Spacer;;C;1;1;
C5070;Duplex/Reverse Section;86;4;A00J617900;Ball Bearing;;B;1;1;
C5070;Duplex/Reverse Section;86;5;AC57884400;Fusing  Screw  /Rear;;D;2;1;
C5070;Duplex/Reverse Section;86;6;A50U819500;Connecting  Plate;;D;1;5;
C5070;Duplex/Reverse Section;86;7;A50U839900;Connecting  Plate;;D;1;5;
C5070;Duplex/Reverse Section;86;8;A50U842900;Conveyance  Spring  /5;;D;1;5;
C5070;Duplex/Reverse Section;86;9;A50U882701;Reverse/Exit  Joint  /Rear;;D;1;5;
C5070;Duplex/Reverse Section;86;10;A50U882801;Reverse/Exit  Joint  /Front;;D;1;5;
C5070;Duplex/Reverse Section;87;1;55VA15541;CLEANER COUPLING PART;;C;1;1;
C5070;Duplex/Reverse Section;87;2;56AA17090;Pressing Spring;;C;1;1;
C5070;Duplex/Reverse Section;87;3;56AA42690;By-Pass Spacer;;C;11;1;
C5070;Duplex/Reverse Section;87;4;56GA76010;Slide Bearing /2;;C;1;1;
C5070;Duplex/Reverse Section;87;5;65AA77540;PAPER FEED GEAR 2 29T;;C;1;1;
C5070;Duplex/Reverse Section;87;6;A00V240600;Ball Bearing;;B;2;1;
C5070;Duplex/Reverse Section;87;7;A03U812800;Slide Shaft Holder;;B;6;5;
C5070;Duplex/Reverse Section;87;8;A03U815700;Torque Limiter;;B;1;1;
C5070;Duplex/Reverse Section;87;9;A03U839000;BRAKE GEAR /1 21T;;C;1;5;
C5070;Duplex/Reverse Section;87;10;A1DUR73K00;Powering Block A Assy;;C;1;1;
C5070;Duplex/Reverse Section;87;11;A50U810502;Mounting  Board  /1;;D;1;1;
C5070;Duplex/Reverse Section;87;12;A50U812100;Drive Input Shaft;;D;1;1;
C5070;Duplex/Reverse Section;87;13;A50U816103;Positioning  Side plate  /Right;;D;1;1;
C5070;Duplex/Reverse Section;87;14;A50U817400;Mounting  Side plate  /1;;D;1;1;
C5070;Duplex/Reverse Section;87;15;AC57818000;Drive Gear 29/29/38T;;C;2;1;
C5070;Duplex/Reverse Section;87;16;A50U835303;Mounting Board /2;;D;1;1;
C5070;Duplex/Reverse Section;87;17;A50U835400;Guide  Part  /Front;;D;1;1;
C5070;Duplex/Reverse Section;87;18;A50U835900;Support  Plate;;D;2;5;
C5070;Duplex/Reverse Section;87;19;A50U836000;Cover;;D;1;1;
C5070;Duplex/Reverse Section;87;20;A50U836400;Conveyance  Idler  /Right;;D;1;1;
C5070;Duplex/Reverse Section;87;21;A50U836500;Conveyance  Idler  /Right;;D;2;1;
C5070;Duplex/Reverse Section;87;22;A50U839200;Belt  /3 342L;;C;1;1;
C5070;Duplex/Reverse Section;87;23;A9VEN18801;ADU   Control harness   /2;;D;1;1;
C5070;Duplex/Reverse Section;87;24;A50U858600;Stopper  Plate;;D;2;5;
C5070;Duplex/Reverse Section;87;25;A50U880702;Packing  Board  /Front;;D;1;1;
C5070;Duplex/Reverse Section;87;26;A50U885100;Drive  Spacer;;D;1;5;
C5070;Duplex/Reverse Section;87;27;A50UF82200;Power Supply Block / B ASSY;;D;1;1;
C5070;Duplex/Reverse Section;87;28;A50UN17200;ADU  Drive harness  /7;;D;1;5;
C5070;Duplex/Reverse Section;87;29;A50UN25400;HV  Relay harness  /5;;D;1;1;
C5070;Duplex/Reverse Section;87;30;A50UN25600;HV  Relay harness  /6;;D;1;1;
C5070;Duplex/Reverse Section;87;31;A9VE818100;Drive Gear /1 39T;;C;1;1;
C5070;Duplex/Reverse Section;87;32;A9VE839100;Belt /4;;D;1;1;
C5070;Duplex/Reverse Section;87;33;AEEHH05001;Conveyance Drive Board ASSY;;I;1;1;
C5070;Duplex/Reverse Section;87;34;AEEHN15000;ADU   Drive Harness  /1;;D;1;1;
C5070;Duplex/Reverse Section;87;35;A9VEN15602;ADU Control harness /1;;D;1;1;
C5070;Duplex/Reverse Section;87;36;AC57M90100;Ferritecore;;D;1;1;
C5070;Duplex/Reverse Section;88;1;4470402401;Stopper;;D;2;5;
C5070;Duplex/Reverse Section;88;2;AAMPM11000;Fan Motor;;C;1;1;
C5070;Duplex/Reverse Section;88;3;A1TVM10100;Stepping motor  /50;;B;2;1;
C5070;Duplex/Reverse Section;88;4;A50U814401;Reinforce  Plate;;D;1;1;
C5070;Duplex/Reverse Section;88;5;A50U814500;Positioning  Plate  /Upper;;D;1;1;
C5070;Duplex/Reverse Section;88;6;A50U815101;Positioning  Plate  /Lower;;D;1;1;
C5070;Duplex/Reverse Section;88;7;A50U819812;Mounting  /A;;D;1;1;
C5070;Duplex/Reverse Section;88;8;A50U819900;Riverse/exit Gear /1 42T;;C;1;1;
C5070;Duplex/Reverse Section;88;9;A50U831300;Preventing  Gear  /1 57T;;C;1;1;
C5070;Duplex/Reverse Section;88;10;A50U836300;Cover;;D;1;5;
C5070;Duplex/Reverse Section;88;11;A50U837700;Wiring  Guide;;D;1;1;
C5070;Duplex/Reverse Section;88;12;A50U838500;Mounting  Handle  /Left;;D;2;5;
C5070;Duplex/Reverse Section;88;13;A50U838702;Reverse/Exit Plate /Left front;;D;1;1;
C5070;Duplex/Reverse Section;88;14;A50UN16000;ADU  Drive harness  /4;;D;1;1;
C5070;Duplex/Reverse Section;88;15;A50UN16900;ADU  Detection harness  /15;;D;1;1;
C5070;Duplex/Reverse Section;88;16;A85CM55600;Photo   Sensor;;I;2;1;
C5070;Duplex/Reverse Section;88;17;A9VEN16100;ADU   Drive harness   /11;;D;1;1;
C5070;Duplex/Reverse Section;88;18;A50U884203;Registration Base frame /2;;D;1;5;
C5070;Duplex/Reverse Section;88;19;A50UF83702;Registration Base Frame / 1 Caulking;;D;1;1;
C5070;Duplex/Reverse Section;88;20;A50U834802;Cover  Side plate  /Right rear;;D;1;1;
C5070;Duplex/Reverse Section;88;21;A50U858101;Cover  Box;;D;1;1;
C5070;Duplex/Reverse Section;89;1;4131353202;BUSHING;;C;4;1;
C5070;Duplex/Reverse Section;89;2;A9VE871800;Wiring  Guide  /2;;D;1;1;
C5070;Duplex/Reverse Section;89;3;13QA10330;SHAFT SPACER;;C;2;1;
C5070;Duplex/Reverse Section;89;4;40AA77550;Mirror Drive Gear /2 14/70T;;C;1;1;
C5070;Duplex/Reverse Section;89;5;A9VE521100;Pressing  Shaft  /1;;D;1;1;
C5070;Duplex/Reverse Section;89;6;56AA40490;Shaft Stopper /4;;C;1;1;
C5070;Duplex/Reverse Section;89;7;65AA45230;CAM PULLING SPRING;;C;1;1;
C5070;Duplex/Reverse Section;89;8;A00J617800;Ball Bearing;;A;2;1;
C5070;Duplex/Reverse Section;89;9;466076020;Paper Feed Feeding Bearing;;B;4;10;
C5070;Duplex/Reverse Section;89;10;A50U520601;Support  Shaft  /Front;;D;1;1;
C5070;Duplex/Reverse Section;89;11;A50U520700;Adjusting  Plate  /Front;;D;1;5;
C5070;Duplex/Reverse Section;89;12;A50U520900;Pressing  Cover;;D;2;5;
C5070;Duplex/Reverse Section;89;13;A9VE521200;Transfer  Collar  /1;;D;1;1;
C5070;Duplex/Reverse Section;89;14;AC57N22101;Drive Relay Harness /4;;D;1;1;
C5070;Duplex/Reverse Section;89;15;A50U521301;Support  Shaft  /Rear;;D;1;1;
C5070;Duplex/Reverse Section;89;16;A50U521500;Drive  Shaft;;D;1;1;
C5070;Duplex/Reverse Section;89;17;A50U521900;Pressure  Gear  /3 47T;;C;1;1;
C5070;Duplex/Reverse Section;89;18;A50U522001;Rotation  Arm;;D;2;1;
C5070;Duplex/Reverse Section;89;19;A50U522400;Holding  Plate;;D;1;5;
C5070;Duplex/Reverse Section;89;20;A50U522900;Rotation  Shaft;;D;1;1;
C5070;Duplex/Reverse Section;89;21;A50U523001;Release  Arm;;D;1;5;
C5070;Duplex/Reverse Section;89;22;A50U523100;Support  Shaft;;D;1;1;
C5070;Duplex/Reverse Section;89;23;A50U523200;Rotation  Cover;;D;1;5;
C5070;Duplex/Reverse Section;89;24;A50U523400;Torsion  Coil spring;;D;1;5;
C5070;Duplex/Reverse Section;89;25;A50U524100;Receiving  Shaft;;D;2;1;
C5070;Duplex/Reverse Section;89;26;A50U524500;Transfer  Actuator;;D;1;1;
C5070;Duplex/Reverse Section;89;27;A50U524600;Adjusting  Plate  /Rear;;D;1;5;
C5070;Duplex/Reverse Section;89;28;A50U524700;Support  Shaft;;D;3;5;
C5070;Duplex/Reverse Section;89;29;A50U716500;Ball Bearing;;C;2;1;
C5070;Duplex/Reverse Section;89;30;A9VE871700;Mounting  Plate  /5;;D;1;1;
C5070;Duplex/Reverse Section;89;31;A50U854400;Fixing  Shaft;;D;1;5;
C5070;Duplex/Reverse Section;89;32;A50U854800;Conveyance  Roll;;D;1;5;
C5070;Duplex/Reverse Section;89;33;A9VE871300;Support  Plate;;D;1;5;
C5070;Duplex/Reverse Section;89;34;A9VE871200;Wiring  Guide  /1;;D;1;1;
C5070;Duplex/Reverse Section;89;35;A50U884600;Support  Plate  /1;;D;1;1;
C5070;Duplex/Reverse Section;89;36;A50U884700;Support  Plate  /2;;D;1;1;
C5070;Duplex/Reverse Section;89;37;AEEHR71000;Drive Motor/1 ASSY;;C;1;1;
C5070;Duplex/Reverse Section;89;38;A9VE870900;Idling Gear 24T;;C;2;5;
C5070;Duplex/Reverse Section;89;39;A9VE522500;Transfer  Cam;;C;2;1;
C5070;Duplex/Reverse Section;89;40;A9VE526200;Pressing  Spring;;D;2;5;
C5070;Duplex/Reverse Section;89;41;AC57870700;Conveyance Roller;;C;1;1;
C5070;Duplex/Reverse Section;89;42;A9VE870800;Drive Gear /1 20T;;C;1;1;
C5070;Duplex/Reverse Section;89;43;AC4GM10100;HB   Stepping Motor  /40;;C;1;1;
C5070;Duplex/Reverse Section;89;44;AEEH871000;Input  Gear 17T;;C;1;1;
C5070;Duplex/Reverse Section;90;1;AAMPM50200;Photoreflector;;B;1;1;
C5070;Duplex/Reverse Section;90;2;A03U842700;Conveyance Spring /3;;C;6;5;
C5070;Duplex/Reverse Section;90;3;A03U845601;Idler Roller /2;;C;3;1;
C5070;Duplex/Reverse Section;90;4;A50U854800;Conveyance  Roll;;D;5;5;
C5070;Duplex/Reverse Section;90;5;A9VE870100;Guide  Plate;;D;1;1;
C5070;Duplex/Reverse Section;90;6;A9VE870211;Mounting Plate /4;;D;1;1;
C5070;Duplex/Reverse Section;90;7;A9VE870300;Mounting  Plate  /3;;D;1;1;
C5070;Duplex/Reverse Section;90;8;A9VE870411;Sensor Plate;;D;1;1;
C5070;Duplex/Reverse Section;90;9;A9VE870500;Idler  Plate;;D;3;1;
C5070;Duplex/Reverse Section;90;10;A9VE870600;Idler  Shaft;;D;3;1;
C5070;Duplex/Reverse Section;90;11;A9VE871900;Wiring  Cover;;D;1;1;
C5070;Duplex/Reverse Section;90;12;A9VEN16200;ADU   Detection harness   /16;;D;1;1;
C5070;Duplex/Reverse Section;90;13;4470402401;Stopper;;D;1;5;
C5070;Duplex/Reverse Section;91;1;462076010;Driving Slide Shaft Holder A;;C;3;1;
C5070;Duplex/Reverse Section;91;2;12QV40650;Spacer;;B;4;1;
C5070;Duplex/Reverse Section;91;3;25AA47500;Carriage Lock Claw /B;;C;1;1;
C5070;Duplex/Reverse Section;91;4;55VA42120;Shaft Stopper;;C;2;1;
C5070;Duplex/Reverse Section;91;5;56AA42690;By-Pass Spacer;;C;8;1;
C5070;Duplex/Reverse Section;91;6;56AA50670;Cam Stopper Spring;;C;1;1;
C5070;Duplex/Reverse Section;91;7;56AA50800;LEVER SUPPORT SHAFT HOLDER;;C;1;1;
C5070;Duplex/Reverse Section;91;8;56AA77530;Paper Feed Drive Belt /1 336L;;C;1;1;
C5070;Duplex/Reverse Section;91;9;AEEHM20000;Conveyance   Clutch 30T;;B;2;1;
C5070;Duplex/Reverse Section;91;10;A00J617900;Ball Bearing;;B;2;1;
C5070;Duplex/Reverse Section;91;11;A00V240600;Ball Bearing;;B;6;1;
C5070;Duplex/Reverse Section;91;12;A03U812800;Slide Shaft Holder;;B;5;5;
C5070;Duplex/Reverse Section;91;13;A03U838900;Brake Gear /2 24T;;C;1;5;
C5070;Duplex/Reverse Section;91;14;AC57M20211;Conveyance Clutch;;B;2;1;
C5070;Duplex/Reverse Section;91;15;A03X565001;Swing Spring;;C;1;5;
C5070;Duplex/Reverse Section;91;16;A1RG681400;Brake  Plate  /8;;D;1;5;
C5070;Duplex/Reverse Section;91;17;AEEH812200;ADU Conveying Roller /Right;;C;2;1;
C5070;Duplex/Reverse Section;91;18;A50U817300;Holding  Collar;;D;3;5;
C5070;Duplex/Reverse Section;91;19;A50U818501;Pulley /2;;D;4;5;
C5070;Duplex/Reverse Section;91;20;A50U830200;Positioning  Part  /Rear;;D;1;1;
C5070;Duplex/Reverse Section;91;21;A50U830300;Regulating  Part  /Rear;;D;1;1;
C5070;Duplex/Reverse Section;91;22;A50U830400;Hold  Plate  /Assy;;D;1;1;
C5070;Duplex/Reverse Section;91;23;A50U830501;Reinforce  Plate  /1;;D;1;1;
C5070;Duplex/Reverse Section;91;24;A50U830600;Lock  Plate;;D;1;1;
C5070;Duplex/Reverse Section;91;25;A50U830700;Support  Shaft;;D;1;1;
C5070;Duplex/Reverse Section;91;26;A50U830800;Lock  Bushing;;D;1;1;
C5070;Duplex/Reverse Section;91;27;A50U831000;Release  Cam;;D;1;1;
C5070;Duplex/Reverse Section;91;28;A50U831100;Release  Plate;;D;1;5;
C5070;Duplex/Reverse Section;91;29;A50U831200;Release  Shaft  /1;;D;1;5;
C5070;Duplex/Reverse Section;91;30;A50U831900;Pulling  Spring;;D;1;5;
C5070;Duplex/Reverse Section;91;31;A50U839200;Belt  /3 342L;;C;1;1;
C5070;Duplex/Reverse Section;91;32;AC57849100;Roller /1;;C;1;1;
C5070;Duplex/Reverse Section;91;33;AC57849200;Roller /2;;C;1;1;
C5070;Duplex/Reverse Section;91;34;AC57859000;Roller;;C;1;1;
C5070;Duplex/Reverse Section;91;35;AC57859400;Roller /3;;C;1;1;
C5070;Duplex/Reverse Section;91;36;A50UR72E00;Release Shaft Pin Assy;;D;1;1;
C5070;Duplex/Reverse Section;91;37;56AA40490;Shaft Stopper /4;;C;2;1;
C5070;Duplex/Reverse Section;92;1;4470402401;Stopper;;D;2;5;
C5070;Duplex/Reverse Section;92;2;56AA42690;By-Pass Spacer;;C;2;1;
C5070;Duplex/Reverse Section;92;3;65AA51730;ADU 2;;C;1;1;
C5070;Duplex/Reverse Section;92;4;65AA80112;HB Motor /50;;B;1;1;
C5070;Duplex/Reverse Section;92;5;A03U812800;Slide Shaft Holder;;B;2;5;
C5070;Duplex/Reverse Section;92;6;A9VE841300;Ball bearing;;C;2;1;
C5070;Duplex/Reverse Section;92;7;A50U713302;Swing  Side plate  /ASSY;;D;1;1;
C5070;Duplex/Reverse Section;92;8;A50U713403;Swing  Side plate  /2;;D;1;1;
C5070;Duplex/Reverse Section;92;9;A50U713500;Swing  Gear  /1 18/51T;;C;1;1;
C5070;Duplex/Reverse Section;92;10;A50U713700;Registration  Idler  /1;;B;1;1;
C5070;Duplex/Reverse Section;92;11;A50U713800;Registration  Gear  /1 56T;;C;1;1;
C5070;Duplex/Reverse Section;92;12;A50U713900;Registration  Gear  /2 48T;;C;1;1;
C5070;Duplex/Reverse Section;92;13;A50U714800;Pressure  Cam;;D;2;5;
C5070;Duplex/Reverse Section;92;14;A50U714900;Spacer;;D;2;5;
C5070;Duplex/Reverse Section;92;15;A50U715006;Mounting Lever /1;;D;1;1;
C5070;Duplex/Reverse Section;92;16;A50U715100;Pressure  Shaft  /2;;D;1;1;
C5070;Duplex/Reverse Section;92;17;A50U715200;Pressure  Actuator;;D;1;5;
C5070;Duplex/Reverse Section;92;18;A50U819700;Cover;;D;1;1;
C5070;Duplex/Reverse Section;92;19;A50U835601;Drive  Cover;;D;1;1;
C5070;Duplex/Reverse Section;92;20;A50U836100;Cover;;D;1;1;
C5070;Duplex/Reverse Section;92;21;A50U882300;Protection  Cover;;D;1;1;
C5070;Duplex/Reverse Section;92;22;A50U882600;Registration  ring  /Front;;D;1;5;
C5070;Duplex/Reverse Section;92;23;A50U883300;Idling  Shaft  /1;;D;1;1;
C5070;Duplex/Reverse Section;92;24;A50U883501;Protection  Plate;;D;1;1;
C5070;Duplex/Reverse Section;92;25;A50UF81401;Adjusting Plate Caulking;;D;1;1;
C5070;Duplex/Reverse Section;92;26;A50UN18203;ADU  Drive harness  /12;;D;1;1;
C5070;Duplex/Reverse Section;92;27;A50UN18900;ADU  Detection harness  /14;;D;1;1;
C5070;Duplex/Reverse Section;92;28;AC4GM10100;HB   Stepping Motor  /40;;C;1;1;
C5070;Duplex/Reverse Section;92;29;A50UR72G00;ADU Connecting Solenoid Pin Assy;;C;1;1;
C5070;Duplex/Reverse Section;92;30;AC57R73700;Stepping Motor / 3 Assy;;C;1;1;
C5070;Duplex/Reverse Section;92;31;A85CM55600;Photo   Sensor;;I;2;1;
C5070;Duplex/Reverse Section;92;32;A9VE819100;Regulating  Plate;;D;1;1;
C5070;Duplex/Reverse Section;92;33;A9VEN16500;ADU   Drive harness   /6;;D;1;1;
C5070;Duplex/Reverse Section;92;34;AC57N22000;Drive Relay Harness /3;;D;2;1;
C5070;Duplex/Reverse Section;92;35;AEEH816500;Drive  Gear  /1 25T;;C;1;1;
C5070;Duplex/Reverse Section;93;1;4109553001;Stopper;;C;2;1;
C5070;Duplex/Reverse Section;93;2;4131253701;BUSHING;;C;4;1;
C5070;Duplex/Reverse Section;93;3;4470402401;Stopper;;D;2;5;
C5070;Duplex/Reverse Section;93;4;AAMPM50200;Photoreflector;;B;2;1;
C5070;Duplex/Reverse Section;93;5;A9VE872000;Support  Screw  /A;;D;1;1;
C5070;Duplex/Reverse Section;93;6;A03U850101;Slide Bushing;;C;8;5;
C5070;Duplex/Reverse Section;93;7;A0P0144300;Shoulder screw;;D;2;5;
C5070;Duplex/Reverse Section;93;8;A50U712200;Idler  Roll  /1;;D;4;5;
C5070;Duplex/Reverse Section;93;9;A50U712301;Idler Shaft /1;;D;2;1;
C5070;Duplex/Reverse Section;93;10;A50U712400;Receiving  Shaft  /1;;D;4;5;
C5070;Duplex/Reverse Section;93;11;A50U714601;Lever;;D;2;1;
C5070;Duplex/Reverse Section;93;12;A50U715300;Pressure  Lever  /25;;D;2;5;
C5070;Duplex/Reverse Section;93;13;A50U715600;Support  Shaft  /2;;D;2;1;
C5070;Duplex/Reverse Section;93;14;A50U715800;Protection  Cover;;D;1;1;
C5070;Duplex/Reverse Section;93;15;A50U716500;Ball Bearing;;C;2;1;
C5070;Duplex/Reverse Section;93;16;A50U718401;Pressing Spring /Rear;;D;2;5;
C5070;Duplex/Reverse Section;93;17;A50U718501;Pressing Spring /Front;;D;2;5;
C5070;Duplex/Reverse Section;93;18;A50U816700;Light blocking  Plate  /1;;D;2;5;
C5070;Duplex/Reverse Section;93;19;A50U816801;Drive  Side plate  /1;;D;1;1;
C5070;Duplex/Reverse Section;93;20;A50U816900;Drive  Side plate  /2;;D;1;1;
C5070;Duplex/Reverse Section;93;21;A50U817603;Guide Plate;;D;1;1;
C5070;Duplex/Reverse Section;93;22;A50U817800;Guide  Plate  /Middle;;D;1;1;
C5070;Duplex/Reverse Section;93;23;A50U818201;Release  Shaft  /1;;D;1;1;
C5070;Duplex/Reverse Section;93;24;A50U818400;Guide  Plate  /Right;;D;1;1;
C5070;Duplex/Reverse Section;93;25;A50U818601;Release  Shaft  /2;;D;1;1;
C5070;Duplex/Reverse Section;93;26;A50U833400;Protection  Cover  /1;;D;1;1;
C5070;Duplex/Reverse Section;93;27;A50U833500;Protection  Cover  /2;;D;1;1;
C5070;Duplex/Reverse Section;93;28;A50U834500;Pressing Spring /Left;;D;1;5;
C5070;Duplex/Reverse Section;93;29;A50U834600;Pressing Spring /Right;;D;1;5;
C5070;Duplex/Reverse Section;93;30;A50U834700;Reinforce  Plate  /A;;D;2;5;
C5070;Duplex/Reverse Section;93;31;A50U836200;Plate  /23;;D;2;5;
C5070;Duplex/Reverse Section;93;32;A50U880800;Processing  Lever;;D;1;5;
C5070;Duplex/Reverse Section;93;33;A9VEN16200;ADU   Detection harness   /16;;D;1;1;
C5070;Duplex/Reverse Section;93;34;A50U881601;Processing  Guide  /1;;D;1;5;
C5070;Duplex/Reverse Section;93;35;A50U881700;Support  Screw  /A;;D;1;1;
C5070;Duplex/Reverse Section;93;36;A50U882100;Stopper  Plate;;D;2;5;
C5070;Duplex/Reverse Section;93;37;A50U883600;Guide  /1;;D;2;5;
C5070;Duplex/Reverse Section;93;38;A50U886300;Sheet;;D;2;5;
C5070;Duplex/Reverse Section;93;39;A85CM55500;Photo   Sensor;;C;2;1;
C5070;Duplex/Reverse Section;93;40;A9VE871602;Conveyance  Guide  /Lower;;D;1;1;
C5070;Duplex/Reverse Section;93;41;56AA17321;PIN A D2X12;;B;1;1;
C5070;Duplex/Reverse Section;93;42;A50U943201;Release  Label  /2;;D;1;5;
C5070;Duplex/Reverse Section;93;43;A50UN17900;ADU  Detection harness  /13;;D;1;1;
C5070;Duplex/Reverse Section;93;44;AEEHR70800;Drive Motor/1 ASSY;;C;2;1;
C5070;Duplex/Reverse Section;94;1;4131253701;BUSHING;;C;8;1;
C5070;Duplex/Reverse Section;94;2;56AA42690;By-Pass Spacer;;C;4;1;
C5070;Duplex/Reverse Section;94;3;A00J617900;Ball Bearing;;B;4;1;
C5070;Duplex/Reverse Section;94;4;A03U845301;Idler Roller /1;;C;3;1;
C5070;Duplex/Reverse Section;94;5;A1RF820000;Ball Bearing;;C;2;1;
C5070;Duplex/Reverse Section;94;6;A50U840303;Guide  Plate  /3;;D;1;1;
C5070;Duplex/Reverse Section;94;7;A50U840802;Guide  Plate  /2;;D;1;1;
C5070;Duplex/Reverse Section;94;8;A50U841402;Release  Plate  /10;;D;1;1;
C5070;Duplex/Reverse Section;94;9;A50U846102;Mounting  Plate  /5;;D;3;5;
C5070;Duplex/Reverse Section;94;10;A50U846304;Idler  Shaft  /F;;D;3;1;
C5070;Duplex/Reverse Section;94;11;A50U851400;Release  Plate  /Rear;;D;1;1;
C5070;Duplex/Reverse Section;94;12;A50U851500;Shaft;;D;2;1;
C5070;Duplex/Reverse Section;94;13;A50U851700;Release  Plate;;D;1;5;
C5070;Duplex/Reverse Section;94;14;A9VE851800;Reinforce  Block;;D;2;1;
C5070;Duplex/Reverse Section;94;15;A50U852000;Release  Shaft  /4;;D;1;1;
C5070;Duplex/Reverse Section;94;16;A50U852501;Cam;;D;1;1;
C5070;Duplex/Reverse Section;94;17;A50U852701;Release  Shaft  /3;;D;1;1;
C5070;Duplex/Reverse Section;94;18;A50U852904;Release  Plate  /4;;D;1;1;
C5070;Duplex/Reverse Section;94;19;A50U853001;Release  Plate  /5;;D;1;1;
C5070;Duplex/Reverse Section;94;20;A50U853200;Pressure  Actuator;;D;1;5;
C5070;Duplex/Reverse Section;94;21;A50U853700;Release  Plate  /7;;D;2;5;
C5070;Duplex/Reverse Section;94;22;A50U854200;Roller  Base frame  /2;;D;5;5;
C5070;Duplex/Reverse Section;94;23;A50U854302;Roller  Base frame  /1;;D;5;5;
C5070;Duplex/Reverse Section;94;24;A50U854400;Fixing  Shaft;;D;25;5;
C5070;Duplex/Reverse Section;94;25;A50U854800;Conveyance  Roll;;D;25;5;
C5070;Duplex/Reverse Section;94;26;A50U856201;Support  Plate;;D;1;5;
C5070;Duplex/Reverse Section;94;27;A50U859500;Pulley /2;;D;1;1;
C5070;Duplex/Reverse Section;94;28;A50U859800;Belt  /1 280L;;C;1;1;
C5070;Duplex/Reverse Section;94;29;A50U880103;Conveyance  Guide  /1;;D;1;1;
C5070;Duplex/Reverse Section;94;30;A50U881300;Torsion  Coil spring;;D;1;1;
C5070;Duplex/Reverse Section;94;31;A50U881400;Torsion  Coil spring;;D;1;1;
C5070;Duplex/Reverse Section;94;32;A50U886800;Regulating  Spacer;;D;1;5;
C5070;Duplex/Reverse Section;95;1;4470402401;Stopper;;D;2;5;
C5070;Duplex/Reverse Section;95;2;AC57N22000;Drive Relay Harness /3;;D;2;1;
C5070;Duplex/Reverse Section;95;3;56AA17490;Pin;;C;1;1;
C5070;Duplex/Reverse Section;95;4;A85CM55600;Photo   Sensor;;I;2;1;
C5070;Duplex/Reverse Section;95;5;56AA42690;By-Pass Spacer;;C;2;1;
C5070;Duplex/Reverse Section;95;6;A00J617900;Ball Bearing;;B;2;1;
C5070;Duplex/Reverse Section;95;7;A03U812800;Slide Shaft Holder;;B;2;5;
C5070;Duplex/Reverse Section;95;8;A1RF820000;Ball Bearing;;C;2;1;
C5070;Duplex/Reverse Section;95;9;A50U715400;Pressure  Side plate  /1;;D;1;1;
C5070;Duplex/Reverse Section;95;10;A50U816403;Hold  Stay  /Right;;D;1;1;
C5070;Duplex/Reverse Section;95;11;A50U836801;Tension  Pulley  /B;;D;1;1;
C5070;Duplex/Reverse Section;95;12;A50U850700;Release  Shaft  /2;;D;1;1;
C5070;Duplex/Reverse Section;95;13;A50U851500;Shaft;;D;2;1;
C5070;Duplex/Reverse Section;95;14;A9VE851800;Reinforce  Block;;D;2;1;
C5070;Duplex/Reverse Section;95;15;A50U851901;Mounting  Plate  /1;;D;1;1;
C5070;Duplex/Reverse Section;95;16;A50U852102;Mounting  Plate  /2;;D;1;1;
C5070;Duplex/Reverse Section;95;17;A50U852200;Release  Plate  /3;;D;1;1;
C5070;Duplex/Reverse Section;95;18;A50U852301;Mounting  Plate  /3;;D;1;1;
C5070;Duplex/Reverse Section;95;19;A50U852400;Release  Shaft  /1;;D;1;1;
C5070;Duplex/Reverse Section;95;20;A50U852501;Cam;;D;1;1;
C5070;Duplex/Reverse Section;95;21;A50U853100;Release  Plate  /6;;D;1;5;
C5070;Duplex/Reverse Section;95;22;A50U853200;Pressure  Actuator;;D;1;5;
C5070;Duplex/Reverse Section;95;23;A50U854600;Release  Gear  /1 24T;;C;1;1;
C5070;Duplex/Reverse Section;95;24;A50U858703;Mounting  Plate  /3;;D;1;1;
C5070;Duplex/Reverse Section;95;25;A50U882100;Stopper  Plate;;D;1;5;
C5070;Duplex/Reverse Section;95;26;A50U882900;Handle;;D;1;1;
C5070;Duplex/Reverse Section;95;27;A50U883001;Positioning  Side plate  /Rear;;D;1;1;
C5070;Duplex/Reverse Section;95;28;A50U883101;Positioning  Plate  /Rear;;D;1;5;
C5070;Duplex/Reverse Section;95;29;A50U883200;Positioning  Plate  /Front;;D;1;5;
C5070;Duplex/Reverse Section;95;30;A50U883400;Light blocking  Plate;;D;1;1;
C5070;Duplex/Reverse Section;95;31;A50U883600;Guide  /1;;D;1;5;
C5070;Duplex/Reverse Section;95;32;A50U883701;Protection  Cover  /1;;D;1;1;
C5070;Duplex/Reverse Section;95;33;A50U884000;Registration  Screw;;D;1;1;
C5070;Duplex/Reverse Section;95;34;A85CM55500;Photo   Sensor;;C;1;1;
C5070;Duplex/Reverse Section;95;35;A50U886700;Holding  Collar;;D;1;5;
C5070;Duplex/Reverse Section;95;36;A50U886900;Spacer;;D;2;5;
C5070;Duplex/Reverse Section;95;37;A50UN15900;ADU  Drive harness  /3;;D;1;1;
C5070;Duplex/Reverse Section;95;38;A50UN18100;ADU  Detection harness  /10;;D;1;1;
C5070;Duplex/Reverse Section;95;39;AC4GM10100;HB   Stepping Motor  /40;;C;1;1;
C5070;Duplex/Reverse Section;95;40;AC57R71800;Stepping Motor / 1 ASSY;;C;1;1;
C5070;Duplex/Reverse Section;95;41;AEEHR70800;Drive Motor/1 ASSY;;C;1;1;
C5070;Duplex/Reverse Section;95;42;A50U855800;Drive  Side plate  /2;;D;1;5;
C5070;Duplex/Reverse Section;95;43;AEEH946500;ID Label;;D;1;5;
C5070;Duplex/Reverse Section;95;44;AEEH854700;Release  Gear  /2 24T;;C;1;1;
C5070;Duplex/Reverse Section;96;1;1154467001;PROTECTION;;C;1;10;
C5070;Duplex/Reverse Section;96;2;4131253701;BUSHING;;C;2;1;
C5070;Duplex/Reverse Section;96;3;25AA50080;Wire Pulley;;C;2;1;
C5070;Duplex/Reverse Section;96;4;56AA40490;Shaft Stopper /4;;C;2;1;
C5070;Duplex/Reverse Section;96;5;65AA51510;ADU Open/Shut Shaft /3;;D;1;1;
C5070;Duplex/Reverse Section;96;6;A00J617800;Ball Bearing;;A;6;1;
C5070;Duplex/Reverse Section;96;7;A03U811600;ADU Positioning Plate /1;;D;1;5;
C5070;Duplex/Reverse Section;96;8;A03U811800;ADU Positioning Plate /2;;C;1;5;
C5070;Duplex/Reverse Section;96;9;A03U813601;ADU Open/shut Spring /Upper;;C;2;1;
C5070;Duplex/Reverse Section;96;10;A03U814100;Idler Shaft /Lower;;D;3;1;
C5070;Duplex/Reverse Section;96;11;A03U814200;Idler Roll;;C;3;1;
C5070;Duplex/Reverse Section;96;12;A03U814300;Conveyance Spring;;C;6;5;
C5070;Duplex/Reverse Section;96;13;A03U843500;Positioning Part;;D;1;1;
C5070;Duplex/Reverse Section;96;14;A03U849701;Wire /Right;;C;1;1;
C5070;Duplex/Reverse Section;96;15;A50U810302;Hold  Stay  /Left;;D;1;1;
C5070;Duplex/Reverse Section;96;16;A50U810400;Protection  Sheet;;D;1;1;
C5070;Duplex/Reverse Section;96;17;A50U815800;Guide Sheet /A;;D;1;5;
C5070;Duplex/Reverse Section;96;18;A50U831400;Open/close  Plate;;D;1;1;
C5070;Duplex/Reverse Section;96;19;A50U832600;Open/close  Shaft  /1;;D;1;1;
C5070;Duplex/Reverse Section;96;20;A50U832700;Open/close  Shaft  /2;;D;1;1;
C5070;Duplex/Reverse Section;96;21;A50U834200;Reverse/Exit  Stopper;;D;2;5;
C5070;Duplex/Reverse Section;96;22;A50U843900;Support Shaft /Right;;D;2;1;
C5070;Duplex/Reverse Section;96;23;A50U844100;Support Plate /B;;D;2;1;
C5070;Duplex/Reverse Section;96;24;14GE45470;Rotation Knob;;C;1;1;
C5070;Duplex/Reverse Section;96;25;A9VE944101;Release Label /11;;D;1;1;
C5070;Duplex/Reverse Section;97;1;466076020;Paper Feed Feeding Bearing;;B;2;10;
C5070;Duplex/Reverse Section;97;2;4131253701;BUSHING;;C;2;1;
C5070;Duplex/Reverse Section;97;3;4470402401;Stopper;;D;1;5;
C5070;Duplex/Reverse Section;97;4;AAMPM50200;Photoreflector;;B;1;1;
C5070;Duplex/Reverse Section;97;5;A03U844200;Mounting Plate /Left;;D;1;1;
C5070;Duplex/Reverse Section;97;6;A03U844300;Mounting Plate /Right;;D;1;5;
C5070;Duplex/Reverse Section;97;7;A03U844700;Lock Claw;;C;2;5;
C5070;Duplex/Reverse Section;97;8;A03U844802;Open/close Plate;;D;1;1;
C5070;Duplex/Reverse Section;97;9;A03U844901;Open/close Lever;;C;1;1;
C5070;Duplex/Reverse Section;97;10;A03UF84300;Mounting Plate /1 Caulking;;D;1;1;
C5070;Duplex/Reverse Section;97;11;A50U840400;Mounting  Plate;;D;1;1;
C5070;Duplex/Reverse Section;97;12;A50U841301;Guide  Plate  /G;;D;1;1;
C5070;Duplex/Reverse Section;97;13;A50U841700;Guide Plate /L;;D;1;1;
C5070;Duplex/Reverse Section;97;14;A50U841800;Guide Plate /M;;D;1;1;
C5070;Duplex/Reverse Section;97;15;A50U842900;Conveyance  Spring  /5;;D;4;5;
C5070;Duplex/Reverse Section;97;16;A50U843601;Support  Plate;;D;1;1;
C5070;Duplex/Reverse Section;97;17;A50U843801;Support  Plate  /Right rear;;D;1;1;
C5070;Duplex/Reverse Section;97;18;A50U844400;Lock Shaft;;D;1;1;
C5070;Duplex/Reverse Section;97;19;A50U844501;Open/close Spring /1;;D;1;1;
C5070;Duplex/Reverse Section;97;20;A50U844601;Open/close Spring /2;;D;1;1;
C5070;Duplex/Reverse Section;97;21;A50U846000;Idler  Shaft  /E;;D;1;1;
C5070;Duplex/Reverse Section;97;22;A50U850201;Mounting Plate /F;;D;1;5;
C5070;Duplex/Reverse Section;97;23;A50U853400;Pressure  Roller;;C;2;1;
C5070;Duplex/Reverse Section;97;24;A50U854100;Release  Plate  /8;;D;2;5;
C5070;Duplex/Reverse Section;97;25;A50U856501;Hold  Plate;;D;2;5;
C5070;Duplex/Reverse Section;97;26;A50U943902;Release Label /9;;D;1;5;
C5070;Duplex/Reverse Section;97;27;AEEH946500;ID Label;;D;1;5;
C5070;Duplex/Reverse Section;98;1;4470402401;Stopper;;D;2;5;
C5070;Duplex/Reverse Section;98;2;AAMPM50200;Photoreflector;;B;2;1;
C5070;Duplex/Reverse Section;98;3;56AA42690;By-Pass Spacer;;C;2;1;
C5070;Duplex/Reverse Section;98;4;AAMPM11000;Fan Motor;;C;1;1;
C5070;Duplex/Reverse Section;98;5;65AA80112;HB Motor /50;;B;1;1;
C5070;Duplex/Reverse Section;98;6;A00V240600;Ball Bearing;;B;2;1;
C5070;Duplex/Reverse Section;98;7;A03U842700;Conveyance Spring /3;;C;6;5;
C5070;Duplex/Reverse Section;98;8;A03U842800;Conveyance Spring /4;;C;4;5;
C5070;Duplex/Reverse Section;98;9;A03U845601;Idler Roller /2;;C;3;1;
C5070;Duplex/Reverse Section;98;10;A03U845700;Mounting Plate /4;;D;1;1;
C5070;Duplex/Reverse Section;98;11;A03U845902;Idler Roller /3;;C;2;1;
C5070;Duplex/Reverse Section;98;12;A03U859400;PULLEY /1 24T;;C;1;5;
C5070;Duplex/Reverse Section;98;13;A03U859500;PULLEY /2 24T;;C;1;5;
C5070;Duplex/Reverse Section;98;14;A1DUR73E00;Idler Shaft /C Assy;;D;3;1;
C5070;Duplex/Reverse Section;98;15;A1DUR73P00;Idler Shaft /D Assy;;D;1;1;
C5070;Duplex/Reverse Section;98;16;A50U841100;Guide  Plate  /E;;D;1;1;
C5070;Duplex/Reverse Section;98;17;A50U842000;Roller;;C;1;1;
C5070;Duplex/Reverse Section;98;18;A50U842301;Support Plate /1;;D;1;1;
C5070;Duplex/Reverse Section;98;19;A50U845400;Mounting Plate /3;;D;3;1;
C5070;Duplex/Reverse Section;98;20;A50U847200;Mounting Plate /A;;D;1;5;
C5070;Duplex/Reverse Section;98;21;A50U850201;Mounting Plate /F;;D;1;5;
C5070;Duplex/Reverse Section;98;22;A50U859900;Belt /2 177L;;C;1;1;
C5070;Duplex/Reverse Section;98;23;A50UF84800;Mounting Plate / 2 Caulking;;D;1;1;
C5070;Duplex/Reverse Section;98;24;AEEHN16300;ADU   Relay Harness  /1;;D;1;1;
C5070;Duplex/Reverse Section;98;25;A50UN16400;ADU  Drive harness  /5;;D;1;1;
C5070;Duplex/Reverse Section;99;1;A9VE849900;Conveyance Spring /2;;D;6;5;
C5070;Duplex/Reverse Section;99;2;A03U845100;Idler Shaft /B;;D;3;1;
C5070;Duplex/Reverse Section;99;3;A03U845301;Idler Roller /1;;C;3;1;
C5070;Duplex/Reverse Section;99;4;A03U848100;Open/close Spring /4;;C;1;5;
C5070;Duplex/Reverse Section;99;5;A1RF847400;Collar /1;;D;6;1;
C5070;Duplex/Reverse Section;99;6;A50U840715;Guide  Plate  /A;;D;1;1;
C5070;Duplex/Reverse Section;99;7;A50U841501;Guide  Plate  /J;;D;1;1;
C5070;Duplex/Reverse Section;99;8;A50U841600;Guide  Plate  /K;;D;1;1;
C5070;Duplex/Reverse Section;99;9;A50U841901;Guide  Plate  /F;;D;1;1;
C5070;Duplex/Reverse Section;99;10;A50U844800;Fixing  Shaft;;D;8;1;
C5070;Duplex/Reverse Section;99;11;A50U848000;Open/close Spring /3;;D;1;5;
C5070;Duplex/Reverse Section;99;12;A50U848302;Reinforce Plate /B;;D;1;1;
C5070;Duplex/Reverse Section;99;13;A50U854800;Conveyance  Roll;;D;8;5;
C5070;Duplex/Reverse Section;99;14;A50U855601;Reinforce  Plate;;D;1;1;
C5070;Duplex/Reverse Section;99;15;A50U880201;Conveyance  Guide  /2;;D;1;5;
C5070;Duplex/Reverse Section;99;16;A50U944001;Release  Label  /10;;D;1;5;
C5070;Duplex/Reverse Section;99;17;A85C877211;Ground Part /2;;D;2;5;
C5070;Duplex/Reverse Section;99;18;A9VEF84100;Support Plate / C Caulking;;D;1;1;
C5070;Duplex/Reverse Section;99;19;A9VE841000;Cushion;;D;2;1;
C5070;Duplex/Reverse Section;100;1;AC57M15300;Cooling Fan;;C;2;1;
C5070;Duplex/Reverse Section;100;2;AC4GM10100;HB   Stepping Motor  /40;;C;1;1;
C5070;Duplex/Reverse Section;100;3;A1RF820000;Ball Bearing;;C;2;1;
C5070;Duplex/Reverse Section;100;4;AC57800100;Support Plate;;D;1;1;
C5070;Duplex/Reverse Section;100;5;A50U802100;Positioning  Shaft  /B;;D;2;1;
C5070;Duplex/Reverse Section;100;6;A50U802700;Heat blocking  Part  /B;;D;8;1;
C5070;Duplex/Reverse Section;100;7;A50U802801;Handle;;D;1;1;
C5070;Duplex/Reverse Section;100;8;A50U802900;Spacer;;D;2;1;
C5070;Duplex/Reverse Section;100;9;A50U803101;Guide  Pin  /Front;;D;1;1;
C5070;Duplex/Reverse Section;100;10;A50U803300;Fusing  Rail  /A;;D;1;1;
C5070;Duplex/Reverse Section;100;11;A50U803400;Positioning  Shaft  /1;;D;1;1;
C5070;Duplex/Reverse Section;100;12;A50U803500;Positioning  Plate  /Front;;D;1;1;
C5070;Duplex/Reverse Section;100;13;A50U803600;Holding  Plate;;D;1;5;
C5070;Duplex/Reverse Section;100;14;A50U803700;Ground  Plate;;D;1;5;
C5070;Duplex/Reverse Section;100;15;A50U803800;Guide  Part;;D;1;1;
C5070;Duplex/Reverse Section;100;16;A50U804701;Wiring  Cover;;D;1;1;
C5070;Duplex/Reverse Section;100;17;AEEH806000;Swing  Gear  /M 16T;;C;1;1;
C5070;Duplex/Reverse Section;100;18;A50UN17700;ADU  Drive harness  /9;;D;1;1;
C5070;Duplex/Reverse Section;100;19;AEEHR71200;Power Supply Guide Assy;;D;1;1;
C5070;Duplex/Reverse Section;100;20;AC57N22000;Drive Relay Harness /3;;D;1;1;
C5070;Duplex/Reverse Section;100;21;AEEH946500;ID Label;;D;1;5;
C5070;Duplex/Reverse Section;100;22;AEEHR71400;Fusing Swing Assy;;D;1;1;
C5070;Duplex/Reverse Section;101;1;4470402401;Stopper;;D;1;5;
C5070;Duplex/Reverse Section;101;2;4131353202;BUSHING;;C;4;1;
C5070;Duplex/Reverse Section;101;3;A0TK341200;Ball Bearing /Front;;C;3;1;
C5070;Duplex/Reverse Section;101;4;A1RJ825100;Drive  Gear  /4 34T;;C;1;1;
C5070;Duplex/Reverse Section;101;5;A1RJ825800;Drive  Gear  /5 14T;;C;1;1;
C5070;Duplex/Reverse Section;101;6;AC57805500;Spacer /12;;D;3;5;
C5070;Duplex/Reverse Section;101;7;A50U800400;Drive  Gear  /3 14/25T;;C;1;1;
C5070;Duplex/Reverse Section;101;8;A50U800700;Drive  Gear  /6 14/25T;;C;3;1;
C5070;Duplex/Reverse Section;101;9;A50U800800;Drive  Gear  /7 29T;;C;1;1;
C5070;Duplex/Reverse Section;101;10;AEEH801400;Drive  Shaft;;D;2;1;
C5070;Duplex/Reverse Section;101;11;A50U801500;Swing  Cam;;D;1;5;
C5070;Duplex/Reverse Section;101;12;A50U801602;Fixing  Plate  /ASSY;;D;1;1;
C5070;Duplex/Reverse Section;101;13;A50U802002;Positioning  Shaft  /A;;D;4;1;
C5070;Duplex/Reverse Section;101;14;A50U802211;Plate;;D;1;5;
C5070;Duplex/Reverse Section;101;15;A50U804001;Fusing  Rail  /B;;D;4;5;
C5070;Duplex/Reverse Section;101;16;A50U804200;Fusing  Roll;;D;4;1;
C5070;Duplex/Reverse Section;101;17;A50U805300;Mounting  Plate  /1;;D;1;1;
C5070;Duplex/Reverse Section;101;18;AEEHF80500;Swing Frame Caulking;;D;1;1;
C5070;Duplex/Reverse Section;101;19;AEEHN17101;ADU   Detection Harness  /7;;D;1;1;
C5070;Duplex/Reverse Section;101;20;A50UR72R00;Swing Rail Caulking;;D;4;1;
C5070;Duplex/Reverse Section;101;21;A85CM55600;Photo   Sensor;;I;1;1;
C5070;Duplex/Reverse Section;101;22;AEEHR72300;Swing Drive Assy;;C;1;1;
C5070;Duplex/Reverse Section;102;1;192141710;PAPER LIFT UP LEVER BUSHING;;B;2;10;
C5070;Duplex/Reverse Section;102;2;4470402401;Stopper;;D;1;5;
C5070;Duplex/Reverse Section;102;3;A50U628200;Shoulder Screw;;D;1;5;
C5070;Duplex/Reverse Section;102;4;14GE45470;Rotation Knob;;C;1;1;
C5070;Duplex/Reverse Section;102;5;56AA17551;PIN A;;C;1;10;
C5070;Duplex/Reverse Section;102;6;56AA42690;By-Pass Spacer;;C;2;1;
C5070;Duplex/Reverse Section;102;7;65AA42370;SLIDE PART 1;;D;1;1;
C5070;Duplex/Reverse Section;102;8;A00J617900;Ball Bearing;;B;1;1;
C5070;Duplex/Reverse Section;102;9;A9VE867900;Open/close  Spring;;D;1;1;
C5070;Duplex/Reverse Section;102;10;A50U642300;Mounting  Screw;;D;1;5;
C5070;Duplex/Reverse Section;102;11;A50U817300;Holding  Collar;;D;1;5;
C5070;Duplex/Reverse Section;102;12;A50U819600;Reverse/Exit  Gear  /2 50T;;C;1;1;
C5070;Duplex/Reverse Section;102;13;A50U834304;Cover  Part  /2;;D;1;1;
C5070;Duplex/Reverse Section;102;14;A50U838800;Drive  Idler  /1;;D;1;1;
C5070;Duplex/Reverse Section;102;15;A9VE866201;Insulating  Sheet  /1;;D;1;1;
C5070;Duplex/Reverse Section;102;16;A85CM55500;Photo   Sensor;;C;1;1;
C5070;Duplex/Reverse Section;102;17;A50U861006;Swing  Part;;D;1;1;
C5070;Duplex/Reverse Section;102;18;AEEHR72100;ADU Solenoid Pin Assy;;C;1;1;
C5070;Duplex/Reverse Section;102;19;A50U943802;Release Label /8;;D;1;5;
C5070;Duplex/Reverse Section;102;20;A50U865703;Swing  Arm;;D;1;1;
C5070;Duplex/Reverse Section;102;21;A50U865902;Support  Plate;;D;1;1;
C5070;Duplex/Reverse Section;102;22;A50U866400;Positioning  Plate  /2;;D;1;1;
C5070;Duplex/Reverse Section;102;23;A50U866912;Drive Cover /1;;D;1;1;
C5070;Duplex/Reverse Section;102;24;A50U867200;Belt  /A 324L;;C;1;1;
C5070;Duplex/Reverse Section;102;25;A50U867312;Fixing  Plate  /1;;D;1;1;
C5070;Duplex/Reverse Section;102;26;A50U867400;Positioning  Part;;D;1;1;
C5070;Duplex/Reverse Section;102;27;A50U869501;Cover;;D;1;1;
C5070;Duplex/Reverse Section;102;28;A50U867600;Reverse/Exit  Gear  /1 20T;;C;1;1;
C5070;Duplex/Reverse Section;102;29;A50U867802;Positioning  Plate  /1;;D;1;5;
C5070;Duplex/Reverse Section;102;30;AEEHR71500;Reverse/Exit;;D;;1;
C5070;Duplex/Reverse Section;103;1;4470402401;Stopper;;D;1;5;
C5070;Duplex/Reverse Section;103;2;40AA32320;Toner Supply Spacer;;C;1;10;
C5070;Duplex/Reverse Section;103;3;40AA46261;Lock Claw /F;;B;2;1;
C5070;Duplex/Reverse Section;103;4;40AA77550;Mirror Drive Gear /2 14/70T;;C;1;1;
C5070;Duplex/Reverse Section;103;5;56AA17321;PIN A D2X12;;B;1;1;
C5070;Duplex/Reverse Section;103;6;56AA17551;PIN A;;C;1;10;
C5070;Duplex/Reverse Section;103;7;65AA49410;Paper Exit Handle;;C;1;1;
C5070;Duplex/Reverse Section;103;8;A00J617800;Ball Bearing;;A;4;1;
C5070;Duplex/Reverse Section;103;9;A1RF863800;Collar;;D;1;1;
C5070;Duplex/Reverse Section;103;10;A1RJ818800;Drive  Gear  /8 29T;;C;1;1;
C5070;Duplex/Reverse Section;103;11;A50U860203;Guide Plate /B;;D;1;1;
C5070;Duplex/Reverse Section;103;12;A50U860600;Riverse/exit Shaft;;D;1;1;
C5070;Duplex/Reverse Section;103;13;A50U861100;Guide  Plate  /4;;D;1;1;
C5070;Duplex/Reverse Section;103;14;A50U861601;Positioning  Cam;;D;2;5;
C5070;Duplex/Reverse Section;103;15;A50U864200;Reverse/Exit  Spring  /Rear;;D;1;5;
C5070;Duplex/Reverse Section;103;16;A50U864300;Reverse/Exit  Spring  /Front;;D;1;5;
C5070;Duplex/Reverse Section;103;17;A50U865101;Pressing  Shaft;;D;1;1;
C5070;Duplex/Reverse Section;103;18;A50U865401;Positioning;;D;1;1;
C5070;Duplex/Reverse Section;103;19;A50U865601;Lock  Shaft  /A;;D;1;1;
C5070;Duplex/Reverse Section;103;20;A50U867100;Reverse/Exit  Gear  /A 20T;;C;1;1;
C5070;Duplex/Reverse Section;103;21;A50U867700;Fixing  Plate  /2;;D;1;1;
C5070;Duplex/Reverse Section;103;22;A50U868000;Reinforce  Plate  /A;;D;1;1;
C5070;Duplex/Reverse Section;103;23;A50U868401;Open/close  Spring  /1;;D;1;5;
C5070;Duplex/Reverse Section;103;24;A50U868702;Spring  /1;;D;1;5;
C5070;Duplex/Reverse Section;103;25;A50U869300;Mounting  Stay;;D;1;5;
C5070;Duplex/Reverse Section;103;26;A50U869601;Arm  /1;;D;1;1;
C5070;Duplex/Reverse Section;103;27;A50U869700;Fixing  Collar  /1;;D;1;1;
C5070;Duplex/Reverse Section;103;28;A50U869800;Ground  Plate  /1;;D;1;1;
C5070;Duplex/Reverse Section;103;29;A50U943602;Release Label /6;;D;1;5;
C5070;Duplex/Reverse Section;103;30;A50UN17601;ADU  Drive harness  /8;;D;1;1;
C5070;Duplex/Reverse Section;103;31;A50UN18401;ADU  Detection harness  /12;;D;1;1;
C5070;Duplex/Reverse Section;103;32;AEEHR70900;Drive Motor/1 ASSY;;C;1;1;
C5070;Duplex/Reverse Section;103;33;A85CM55600;Photo   Sensor;;I;1;1;
C5070;Duplex/Reverse Section;103;34;13QA40610;Gear Spacer;;C;5;1;
C5070;Duplex/Reverse Section;103;35;A1RF820000;Ball Bearing;;C;2;1;
C5070;Duplex/Reverse Section;103;36;AC57860500;Decurler Roller;;A;1;1;
C5070;Duplex/Reverse Section;103;37;AC57861800;Reverse/Exit Roller /Lower;;C;1;1;
C5070;Duplex/Reverse Section;103;38;A50U865300;Holding  Plate;;D;1;1;
C5070;Duplex/Reverse Section;103;39;A50U867500;Fixing  Plate  /1;;D;1;1;
C5070;Duplex/Reverse Section;103;40;A50U869400;Collar;;D;1;5;
C5070;Duplex/Reverse Section;103;41;A00J617900;Ball Bearing;;B;4;1;
C5070;Duplex/Reverse Section;103;42;AEEH860700;Receiving  Pedestal;;D;1;1;
C5070;Duplex/Reverse Section;104;1;AE94M50100;Photoreflector;;C;1;1;
C5070;Duplex/Reverse Section;104;2;A03U845601;Idler Roller /2;;C;3;1;
C5070;Duplex/Reverse Section;104;3;A50U861901;Fixing Plate;;D;1;5;
C5070;Duplex/Reverse Section;104;4;A50U862600;Reinforce  Plate  /3;;D;1;1;
C5070;Duplex/Reverse Section;104;5;A50U863000;Slide  Seal;;D;1;5;
C5070;Duplex/Reverse Section;104;6;A50U865011;Paper exit Guide Plate /5;;D;1;1;
C5070;Duplex/Reverse Section;104;7;A50U865200;Positioning  Plate  /1;;D;2;5;
C5070;Duplex/Reverse Section;104;8;A50U868200;Guide  Sheet  /1;;D;11;5;
C5070;Duplex/Reverse Section;104;9;A50U868301;Guide  Sheet  /2;;D;8;5;
C5070;Duplex/Reverse Section;104;10;A50U868500;Idler  Shaft;;D;3;1;
C5070;Duplex/Reverse Section;104;11;A50U868600;Support  Plate;;D;3;5;
C5070;Duplex/Reverse Section;104;12;A50U869100;Separating  Guide  /1;;D;1;5;
C5070;Duplex/Reverse Section;104;13;A50UN17504;ADU Detection harness /8;;D;1;1;
C5070;Duplex/Reverse Section;104;14;A85C877111;Ground Part /1;;D;4;5;
C5070;Duplex/Reverse Section;104;15;A50U860105;Guide Plate /A;;D;1;1;
C5070;Duplex/Reverse Section;105;1;4131353202;BUSHING;;C;2;1;
C5070;Duplex/Reverse Section;105;2;12QV40650;Spacer;;B;2;1;
C5070;Duplex/Reverse Section;105;3;14GE45470;Rotation Knob;;C;1;1;
C5070;Duplex/Reverse Section;105;4;A50U882401;Registration  Side plate  /Front;;D;1;1;
C5070;Duplex/Reverse Section;105;5;A50U943402;Release Label /4;;D;1;5;
C5070;Duplex/Reverse Section;105;6;A03U812800;Slide Shaft Holder;;B;1;5;
C5070;Duplex/Reverse Section;105;7;A50U717901;Adjusting  Jig  /ASSY;;D;1;1;
C5070;Duplex/Reverse Section;105;8;A50U711101;Holding  Plate  /1;;D;1;5;
C5070;Duplex/Reverse Section;105;9;A50U711400;Swing  Spring;;D;1;5;
C5070;Duplex/Reverse Section;105;10;A50U713000;Roll  /1;;D;1;1;
C5070;Duplex/Reverse Section;105;11;A50U713200;Light blocking  Rack;;D;1;1;
C5070;Duplex/Reverse Section;105;12;A50U713600;Swing  Gear  /2 104T;;C;1;1;
C5070;Duplex/Reverse Section;105;13;A50U715600;Support  Shaft  /2;;D;1;1;
C5070;Duplex/Reverse Section;105;14;A50U716500;Ball Bearing;;C;1;1;
C5070;Duplex/Reverse Section;105;15;AEEH715300;Pressure  Lever  /25;;D;1;1;
C5070;Duplex/Reverse Section;105;16;AEEHR71900;Registration Assy;;S;1;1;
C5070;Duplex/Reverse Section;106;1;4131253701;BUSHING;;C;4;1;
C5070;Duplex/Reverse Section;106;2;56AA17321;PIN A D2X12;;B;1;1;
C5070;Duplex/Reverse Section;106;3;56AA40490;Shaft Stopper /4;;C;2;1;
C5070;Duplex/Reverse Section;106;4;A03U812800;Slide Shaft Holder;;B;2;5;
C5070;Duplex/Reverse Section;106;5;A03U850101;Slide Bushing;;C;4;5;
C5070;Duplex/Reverse Section;106;6;A50U710300;Idler  Roller;;D;1;1;
C5070;Duplex/Reverse Section;106;7;A50U710901;Pressure  Lever  /1;;D;1;1;
C5070;Duplex/Reverse Section;106;8;A50U711001;Pressure  Lever  /2;;D;1;1;
C5070;Duplex/Reverse Section;106;9;A50U711200;Holding  Plate  /2;;D;2;5;
C5070;Duplex/Reverse Section;106;10;A50U711300;Pressure  Spring;;D;2;5;
C5070;Duplex/Reverse Section;106;11;A50U711604;Open/close Holder;;D;1;1;
C5070;Duplex/Reverse Section;106;12;A50U712200;Idler  Roll  /1;;D;2;5;
C5070;Duplex/Reverse Section;106;13;AEEH712300;Idler  Shaft  /1;;D;1;1;
C5070;Duplex/Reverse Section;106;14;AEEH712400;Receiving  Shaft  /1;;D;2;1;
C5070;Duplex/Reverse Section;106;15;A50U712700;Pressure  Shaft  /1;;D;1;1;
C5070;Duplex/Reverse Section;106;16;A50U713100;Roll  /2;;D;1;1;
C5070;Duplex/Reverse Section;106;17;AEEH714201;Cover  Guide  /ASSY;;D;1;1;
C5070;Duplex/Reverse Section;106;18;AEEH714500;Release  Shaft;;D;1;1;
C5070;Duplex/Reverse Section;106;19;A50U714601;Lever;;D;1;1;
C5070;Duplex/Reverse Section;106;20;AEEH714601;Support  Plate;;D;1;1;
C5070;Duplex/Reverse Section;106;21;AEEHR70600;Cleaning Stay ASSY;;A;1;1;
C5070;Duplex/Reverse Section;106;22;A50U943301;Release  Label  /3;;D;1;5;
C5070;Duplex/Reverse Section;106;23;A50U716301;Pressing  Block;;D;2;5;
C5070;Duplex/Reverse Section;106;24;A50U716400;Compressing  Coil spring;;D;2;5;
C5070;Duplex/Reverse Section;106;25;A9VE715700;Pulling  Plate  /1;;D;2;1;
C5070;Duplex/Reverse Section;106;26;AEEH718600;Pressing  Spring  /W;;D;2;1;
C5070;Duplex/Reverse Section;106;27;A0H0911500;Fixing Part /6;;C;4;5;
C5070;Duplex/Reverse Section;106;28;4658351602;Bushing;;C;3;1;
C5070;Duplex/Reverse Section;106;29;13QA10330;SHAFT SPACER;;C;4;1;
C5070;Duplex/Reverse Section;106;30;12QV40650;Spacer;;B;2;1;
C5070;Duplex/Reverse Section;106;31;15AG57620;Fixing Part;;C;2;5;
C5070;Duplex/Reverse Section;107;1;AE94M50100;Photoreflector;;C;2;1;
C5070;Duplex/Reverse Section;107;2;AEEH949100;Operation  Label;;D;1;5;
C5070;Duplex/Reverse Section;107;3;A50U108400;Thermal insulation  Seal;;D;1;5;
C5070;Duplex/Reverse Section;107;4;A9VEM55100;Compensating   Sensor;;C;1;1;
C5070;Duplex/Reverse Section;107;5;190040922E;Fixing Screw;;C;1;1;
C5070;Duplex/Reverse Section;107;6;AEEH715901;Sensor  Cover  /2;;D;1;1;
C5070;Duplex/Reverse Section;107;7;AEEH717100;Sensor  Stopper  /1;;D;1;1;
C5070;Duplex/Reverse Section;107;8;A50U717200;Stopper  /2;;D;1;5;
C5070;Duplex/Reverse Section;107;9;AC57716701;Sensor Plate /1;;D;1;1;
C5070;Duplex/Reverse Section;107;10;A50U718302;Plate /2;;D;1;1;
C5070;Duplex/Reverse Section;107;11;A50U719300;Protection  Sheet;;D;1;5;
C5070;Duplex/Reverse Section;107;12;A50U719401;Protection Sheet /2;;D;1;1;
C5070;Duplex/Reverse Section;107;13;AC57N16600;ADU Detection Harness /3;;D;1;1;
C5070;Duplex/Reverse Section;107;14;A50UN16700;ADU  Detection harness  /4;;D;1;1;
C5070;Duplex/Reverse Section;107;15;AC57N16801;ADU Detection Harness /5;;D;1;1;
C5070;Duplex/Reverse Section;107;16;AEEH716000;Torsion  Coil spring /Rear;;D;1;5;
C5070;Duplex/Reverse Section;107;17;AEEH716100;Torsion  Coil spring /Front;;D;1;5;
C5070;Duplex/Reverse Section;108;1;A50U719800;Drive  Side plate;;D;1;1;
C5070;Duplex/Reverse Section;108;2;A03X622000;Detecting Cover;;C;1;5;
C5070;Duplex/Reverse Section;108;3;A0VDM50500;Thermistor  /1;;I;1;1;
C5070;Duplex/Reverse Section;108;4;65AA80112;HB Motor /50;;B;1;1;
C5070;Duplex/Reverse Section;108;5;A00V240600;Ball Bearing;;B;2;1;
C5070;Duplex/Reverse Section;108;6;A03U812800;Slide Shaft Holder;;B;2;5;
C5070;Duplex/Reverse Section;108;7;AC57710100;Registration Roller;;A;1;1;
C5070;Duplex/Reverse Section;108;8;A50U711101;Holding  Plate  /1;;D;2;5;
C5070;Duplex/Reverse Section;108;9;AEEH719200;Roller;;C;1;1;
C5070;Duplex/Reverse Section;108;10;A50U714300;Drive  Gear  /1 28T;;C;1;1;
C5070;Duplex/Reverse Section;108;11;A50U714400;Conveyance  Gear  /1 40T;;C;1;1;
C5070;Duplex/Reverse Section;108;12;A50U715900;Wiring  Cover  /1;;D;1;1;
C5070;Duplex/Reverse Section;108;13;A50UN15800;ADU  Drive harness  /2;;D;1;1;
C5070;Duplex/Reverse Section;108;14;A50U712001;Mounting Stay /Lower;;D;1;1;
C5070;Paper Exit/Charge Control Section;109;1;A85C896501;Connecting  Plate  /1;;D;2;1;
C5070;Paper Exit/Charge Control Section;109;2;A85C896601;Connecting  Plate  /3;;D;2;1;
C5070;Paper Exit/Charge Control Section;109;3;A85C898701;Connecting  Plate  /2;;D;2;1;
C5070;Paper Exit/Charge Control Section;109;4;A85C898801;Connecting  Plate  /4;;D;2;1;
C5070;Paper Exit/Charge Control Section;109;5;AEEHR72900;Main Body Paper Exit Unit Assy;;D;1;1;
C5070;Paper Exit Section;110;1;65LA48530;DUCT SEAL 1;;D;2;5;
C5070;Paper Exit Section;110;2;A93EM11000;Fan Motor;;C;2;1;
C5070;Paper Exit Section;110;3;A00J211200;Ball Bearing;;C;2;1;
C5070;Paper Exit Section;110;4;A03U892300;Sheet;;C;1;5;
C5070;Paper Exit Section;110;5;A03U892400;Seal;;C;1;5;
C5070;Paper Exit Section;110;6;A03U909900;Paper exit Gear /1 22/44T;;C;1;1;
C5070;Paper Exit Section;110;7;A043909901;PAPER EXIT GEAR /6 23T;;B;1;1;
C5070;Paper Exit Section;110;8;A1TVM10100;Stepping motor  /50;;B;1;1;
C5070;Paper Exit Section;110;9;A50U890500;Reinforce Plate /Left;;D;1;1;
C5070;Paper Exit Section;110;10;A50U891001;Guide  Plate  /Left;;D;1;1;
C5070;Paper Exit Section;110;11;A50U891201;Paper exit  Plate;;D;1;1;
C5070;Paper Exit Section;110;12;A50U892201;Cooling Duct /2;;D;1;1;
C5070;Paper Exit Section;110;13;A50U892502;Paper exit  Duct;;D;1;1;
C5070;Paper Exit Section;110;14;A50U893300;Guide  Cover  /1;;D;1;1;
C5070;Paper Exit Section;110;15;A50U895000;Wiring  Sheet;;D;1;5;
C5070;Paper Exit Section;110;16;A50U895101;Positioning  Part;;D;1;5;
C5070;Paper Exit Section;110;17;AC57M15300;Cooling Fan;;C;1;1;
C5070;Paper Exit Section;110;18;A50UN15301;Drive harness  /2;;D;1;1;
C5070;Paper Exit Section;110;19;A8AK106101;Paper Exit  Guide /Upper;;C;1;1;
C5070;Paper Exit Section;110;20;A8AK106200;Drive  Shaft;;D;1;1;
C5070;Paper Exit Section;110;21;A8AK106300;Drive  Gear  /B 20T;;C;1;1;
C5070;Paper Exit Section;110;22;A8AK106400;Drive  Gear  /C 21T;;C;1;1;
C5070;Paper Exit Section;110;23;A8AK106800;Idling  Shaft;;D;1;1;
C5070;Paper Exit Section;110;24;A8AK107200;Thermal insulation  Sheet  /4;;D;1;1;
C5070;Paper Exit Section;110;25;A8AK162701;Paper exit  Guide  /Lower;;D;1;1;
C5070;Paper Exit Section;110;26;AC57897000;Drive  Plate  /D;;D;1;1;
C5070;Paper Exit Section;110;27;AEEH946500;ID Label;;D;1;5;
C5070;Paper Exit Section;111;1;4470402401;Stopper;;D;2;5;
C5070;Paper Exit Section;111;2;13QA40610;Gear Spacer;;C;4;1;
C5070;Paper Exit Section;111;3;13QA10330;SHAFT SPACER;;C;1;1;
C5070;Paper Exit Section;111;4;65AA48360;Paper Holding Part /1;;C;9;1;
C5070;Paper Exit Section;111;5;65AA48460;PAPER HOLDING PART 2;;C;18;1;
C5070;Paper Exit Section;111;6;A00J617800;Ball Bearing;;A;6;1;
C5070;Paper Exit Section;111;7;A03TM50000;Photoreflector;;I;1;1;
C5070;Paper Exit Section;111;8;A03U892701;Positioning Cam;;C;2;5;
C5070;Paper Exit Section;111;9;A03U893000;Slide Plate;;C;1;1;
C5070;Paper Exit Section;111;10;A03U893101;Spacer /Rear;;C;1;5;
C5070;Paper Exit Section;111;11;A03U893200;Stopper Spring;;C;1;5;
C5070;Paper Exit Section;111;12;A03U893502;Regulating Cam;;C;1;1;
C5070;Paper Exit Section;111;13;A03U909502;PAPER EXIT GEAR /5 40T;;C;1;1;
C5070;Paper Exit Section;111;14;A1RF517300;bearing;;C;2;1;
C5070;Paper Exit Section;111;15;A50U890102;Fixing Shaft /2;;D;1;1;
C5070;Paper Exit Section;111;16;A50U890201;Fixing Shaft /6;;D;1;1;
C5070;Paper Exit Section;111;17;A50U890300;Fixing Shaft /1;;D;1;1;
C5070;Paper Exit Section;111;18;A50U890600;Regulating Shaft;;D;1;1;
C5070;Paper Exit Section;111;19;A50U890700;Paper exit  Shaft;;D;1;1;
C5070;Paper Exit Section;111;20;AC57890800;Paper Exit Decurler Roller;;A;1;1;
C5070;Paper Exit Section;111;21;A50U891302;Paper exit  Plate  /Front;;D;1;1;
C5070;Paper Exit Section;111;22;A50U891500;Support Side plate /Front;;D;1;5;
C5070;Paper Exit Section;111;23;A50U891600;Support Side plate /Rear;;D;1;1;
C5070;Paper Exit Section;111;24;A50U891900;Fixing Shaft /5;;D;1;1;
C5070;Paper Exit Section;111;25;A50U892001;Paper exit  Plate  /Rear;;D;1;1;
C5070;Paper Exit Section;111;26;A50U892101;Idling  Gear  /1 68T;;C;1;1;
C5070;Paper Exit Section;111;27;A50U893201;Adjusting  Plate  /1;;D;1;1;
C5070;Paper Exit Section;111;28;A50U894000;Plate /Rear;;D;1;5;
C5070;Paper Exit Section;111;29;A50U899700;Paper exit Gear /3 23T;;B;1;1;
C5070;Paper Exit Section;111;30;A50U899801;Paper exit Gear /2 29T;;C;1;1;
C5070;Paper Exit Section;111;31;A85C895500;Positioning Roll;;D;1;1;
C5070;Paper Exit Section;111;32;A85CM55500;Photo   Sensor;;C;1;1;
C5070;Paper Exit Section;111;33;A9VE890400;Guide Plate /Upper;;D;1;1;
C5070;Paper Exit Section;111;34;A9VE890900;Guide  Plate  /Lower;;D;1;1;
C5070;Paper Exit Section;111;35;A9VE892800;Support  Plate  /A;;D;1;1;
C5070;Paper Exit Section;111;36;A9VEN15200;Drive   Wiring   /3;;D;1;1;
C5070;Charge Control Section;112;1;A5AWM15101;Cooling Fan;;B;2;1;
C5070;Charge Control Section;112;2;A65U186600;Cover  Part  /2;;D;1;1;
C5070;Charge Control Section;112;3;A85CN21600;Relay   Wiring   /6;;D;1;1;
C5070;Charge Control Section;112;4;A9VP906400;Cover  /Middle;;C;1;1;
C5070;Charge Control Section;113;1;4470402401;Stopper;;D;1;5;
C5070;Charge Control Section;113;2;65AAR72700;Powering Block /1 Assy;;C;1;1;
C5070;Charge Control Section;113;3;A50UM51000;Photointerrupter;;C;1;1;
C5070;Charge Control Section;113;4;A85C897400;Sensor  Actuator  /1;;D;1;1;
C5070;Charge Control Section;113;5;A85C897900;Sensor  Cover  /1;;D;1;1;
C5070;Charge Control Section;113;6;AC57M40900;HV   Board   /3;;C;1;1;
C5070;Charge Control Section;113;7;AC57N21301;Relay Harness /3;;D;1;1;
C5070;Charge Control Section;113;8;AC57N21400;HV Harness /20;;D;1;1;
C5070;Charge Control Section;113;9;A85CN21700;Relay   Wiring   /7;;D;1;1;
C5070;Charge Control Section;113;10;AC57898500;Protection Cover /1;;D;1;1;
C5070;Charge Control Section;113;11;A8AK101503;Stay  /Middle;;D;1;1;
C5070;Charge Control Section;113;12;A8AK101700;Protection  Plate  /1;;D;1;1;
C5070;Charge Control Section;113;13;A8AK107100;Protection  Cover  /2;;D;1;1;
C5070;Charge Control Section;113;14;A8AW106900;Drive  Cover;;D;1;1;
C5070;Charge Control Section;113;15;AC57891400;Cover /Rear;;D;1;1;
C5070;Charge Control Section;113;16;A8AW162500;Lock  Guide;;D;1;5;
C5070;Charge Control Section;113;17;A8AW162600;Thermal insulation  Sheet  /1;;D;1;1;
C5070;Charge Control Section;113;18;A8AW941002;Processing  Label;;C;1;1;
C5070;Charge Control Section;113;19;A85C898200;Sealing  Part  /2;;D;1;1;
C5070;Charge Control Section;113;20;AC57895600;Protection Cover /2;;D;1;1;
C5070;Charge Control Section;113;21;AC57891700;Thermal insulation Sheet /4;;D;1;1;
C5070;Charge Control Section;113;22;A85C898302;Cover /Middle;;D;1;1;
C5070;Charge Control Section;113;23;A85C898100;Sealing  Part  /1;;D;2;5;
C5070;Charge Control Section;114;1;12QV40650;Spacer;;B;1;1;
C5070;Charge Control Section;114;2;65AAR74600;Powering Block /A Assy;;C;1;1;
C5070;Charge Control Section;114;3;A00J617900;Ball Bearing;;B;2;1;
C5070;Charge Control Section;114;4;A0G6739300;Operation Bushing /Front;;C;2;1;
C5070;Charge Control Section;114;5;A1RF508900;Transfer Powering Bearing;;B;1;1;
C5070;Charge Control Section;114;6;A1RF509000;Power supply  Block  /C;;D;1;1;
C5070;Charge Control Section;114;7;A1RF820000;Ball Bearing;;C;1;1;
C5070;Charge Control Section;114;8;A5AW510400;Transfer Powering Plate /Front;;D;1;1;
C5070;Charge Control Section;114;9;A85C895300;Insulating  Collar  /Front;;D;1;1;
C5070;Charge Control Section;114;10;A85C895400;Insulating  Collar  /Rear;;D;1;1;
C5070;Charge Control Section;114;11;A85C895800;Cover  Guide;;D;1;1;
C5070;Charge Control Section;114;12;A85C895900;Conveyance  Guide  /1;;D;1;1;
C5070;Charge Control Section;114;13;A85C896301;Thermal insulation  Sheet  /1;;D;1;1;
C5070;Charge Control Section;114;14;A85C896400;Thermal insulation  Sheet  /3;;D;1;1;
C5070;Charge Control Section;114;15;A85C896800;Fixing  Plate;;D;1;1;
C5070;Charge Control Section;114;16;A85C896900;Support  Shaft;;D;1;1;
C5070;Charge Control Section;114;17;A85C897201;Charging Roller Bushing /Fr;;B;1;1;
C5070;Charge Control Section;114;18;A85C897300;High voltage Powering Block /C;;D;1;1;
C5070;Charge Control Section;114;19;A85C897700;Insulating  Duct  /Middle;;D;1;1;
C5070;Charge Control Section;114;20;A85C897800;Conveyance  Guide  /2;;D;1;1;
C5070;Charge Control Section;114;21;AC57899000;Charging Roller /Up;;A;1;1;
C5070;Charge Control Section;114;22;A85C899100;Neutralizing  Roller  /Lower;;D;1;1;
C5070;Charge Control Section;114;23;A8AK103200;Power supply  Spring;;C;2;5;
C5070;Charge Control Section;114;24;A8AK103502;Conveyance  Guide  /1;;D;1;1;
C5070;Charge Control Section;114;25;A8AK103601;Conveyance  Guide  /2;;D;1;1;
C5070;Charge Control Section;114;26;A8AK103702;Mounting  Plate  /Front;;D;1;1;
C5070;Charge Control Section;114;27;A8AK104100;Drive  Gear  20T;;C;1;1;
C5070;Charge Control Section;114;28;A8AK108001;Holding  Plate;;D;1;1;
C5070;Charge Control Section;114;29;A8AK108100;Guide Block;;D;1;5;
C5070;Charge Control Section;114;30;A8AK108200;Guide  Shaft;;D;1;5;
C5070;Charge Control Section;114;31;A8AK108302;Positioning  Shaft;;D;1;1;
C5070;Charge Control Section;114;32;A8AK108400;Lock  Handle;;C;1;1;
C5070;Charge Control Section;114;33;A8AK108500;Lock  Spring;;D;1;5;
C5070;Charge Control Section;114;34;A8AK941302;Processing Label /1;;C;1;5;
C5070;Charge Control Section;114;35;A8AKN10501;HV   Wiring   /2;;D;1;1;
C5070;Charge Control Section;114;36;A8AKR70511;Lower Roller Contact Assy;;C;1;1;
C5070;Charge Control Section;114;37;AC57896400;Neutralizing  Brush;;D;1;1;
C5070;Charge Control Section;114;38;A9VP893500;Guide Sheet;;D;4;5;
C5070;Rear Electrical Section;115;1;ACVXM40H00;Noise Filter;;D;1;1;
C5070;Rear Electrical Section;115;2;A00JM60300;Rocker switch;;C;1;1;
C5070;Rear Electrical Section;115;3;A07TM60100;Power source Relay;;C;2;1;
C5070;Rear Electrical Section;115;4;A4EUM60401;Breaker;C,B,G2;D;1;1;
C5070;Rear Electrical Section;115;5;A50U131503;Bottom plate;;D;1;1;
C5070;Rear Electrical Section;115;6;A50U131700;Mounting  Plate;;D;1;1;
C5070;Rear Electrical Section;115;7;A50U131800;Fixing  Plate  /D;;D;1;1;
C5070;Rear Electrical Section;115;8;A799M45300;Noise filter;C;D;1;1;
C5070;Rear Electrical Section;115;10;AC57134100;Mounting Plate /2;C;D;1;1;
C5070;Rear Electrical Section;115;11;AC57R73000;Power Code ASSY;C;D;1;1;
C5070;Rear Electrical Section;115;12;AC57133800;Protection  Plate;;D;1;1;
C5070;Rear Electrical Section;115;13;A79J136000;Mounting  Plate;B,G2,C;D;1;5;
C5070;Rear Electrical Section;115;14;AC57133900;Cushion;;D;2;5;
C5070;Rear Electrical Section;116;1;A50U131100;Hold  Casing  /2;;D;1;1;
C5070;Rear Electrical Section;116;2;A50U131200;Ground  Plate  /4;;D;1;1;
C5070;Rear Electrical Section;116;3;A50U131002;Casing  /1;;D;1;1;
C5070;Rear Electrical Section;116;4;A50U131400;Ground  Plate  /1;;D;1;5;
C5070;Rear Electrical Section;116;5;A50U131900;Ground  Plate  /2;;D;1;5;
C5070;Rear Electrical Section;116;6;A50U131300;Ground  Plate  /3;;D;1;1;
C5070;Rear Electrical Section;116;7;A50UM40112;HV Board /1;;D;1;1;
C5070;Rear Electrical Section;116;8;A50UM40201;HV  Board  /2;;D;1;1;
C5070;Rear Electrical Section;116;9;A50UN24400;HV  Wiring  /15;;D;1;1;
C5070;Rear Electrical Section;116;10;A50UN23200;HV  Wiring  /3;;D;1;1;
C5070;Rear Electrical Section;116;11;A50UN23300;HV  Wiring  /4;;D;1;1;
C5070;Rear Electrical Section;116;12;A50UN23400;HV  Wiring  /5;;D;1;1;
C5070;Rear Electrical Section;116;13;A50UN23500;HV  Wiring  /6;;D;1;1;
C5070;Rear Electrical Section;116;14;A50UN23600;HV  Wiring  /7;;D;1;1;
C5070;Rear Electrical Section;116;15;A50UN23700;HV  Wiring  /8;;D;1;1;
C5070;Rear Electrical Section;116;16;A50UN23800;HV  Wiring  /9;;D;1;1;
C5070;Rear Electrical Section;116;17;A50UN23900;HV  Wiring  /10;;D;1;1;
C5070;Rear Electrical Section;116;18;A50UN24100;HV  Wiring  /12;;D;1;1;
C5070;Rear Electrical Section;116;19;A50UN24200;HV  Wiring  /13;;D;1;1;
C5070;Rear Electrical Section;116;20;A50UN24300;HV  Wiring  /14;;D;2;1;
C5070;Rear Electrical Section;116;21;A50UN24600;HV  Wiring  /16;;D;1;1;
C5070;Rear Electrical Section;116;22;A50UN24800;HV  Wiring  /17;;D;1;1;
C5070;Rear Electrical Section;116;23;A50UN25000;HV  Wiring  /18;;D;1;1;
C5070;Rear Electrical Section;116;24;A50UN25200;HV  Wiring  /19;;D;1;1;
C5070;Rear Electrical Section;116;25;A50UN25300;HV  Wiring  /G;;D;1;1;
C5070;Rear Electrical Section;116;26;A50UN25500;HV  Wiring  /S;;D;1;1;
C5070;Rear Electrical Section;117;1;55VA32480;MAGNET CATCH;;C;4;1;
C5070;Rear Electrical Section;117;2;AEEHH03002;Printer Control Board ASSY;;I;1;1;
C5070;Rear Electrical Section;117;3;A50U104801;Connecting  Frame;;D;1;1;
C5070;Rear Electrical Section;117;4;A50U734100;Guide Screw;;D;4;1;
C5070;Rear Electrical Section;117;5;A50U737302;Fixing  Screw  /1;;D;4;1;
C5070;Rear Electrical Section;117;6;A50U737401;Mounting  Stay  /2;;D;1;1;
C5070;Rear Electrical Section;117;7;A50U737601;Guide  Part  /11;;D;1;1;
C5070;Rear Electrical Section;117;8;A50U737700;Guide  Part  /12;;D;1;1;
C5070;Rear Electrical Section;117;9;A50U749401;Mounting  Stay  /Rear;;D;1;1;
C5070;Rear Electrical Section;117;10;A50U749502;Mounting  Stay  /1;;D;1;1;
C5070;Rear Electrical Section;117;11;A50U749600;Idler  Sleeve  /1;;D;2;5;
C5070;Rear Electrical Section;117;12;A50U749700;Idler  Sleeve  /2;;D;1;5;
C5070;Rear Electrical Section;117;13;A50U749801;Positioning  Sleeve  /3;;D;1;1;
C5070;Rear Electrical Section;117;14;A50U753100;Pressing  Spring;;D;3;5;
C5070;Rear Electrical Section;117;15;AC57N11300;Fusing Relay Harness /D;;D;1;1;
C5070;Rear Electrical Section;117;16;A50U133102;Support Plate /B;;D;1;1;
C5070;Rear Electrical Section;117;17;A50UN12900;Toner  Relay harness  /1;;D;1;1;
C5070;Rear Electrical Section;117;18;AC58N17400;Drive   Relay Harness  /2;B,G2,C;D;1;1;
C5070;Rear Electrical Section;117;19;A9VE133000;Support Plate;;D;1;1;
C5070;Rear Electrical Section;117;20;57AA15600;Electric Mounting Screw;;C;2;1;
C5070;Rear Electrical Section;118;1;ADXGM10100;Fan Motor;;C;1;1;
C5070;Rear Electrical Section;118;2;AC57M46111;AC Drive Board /230V;B,G2,C;I;1;1;
C5070;Rear Electrical Section;118;3;AC57N11400;AC Harness /2;;D;1;1;
C5070;Rear Electrical Section;118;4;AC57N11600;Fusing Relay Harness /2;;D;1;1;
C5070;Rear Electrical Section;118;6;AC57V13015;Power Supply Assy (200-240V);B,G2,C;I;2;1;
C5070;Rear Electrical Section;118;7;A50U136700;Cover Part;;D;1;1;
C5070;Rear Electrical Section;118;8;A50U136800;Filter;;C;1;1;
C5070;Rear Electrical Section;118;9;AC57133700;Cushion;;D;1;1;
C5070;Rear Electrical Section;118;10;AC57133400;Cover;;D;1;5;
C5070;Rear Electrical Section;118;11;AC57132900;Duct;;D;1;1;
C5070;Rear Electrical Section;118;12;AC57132800;Fixing Plate /4;;D;1;1;
C5070;Rear Electrical Section;118;13;AC57132202;Cover;;D;1;1;
C5070;Rear Electrical Section;118;14;AC57132001;Mounting Plate;;D;1;1;
C5070;Rear Electrical Section;118;15;AC57120700;Mounting Plate;;D;1;1;
C5070;Rear Electrical Section;118;16;AAMPM11000;Fan Motor;;C;1;1;
C5070;Rear Electrical Section;118;17;AC57132500;Fixing Plate /1;;D;2;1;
C5070;Rear Electrical Section;118;18;A93EM11000;Fan Motor;;C;1;1;
C5070;Rear Electrical Section;118;19;AEEH946500;ID Label;;D;2;5;
C5070;Rear Electrical Section;119;1;4025228301;Screw;;D;2;1;
C5070;Rear Electrical Section;119;2;AC57N29200;Relay Harness /U;;D;1;1;
C5070;Rear Electrical Section;119;3;A50U133902;Wiring  Guide  /Right rear;;D;1;1;
C5070;Rear Electrical Section;119;4;A50U136303;Wiring  Guide  /2;;D;1;1;
C5070;Rear Electrical Section;119;5;AC57130400;Cover  /1;;D;1;1;
C5070;Rear Electrical Section;119;6;AC57134800;Cover Plate /1;;D;1;1;
C5070;Rear Electrical Section;119;7;AC57135800;Cover /1;;D;1;1;
C5070;Rear Electrical Section;119;8;AEEHH01001;Main Body Control Board ASSY;;I;1;1;
C5070;Rear Electrical Section;119;9;AC57N27400;Image Processing Relay Harness /1;;D;1;1;
C5070;Rear Electrical Section;119;10;AC57N28600;Image Processing Relay Harness /2;;D;1;1;
C5070;Rear Electrical Section;119;11;ADXGM10100;Fan Motor;;C;1;1;
C5070;Rear Electrical Section;119;12;AC57130500;Processing Cover;;D;1;1;
C5070;Rear Electrical Section;119;13;AC57134000;Fixing Plate;;D;1;1;
C5070;Rear Electrical Section;119;14;AC57108100;Power supply Panel /F;;D;1;5;
C5070;Rear Electrical Section;119;15;A50U133700;Wiring  Guide  /Rear;;D;1;1;
C5070;Rear Electrical Section;119;16;A50U133800;Wiring  Guide  /Left Rear;;D;1;1;
C5070;Rear Electrical Section;119;17;AEEH130600;Plate spring;;D;1;1;
C5070;Rear Electrical Section;119;18;AEEH130700;Protection  Sheet;;D;1;5;
C5070;Wiring;120;1;AEEHN10F00;AC   Harness  /F;C;D;1;1;
C5070;Wiring;121;1;AC57N10400;Main Body Harness /2;;D;1;1;
C5070;Wiring;121;2;AEEHN10200;Main Body  Harness  /1;;D;1;1;
C5070;Wiring;121;3;A79JM90A00;Ferritecore;;D;1;1;
C5070;Wiring;121;4;AC57M90100;Ferritecore;;D;1;1;
C5070;Wiring;122;1;AEEHN10300;DC   Power Source Harness  /1;;D;1;1;
C5070;Wiring;122;2;AEEHN12701;Main Body  Harness  /4;;D;1;1;
C5070;Wiring;123;1;AEEHN10501;Main Body  Harness  /3;;D;1;1;
C5070;Wiring;123;2;A85CN19900;Interface   Wiring   /1;;D;1;1;
C5070;Wiring;126;1;A50UPP0100;Setting Toner No.2;;S;1;1;
C5070;Wiring;126;2;A5AWP00100;Cleaning  Pad;;S;1;1;
C5070;Wiring;126;3;65AA-9920;Hydrowipe;;S;1;1;
C5070;Wiring;126;4;00GR00260;Grease(Multemp FF-RM);;S;1;1;
C5070;Wiring;126;5;00GR00020;Grease(Plas Guard No.1);;S;1;1;
C5070;Wiring;126;6;00GR00220;Grease(Molykote EM-30L Grease);;S;1;1;
C5070;Wiring;126;7;AE94PGJ000;HANARL KM-712;A,B(only USA),C;S;1;1;
C5070;Wiring;126;8;A1TUPGJ200;Aqua Conditioner (EN);B(only USA),C;S;1;9;
C5070;Wiring;126;9;A50UPJG300;Positioning Jig /C (Temperature Sensor);;S;1;1;
C5070;Wiring;126;10;A50UPJG100;Positioning Jig /A (TS1/2);;S;1;1;
C5070;Wiring;126;11;A50UPJG200;Positioning Jig /B (TS3);;S;1;1;
C5070;Wiring;126;12;9J06PJG100;DF reading chart;;S;1;1;
C5070;Wiring;126;13;A0H2RX0000;Trimmer Unit Support Board;;S;1;1;
C5070;Wiring;126;14;A4F4PJG100;Stapler  Jig;;S;1;1;
C5070;Wiring;126;15;A729PJG000;Stapler Jig Kit;;S;1;1;
C5070;Wiring;126;16;A1DUPJG100;Cleaning  Jig;;S;1;1;
C5070;Wiring;126;17;9J06PJP100;Color chart/A3 size;;S;1;1;
C5070;Wiring;126;18;9J06PJP200;Color chart/11x17size;;S;1;1;
C5070;Wiring;126;19;A79JPJP000;Test chart/A3 size;;S;1;1;
C5070;Wiring;126;20;A79JPJP100;Test chart/11x17 size;;S;1;1;
C5070;Wiring;126;21;120A97110;Adjustment chart/For DF;;S;1;1;
C5070;Wiring;126;22;65AA99500;Ajust Paper For Fixing Unit(16Sheets);;S;1;16;
C5070;Wiring;126;23;A782945003;Adjusting  Sheet;;S;1;1;
C5070;Wiring;126;24;AC0CR78422;Media sensor adjustment paper;;S;1;1;
C5070;Wiring;126;25;A8WC707100;Adjusting  Sheet;;S;1;5;
C5070;Wiring;126;26;00VC-2-00;Drum Cover;;S;4;1;
C5070;Wiring;127;4;AC57942200;Label  /B;;D;1;1;
C5070;Wiring;127;5;A00J169100;Cover;;D;2;5;
C5070;Wiring;127;6;AC57944100;Indicating  Label  /6;;D;1;1;
C5070;Wiring;127;7;A9VE169000;Cover;;D;1;1;
C5070;Wiring;127;8;A9CE955100;Heat blocking  Plate  /2;;D;1;1;
C5070;Wiring;127;9;A9CE955000;Heat blocking  Plate  /1;;D;1;1;
C5070;Wiring;127;11;A50U335600;Cleaning  Seal  /A;;D;8;5;
C5070;Wiring;127;13;A9VE168800;Click Cover;;D;7;5;
C5070;Wiring;128;1;AC57898000;Cover /Inside;;D;1;1;
C5070;Wiring;128;2;A9VE197100;Operation  Cover  /R;;D;1;1;
C5070;Wiring;128;3;A9VE168000;Duct;;D;1;1;
C5070;Wiring;128;5;A50U506500;Support  Shaft;;D;2;1;
C5070;Wiring;128;6;A50U502801;Hold  Guide;;D;1;1;
C5070;Wiring;128;7;A9VE194200;Operation  Cover  /A;;D;1;1;
C5070;Wiring;128;8;A9VE194300;Operation Cover /B;;D;1;1;
C5070;Wiring;128;9;A50U343600;Coupling  /D;;D;1;1;
C5070;Wiring;128;12;AC57896001;Cover /Upper;;D;1;1;
